Machine model: Mac16,8
OS version: 26A434
Boot arguments: 
Boot time: Mon Sep 28 19:16:28 2026



*** Sampled system activity (Tue Sep 29 16:59:19 2026 -0300) (512.66ms elapsed) ***


**** Processor usage ****

E-Cluster Online: 100%
E-Cluster HW active frequency: 1640 MHz
E-Cluster HW active residency:  23.82% (1020 MHz:  10% 1404 MHz: .85% 1788 MHz: 6.2% 2112 MHz: 1.2% 2352 MHz: .52% 2532 MHz: .44% 2592 MHz: 4.5%)
E-Cluster idle residency:  76.18%
E-Cluster down residency:   0.00%
CPU 0 frequency: 1608 MHz
CPU 0 active residency:  12.66% (1020 MHz: 5.5% 1404 MHz: .65% 1788 MHz: 3.1% 2112 MHz: .77% 2352 MHz: .44% 2532 MHz: .44% 2592 MHz: 1.7%)
CPU 0 idle residency:  87.34%
CPU 0 down residency:   0.00%
CPU 1 frequency: 1610 MHz
CPU 1 active residency:   7.39% (1020 MHz: 3.2% 1404 MHz: .25% 1788 MHz: 1.9% 2112 MHz: .39% 2352 MHz: .36% 2532 MHz: .28% 2592 MHz: .92%)
CPU 1 idle residency:  92.61%
CPU 1 down residency:   0.00%
CPU 2 frequency: 1704 MHz
CPU 2 active residency:   4.29% (1020 MHz: 1.6% 1404 MHz: .11% 1788 MHz: 1.1% 2112 MHz: .49% 2352 MHz: .37% 2532 MHz: .14% 2592 MHz: .50%)
CPU 2 idle residency:  95.71%
CPU 2 down residency:   0.00%
CPU 3 frequency: 2146 MHz
CPU 3 active residency:   4.08% (1020 MHz: .65% 1404 MHz: .11% 1788 MHz: .49% 2112 MHz: .44% 2352 MHz: .25% 2532 MHz: .11% 2592 MHz: 2.0%)
CPU 3 idle residency:  95.92%
CPU 3 down residency:   0.00%

P0-Cluster Online: 9%
P0-Cluster HW active frequency: 1885 MHz
P0-Cluster HW active residency:   2.49% (1260 MHz: 1.0% 1512 MHz:   0% 1800 MHz:   0% 2088 MHz: .68% 2352 MHz: .69% 2616 MHz:   0% 2868 MHz:   0% 3096 MHz:   0% 3300 MHz:   0% 3468 MHz:   0% 3624 MHz: .10% 3756 MHz:   0% 3852 MHz:   0% 3924 MHz:   0% 3996 MHz:   0% 4044 MHz:   0% 4104 MHz:   0% 4416 MHz:   0% 4512 MHz:   0%)
P0-Cluster idle residency:   5.02%
P0-Cluster down residency:  92.49%
CPU 4 frequency: 0 MHz
CPU 4 active residency:   0.00% (1260 MHz:   0% 1512 MHz:   0% 1800 MHz:   0% 2088 MHz:   0% 2352 MHz:   0% 2616 MHz:   0% 2868 MHz:   0% 3096 MHz:   0% 3300 MHz:   0% 3468 MHz:   0% 3624 MHz:   0% 3756 MHz:   0% 3852 MHz:   0% 3924 MHz:   0% 3996 MHz:   0% 4044 MHz:   0% 4104 MHz:   0% 4416 MHz:   0% 4512 MHz:   0%)
CPU 4 idle residency:   6.34%
CPU 4 down residency:  93.66%
CPU 5 frequency: 0 MHz
CPU 5 active residency:   0.00% (1260 MHz:   0% 1512 MHz:   0% 1800 MHz:   0% 2088 MHz:   0% 2352 MHz:   0% 2616 MHz:   0% 2868 MHz:   0% 3096 MHz:   0% 3300 MHz:   0% 3468 MHz:   0% 3624 MHz:   0% 3756 MHz:   0% 3852 MHz:   0% 3924 MHz:   0% 3996 MHz:   0% 4044 MHz:   0% 4104 MHz:   0% 4416 MHz:   0% 4512 MHz:   0%)
CPU 5 idle residency:   7.20%
CPU 5 down residency:  92.80%
CPU 6 frequency: 0 MHz
CPU 6 active residency:   0.00% (1260 MHz:   0% 1512 MHz:   0% 1800 MHz:   0% 2088 MHz:   0% 2352 MHz:   0% 2616 MHz:   0% 2868 MHz:   0% 3096 MHz:   0% 3300 MHz:   0% 3468 MHz:   0% 3624 MHz:   0% 3756 MHz:   0% 3852 MHz:   0% 3924 MHz:   0% 3996 MHz:   0% 4044 MHz:   0% 4104 MHz:   0% 4416 MHz:   0% 4512 MHz:   0%)
CPU 6 idle residency:   7.13%
CPU 6 down residency:  92.87%
CPU 7 frequency: 0 MHz
CPU 7 active residency:   0.00% (1260 MHz:   0% 1512 MHz:   0% 1800 MHz:   0% 2088 MHz:   0% 2352 MHz:   0% 2616 MHz:   0% 2868 MHz:   0% 3096 MHz:   0% 3300 MHz:   0% 3468 MHz:   0% 3624 MHz:   0% 3756 MHz:   0% 3852 MHz:   0% 3924 MHz:   0% 3996 MHz:   0% 4044 MHz:   0% 4104 MHz:   0% 4416 MHz:   0% 4512 MHz:   0%)
CPU 7 idle residency:   7.13%
CPU 7 down residency:  92.87%

P1-Cluster HW active frequency: 2412 MHz
P1-Cluster HW active residency:  29.50% (1260 MHz: 7.7% 1512 MHz: 1.1% 1800 MHz: 1.9% 2088 MHz: 3.5% 2352 MHz: 2.8% 2616 MHz: 2.1% 2868 MHz: 2.1% 3096 MHz: 1.3% 3300 MHz: 1.9% 3468 MHz: 1.2% 3624 MHz: 1.1% 3756 MHz:   0% 3852 MHz:   0% 3924 MHz: .11% 3996 MHz: .01% 4044 MHz: .10% 4104 MHz:   0% 4416 MHz: .40% 4512 MHz: 2.2%)
P1-Cluster idle residency:  70.50%
P1-Cluster down residency:   0.00%
CPU 8 frequency: 2230 MHz
CPU 8 active residency:   7.77% (1260 MHz: .16% 1512 MHz: .68% 1800 MHz: .83% 2088 MHz: 2.5% 2352 MHz: 2.0% 2616 MHz: .88% 2868 MHz: .20% 3096 MHz: .09% 3300 MHz: .10% 3468 MHz: .13% 3624 MHz: .16% 3756 MHz:   0% 3852 MHz:   0% 3924 MHz:   0% 3996 MHz:   0% 4044 MHz: .00% 4104 MHz:   0% 4416 MHz:   0% 4512 MHz: .03%)
CPU 8 idle residency:  92.23%
CPU 8 down residency:   0.00%
CPU 9 frequency: 2950 MHz
CPU 9 active residency:  12.38% (1260 MHz: .34% 1512 MHz: .53% 1800 MHz: 1.2% 2088 MHz: 1.1% 2352 MHz: .57% 2616 MHz: .82% 2868 MHz: 1.6% 3096 MHz: 1.2% 3300 MHz: 1.6% 3468 MHz: 1.2% 3624 MHz: .51% 3756 MHz:   0% 3852 MHz:   0% 3924 MHz:   0% 3996 MHz:   0% 4044 MHz: .02% 4104 MHz:   0% 4416 MHz:   0% 4512 MHz: 1.8%)
CPU 9 idle residency:  87.62%
CPU 9 down residency:   0.00%
CPU 10 frequency: 2990 MHz
CPU 10 active residency:   3.16% (1260 MHz: .29% 1512 MHz: .02% 1800 MHz: .11% 2088 MHz: .58% 2352 MHz: .52% 2616 MHz: .08% 2868 MHz: .14% 3096 MHz: .06% 3300 MHz: .11% 3468 MHz: .10% 3624 MHz: .30% 3756 MHz:   0% 3852 MHz:   0% 3924 MHz:   0% 3996 MHz:   0% 4044 MHz: .05% 4104 MHz:   0% 4416 MHz:   0% 4512 MHz: .80%)
CPU 10 idle residency:  96.84%
CPU 10 down residency:   0.00%
CPU 11 frequency: 2581 MHz
CPU 11 active residency:   3.14% (1260 MHz: .61% 1512 MHz: .05% 1800 MHz: .10% 2088 MHz: .80% 2352 MHz: .28% 2616 MHz: .14% 2868 MHz: .16% 3096 MHz: .06% 3300 MHz: .05% 3468 MHz: .10% 3624 MHz: .36% 3756 MHz:   0% 3852 MHz:   0% 3924 MHz:   0% 3996 MHz:   0% 4044 MHz: .03% 4104 MHz:   0% 4416 MHz:   0% 4512 MHz: .40%)
CPU 11 idle residency:  96.86%
CPU 11 down residency:   0.00%

CPU Power: 415 mW
GPU Power: 53 mW
ANE Power: 0 mW
Combined Power (CPU + GPU + ANE): 468 mW
### INICIO_EXECUCAO 2026-09-29 16:59:20 N=100000000 schedule=dynamic chunk=1000 threads=1 reps=5


*** Sampled system activity (Tue Sep 29 16:59:20 2026 -0300) (516.69ms elapsed) ***


**** Processor usage ****

E-Cluster Online: 100%
E-Cluster HW active frequency: 1519 MHz
E-Cluster HW active residency:  34.16% (1020 MHz:  17% 1404 MHz: 4.8% 1788 MHz: 3.3% 2112 MHz: 1.6% 2352 MHz: .47% 2532 MHz: 1.2% 2592 MHz: 5.4%)
E-Cluster idle residency:  65.84%
E-Cluster down residency:   0.00%
CPU 0 frequency: 1471 MHz
CPU 0 active residency:  18.04% (1020 MHz: 9.2% 1404 MHz: 3.0% 1788 MHz: 2.2% 2112 MHz: .60% 2352 MHz: .32% 2532 MHz: .42% 2592 MHz: 2.3%)
CPU 0 idle residency:  81.96%
CPU 0 down residency:   0.00%
CPU 1 frequency: 1459 MHz
CPU 1 active residency:   7.61% (1020 MHz: 3.8% 1404 MHz: 1.5% 1788 MHz: .71% 2112 MHz: .31% 2352 MHz: .19% 2532 MHz: .05% 2592 MHz: .98%)
CPU 1 idle residency:  92.39%
CPU 1 down residency:   0.00%
CPU 2 frequency: 1565 MHz
CPU 2 active residency:   5.06% (1020 MHz: 2.4% 1404 MHz: .79% 1788 MHz: .46% 2112 MHz: .35% 2352 MHz: .06% 2532 MHz: .03% 2592 MHz: 1.0%)
CPU 2 idle residency:  94.94%
CPU 2 down residency:   0.00%
CPU 3 frequency: 1910 MHz
CPU 3 active residency:   6.65% (1020 MHz: 1.6% 1404 MHz: .78% 1788 MHz: .89% 2112 MHz: .83% 2352 MHz: .03% 2532 MHz: .77% 2592 MHz: 1.8%)
CPU 3 idle residency:  93.35%
CPU 3 down residency:   0.00%

P0-Cluster Online: 9%
P0-Cluster HW active frequency: 1973 MHz
P0-Cluster HW active residency:   2.06% (1260 MHz: .99% 1512 MHz:   0% 1800 MHz:   0% 2088 MHz:   0% 2352 MHz: .21% 2616 MHz: .60% 2868 MHz: .26% 3096 MHz:   0% 3300 MHz:   0% 3468 MHz:   0% 3624 MHz:   0% 3756 MHz:   0% 3852 MHz:   0% 3924 MHz:   0% 3996 MHz:   0% 4044 MHz:   0% 4104 MHz:   0% 4416 MHz:   0% 4512 MHz:   0%)
P0-Cluster idle residency:   6.04%
P0-Cluster down residency:  91.90%
CPU 4 frequency: 3024 MHz
CPU 4 active residency:  57.12% (1260 MHz:  11% 1512 MHz: 1.6% 1800 MHz: 4.7% 2088 MHz: 2.8% 2352 MHz: 2.5% 2616 MHz: 4.7% 2868 MHz: 1.8% 3096 MHz: 2.3% 3300 MHz: .94% 3468 MHz: .75% 3624 MHz: .82% 3756 MHz: .54% 3852 MHz: .15% 3924 MHz: .32% 3996 MHz:   0% 4044 MHz: .13% 4104 MHz: .15% 4416 MHz: .34% 4512 MHz:  21%)
CPU 4 idle residency:   3.15%
CPU 4 down residency:  39.73%
CPU 5 frequency: 3055 MHz
CPU 5 active residency:  54.33% (1260 MHz:  11% 1512 MHz: 1.3% 1800 MHz: 3.9% 2088 MHz: 2.2% 2352 MHz: 2.3% 2616 MHz: 4.7% 2868 MHz: 2.3% 3096 MHz: 1.7% 3300 MHz: .45% 3468 MHz: .63% 3624 MHz: .87% 3756 MHz: .56% 3852 MHz: .15% 3924 MHz: .31% 3996 MHz:   0% 4044 MHz: .12% 4104 MHz: .16% 4416 MHz: .45% 4512 MHz:  21%)
CPU 5 idle residency:   3.27%
CPU 5 down residency:  42.40%
CPU 6 frequency: 3040 MHz
CPU 6 active residency:  51.93% (1260 MHz:  11% 1512 MHz: 1.1% 1800 MHz: 3.6% 2088 MHz: 1.8% 2352 MHz: 2.4% 2616 MHz: 4.6% 2868 MHz: 1.6% 3096 MHz: 1.5% 3300 MHz: .38% 3468 MHz: .97% 3624 MHz: .93% 3756 MHz: .61% 3852 MHz: .15% 3924 MHz: .32% 3996 MHz:   0% 4044 MHz: .14% 4104 MHz: .45% 4416 MHz: .43% 4512 MHz:  20%)
CPU 6 idle residency:   3.71%
CPU 6 down residency:  44.36%
CPU 7 frequency: 3168 MHz
CPU 7 active residency:  52.93% (1260 MHz:  11% 1512 MHz: .95% 1800 MHz: 3.2% 2088 MHz: 1.6% 2352 MHz: 1.9% 2616 MHz: 4.3% 2868 MHz: 1.6% 3096 MHz: 1.5% 3300 MHz: .29% 3468 MHz: .61% 3624 MHz: .89% 3756 MHz: .56% 3852 MHz: .15% 3924 MHz: .23% 3996 MHz:   0% 4044 MHz: .13% 4104 MHz: .15% 4416 MHz: .37% 4512 MHz:  23%)
CPU 7 idle residency:   3.62%
CPU 7 down residency:  43.45%

P1-Cluster HW active frequency: 3352 MHz
P1-Cluster HW active residency:  59.92% (1260 MHz: 5.6% 1512 MHz: 1.0% 1800 MHz: 1.7% 2088 MHz: 2.6% 2352 MHz: 4.3% 2616 MHz: 4.4% 2868 MHz: 3.2% 3096 MHz: 2.7% 3300 MHz: 3.2% 3468 MHz: 1.1% 3624 MHz: 1.2% 3756 MHz: 1.1% 3852 MHz: 1.2% 3924 MHz: .88% 3996 MHz: .82% 4044 MHz: .72% 4104 MHz: 2.2% 4416 MHz: 5.4% 4512 MHz:  17%)
P1-Cluster idle residency:  40.08%
P1-Cluster down residency:   0.00%
CPU 8 frequency: 3434 MHz
CPU 8 active residency:  17.05% (1260 MHz: .33% 1512 MHz: .56% 1800 MHz: .93% 2088 MHz: 1.1% 2352 MHz: 1.4% 2616 MHz: 1.9% 2868 MHz: .83% 3096 MHz: .14% 3300 MHz: .74% 3468 MHz: .01% 3624 MHz: .01% 3756 MHz: .02% 3852 MHz: .00% 3924 MHz: .05% 3996 MHz:   0% 4044 MHz: .15% 4104 MHz: 2.3% 4416 MHz: 1.9% 4512 MHz: 4.7%)
CPU 8 idle residency:  82.95%
CPU 8 down residency:   0.00%
CPU 9 frequency: 3491 MHz
CPU 9 active residency:  24.73% (1260 MHz: .23% 1512 MHz: .16% 1800 MHz: .57% 2088 MHz: 1.4% 2352 MHz: 2.3% 2616 MHz: 2.1% 2868 MHz: 1.9% 3096 MHz: 1.4% 3300 MHz: 2.4% 3468 MHz: 1.1% 3624 MHz: .33% 3756 MHz: .00% 3852 MHz:   0% 3924 MHz: .29% 3996 MHz: .73% 4044 MHz: .60% 4104 MHz: .07% 4416 MHz: .09% 4512 MHz: 9.1%)
CPU 9 idle residency:  75.27%
CPU 9 down residency:   0.00%
CPU 10 frequency: 3806 MHz
CPU 10 active residency:  13.11% (1260 MHz: .34% 1512 MHz: .12% 1800 MHz: .53% 2088 MHz: .36% 2352 MHz: 1.2% 2616 MHz: .98% 2868 MHz: .25% 3096 MHz: .11% 3300 MHz: .08% 3468 MHz: .03% 3624 MHz: .01% 3756 MHz: .01% 3852 MHz:   0% 3924 MHz: .04% 3996 MHz:   0% 4044 MHz: .01% 4104 MHz: .05% 4416 MHz: 1.4% 4512 MHz: 7.5%)
CPU 10 idle residency:  86.89%
CPU 10 down residency:   0.00%
CPU 11 frequency: 3322 MHz
CPU 11 active residency:   7.54% (1260 MHz: .09% 1512 MHz: .07% 1800 MHz: .11% 2088 MHz: .22% 2352 MHz: .35% 2616 MHz: .78% 2868 MHz: .52% 3096 MHz: 1.4% 3300 MHz: .07% 3468 MHz:   0% 3624 MHz: .85% 3756 MHz: 1.1% 3852 MHz: 1.2% 3924 MHz: .10% 3996 MHz:   0% 4044 MHz: .01% 4104 MHz: .03% 4416 MHz: .31% 4512 MHz: .32%)
CPU 11 idle residency:  92.46%
CPU 11 down residency:   0.00%

CPU Power: 1856 mW
GPU Power: 31 mW
ANE Power: 0 mW
Combined Power (CPU + GPU + ANE): 1887 mW


*** Sampled system activity (Tue Sep 29 16:59:20 2026 -0300) (513.41ms elapsed) ***


**** Processor usage ****

E-Cluster Online: 100%
E-Cluster HW active frequency: 1397 MHz
E-Cluster HW active residency:  18.13% (1020 MHz:  13% 1404 MHz:   0% 1788 MHz: .76% 2112 MHz:   0% 2352 MHz: .59% 2532 MHz: .38% 2592 MHz: 3.1%)
E-Cluster idle residency:  81.87%
E-Cluster down residency:   0.00%
CPU 0 frequency: 1416 MHz
CPU 0 active residency:   8.75% (1020 MHz: 6.4% 1404 MHz:   0% 1788 MHz: .26% 2112 MHz:   0% 2352 MHz: .16% 2532 MHz: .03% 2592 MHz: 1.9%)
CPU 0 idle residency:  91.25%
CPU 0 down residency:   0.00%
CPU 1 frequency: 1465 MHz
CPU 1 active residency:   6.86% (1020 MHz: 4.5% 1404 MHz:   0% 1788 MHz: .61% 2112 MHz:   0% 2352 MHz: .42% 2532 MHz: .38% 2592 MHz: .92%)
CPU 1 idle residency:  93.14%
CPU 1 down residency:   0.00%
CPU 2 frequency: 1230 MHz
CPU 2 active residency:   2.79% (1020 MHz: 2.4% 1404 MHz:   0% 1788 MHz: .01% 2112 MHz:   0% 2352 MHz: .03% 2532 MHz: .00% 2592 MHz: .34%)
CPU 2 idle residency:  97.21%
CPU 2 down residency:   0.00%
CPU 3 frequency: 1388 MHz
CPU 3 active residency:   0.74% (1020 MHz: .56% 1404 MHz:   0% 1788 MHz:   0% 2112 MHz:   0% 2352 MHz: .01% 2532 MHz:   0% 2592 MHz: .16%)
CPU 3 idle residency:  99.26%
CPU 3 down residency:   0.00%

P0-Cluster Online: 3%
P0-Cluster HW active frequency: 1260 MHz
P0-Cluster HW active residency:   0.19% (1260 MHz: .19% 1512 MHz:   0% 1800 MHz:   0% 2088 MHz:   0% 2352 MHz:   0% 2616 MHz:   0% 2868 MHz:   0% 3096 MHz:   0% 3300 MHz:   0% 3468 MHz:   0% 3624 MHz:   0% 3756 MHz:   0% 3852 MHz:   0% 3924 MHz:   0% 3996 MHz:   0% 4044 MHz:   0% 4104 MHz:   0% 4416 MHz:   0% 4512 MHz:   0%)
P0-Cluster idle residency:   2.06%
P0-Cluster down residency:  97.75%
CPU 4 frequency: 2045 MHz
CPU 4 active residency:   0.86% (1260 MHz: .39% 1512 MHz:   0% 1800 MHz:   0% 2088 MHz:   0% 2352 MHz: .02% 2616 MHz: .24% 2868 MHz: .20% 3096 MHz:   0% 3300 MHz:   0% 3468 MHz:   0% 3624 MHz:   0% 3756 MHz:   0% 3852 MHz:   0% 3924 MHz:   0% 3996 MHz:   0% 4044 MHz:   0% 4104 MHz:   0% 4416 MHz:   0% 4512 MHz:   0%)
CPU 4 idle residency:   2.13%
CPU 4 down residency:  97.02%
CPU 5 frequency: 1740 MHz
CPU 5 active residency:   0.65% (1260 MHz: .38% 1512 MHz:   0% 1800 MHz:   0% 2088 MHz:   0% 2352 MHz: .21% 2616 MHz: .06% 2868 MHz:   0% 3096 MHz:   0% 3300 MHz:   0% 3468 MHz:   0% 3624 MHz:   0% 3756 MHz:   0% 3852 MHz:   0% 3924 MHz:   0% 3996 MHz:   0% 4044 MHz:   0% 4104 MHz:   0% 4416 MHz:   0% 4512 MHz:   0%)
CPU 5 idle residency:   2.13%
CPU 5 down residency:  97.21%
CPU 6 frequency: 1488 MHz
CPU 6 active residency:   0.46% (1260 MHz: .38% 1512 MHz:   0% 1800 MHz:   0% 2088 MHz:   0% 2352 MHz: .02% 2616 MHz: .06% 2868 MHz:   0% 3096 MHz:   0% 3300 MHz:   0% 3468 MHz:   0% 3624 MHz:   0% 3756 MHz:   0% 3852 MHz:   0% 3924 MHz:   0% 3996 MHz:   0% 4044 MHz:   0% 4104 MHz:   0% 4416 MHz:   0% 4512 MHz:   0%)
CPU 6 idle residency:   2.14%
CPU 6 down residency:  97.40%
CPU 7 frequency: 1543 MHz
CPU 7 active residency:   0.49% (1260 MHz: .38% 1512 MHz:   0% 1800 MHz:   0% 2088 MHz:   0% 2352 MHz: .05% 2616 MHz: .06% 2868 MHz:   0% 3096 MHz:   0% 3300 MHz:   0% 3468 MHz:   0% 3624 MHz:   0% 3756 MHz:   0% 3852 MHz:   0% 3924 MHz:   0% 3996 MHz:   0% 4044 MHz:   0% 4104 MHz:   0% 4416 MHz:   0% 4512 MHz:   0%)
CPU 7 idle residency:   2.14%
CPU 7 down residency:  97.37%

P1-Cluster HW active frequency: 4496 MHz
P1-Cluster HW active residency: 100.00% (1260 MHz:   0% 1512 MHz:   0% 1800 MHz:   0% 2088 MHz:   0% 2352 MHz:   0% 2616 MHz:   0% 2868 MHz:   0% 3096 MHz:   0% 3300 MHz:   0% 3468 MHz:   0% 3624 MHz:   0% 3756 MHz:   0% 3852 MHz:   0% 3924 MHz: 1.6% 3996 MHz:   0% 4044 MHz:   0% 4104 MHz:   0% 4416 MHz: 7.0% 4512 MHz:  91%)
P1-Cluster idle residency:   0.00%
P1-Cluster down residency:   0.00%
CPU 8 frequency: 4512 MHz
CPU 8 active residency:  17.55% (1260 MHz:   0% 1512 MHz:   0% 1800 MHz:   0% 2088 MHz:   0% 2352 MHz:   0% 2616 MHz:   0% 2868 MHz:   0% 3096 MHz:   0% 3300 MHz:   0% 3468 MHz:   0% 3624 MHz:   0% 3756 MHz:   0% 3852 MHz:   0% 3924 MHz:   0% 3996 MHz:   0% 4044 MHz:   0% 4104 MHz:   0% 4416 MHz:   0% 4512 MHz:  18%)
CPU 8 idle residency:  82.45%
CPU 8 down residency:   0.00%
CPU 9 frequency: 4512 MHz
CPU 9 active residency:  22.75% (1260 MHz:   0% 1512 MHz:   0% 1800 MHz:   0% 2088 MHz:   0% 2352 MHz:   0% 2616 MHz:   0% 2868 MHz:   0% 3096 MHz:   0% 3300 MHz:   0% 3468 MHz:   0% 3624 MHz:   0% 3756 MHz:   0% 3852 MHz:   0% 3924 MHz:   0% 3996 MHz:   0% 4044 MHz:   0% 4104 MHz:   0% 4416 MHz:   0% 4512 MHz:  23%)
CPU 9 idle residency:  77.25%
CPU 9 down residency:   0.00%
CPU 10 frequency: 4512 MHz
CPU 10 active residency:  34.26% (1260 MHz:   0% 1512 MHz:   0% 1800 MHz:   0% 2088 MHz:   0% 2352 MHz:   0% 2616 MHz:   0% 2868 MHz:   0% 3096 MHz:   0% 3300 MHz:   0% 3468 MHz:   0% 3624 MHz:   0% 3756 MHz:   0% 3852 MHz:   0% 3924 MHz:   0% 3996 MHz:   0% 4044 MHz:   0% 4104 MHz:   0% 4416 MHz:   0% 4512 MHz:  34%)
CPU 10 idle residency:  65.74%
CPU 10 down residency:   0.00%
CPU 11 frequency: 4512 MHz
CPU 11 active residency:  35.04% (1260 MHz:   0% 1512 MHz:   0% 1800 MHz:   0% 2088 MHz:   0% 2352 MHz:   0% 2616 MHz:   0% 2868 MHz:   0% 3096 MHz:   0% 3300 MHz:   0% 3468 MHz:   0% 3624 MHz:   0% 3756 MHz:   0% 3852 MHz:   0% 3924 MHz:   0% 3996 MHz:   0% 4044 MHz:   0% 4104 MHz:   0% 4416 MHz:   0% 4512 MHz:  35%)
CPU 11 idle residency:  64.96%
CPU 11 down residency:   0.00%

CPU Power: 5261 mW
GPU Power: 8 mW
ANE Power: 0 mW
Combined Power (CPU + GPU + ANE): 5269 mW


*** Sampled system activity (Tue Sep 29 16:59:21 2026 -0300) (513.93ms elapsed) ***


**** Processor usage ****

E-Cluster Online: 100%
E-Cluster HW active frequency: 1274 MHz
E-Cluster HW active residency:  25.53% (1020 MHz:  20% 1404 MHz: 1.2% 1788 MHz: 1.2% 2112 MHz:   0% 2352 MHz: .38% 2532 MHz: .38% 2592 MHz: 2.6%)
E-Cluster idle residency:  74.47%
E-Cluster down residency:   0.00%
CPU 0 frequency: 1265 MHz
CPU 0 active residency:  14.15% (1020 MHz:  11% 1404 MHz: .93% 1788 MHz: .70% 2112 MHz:   0% 2352 MHz: .21% 2532 MHz: .21% 2592 MHz: 1.3%)
CPU 0 idle residency:  85.85%
CPU 0 down residency:   0.00%
CPU 1 frequency: 1345 MHz
CPU 1 active residency:   7.87% (1020 MHz: 5.6% 1404 MHz: .49% 1788 MHz: .54% 2112 MHz:   0% 2352 MHz: .23% 2532 MHz: .22% 2592 MHz: .83%)
CPU 1 idle residency:  92.13%
CPU 1 down residency:   0.00%
CPU 2 frequency: 1344 MHz
CPU 2 active residency:   4.19% (1020 MHz: 3.2% 1404 MHz: .09% 1788 MHz: .13% 2112 MHz:   0% 2352 MHz: .00% 2532 MHz: .02% 2592 MHz: .75%)
CPU 2 idle residency:  95.81%
CPU 2 down residency:   0.00%
CPU 3 frequency: 1217 MHz
CPU 3 active residency:   1.17% (1020 MHz: 1.0% 1404 MHz: .02% 1788 MHz: .02% 2112 MHz:   0% 2352 MHz:   0% 2532 MHz:   0% 2592 MHz: .13%)
CPU 3 idle residency:  98.83%
CPU 3 down residency:   0.00%

P0-Cluster Online: 10%
P0-Cluster HW active frequency: 3886 MHz
P0-Cluster HW active residency:   3.70% (1260 MHz: .71% 1512 MHz:   0% 1800 MHz:   0% 2088 MHz:   0% 2352 MHz:   0% 2616 MHz:   0% 2868 MHz:   0% 3096 MHz:   0% 3300 MHz:   0% 3468 MHz:   0% 3624 MHz:   0% 3756 MHz:   0% 3852 MHz:   0% 3924 MHz: .01% 3996 MHz:   0% 4044 MHz:   0% 4104 MHz:   0% 4416 MHz: .03% 4512 MHz: 2.9%)
P0-Cluster idle residency:   4.71%
P0-Cluster down residency:  91.59%
CPU 4 frequency: 4205 MHz
CPU 4 active residency:   1.23% (1260 MHz: .12% 1512 MHz:   0% 1800 MHz:   0% 2088 MHz:   0% 2352 MHz:   0% 2616 MHz:   0% 2868 MHz:   0% 3096 MHz:   0% 3300 MHz:   0% 3468 MHz:   0% 3624 MHz:   0% 3756 MHz:   0% 3852 MHz:   0% 3924 MHz:   0% 3996 MHz:   0% 4044 MHz:   0% 4104 MHz:   0% 4416 MHz:   0% 4512 MHz: 1.1%)
CPU 4 idle residency:   7.17%
CPU 4 down residency:  91.60%
CPU 5 frequency: 1991 MHz
CPU 5 active residency:   0.12% (1260 MHz: .09% 1512 MHz:   0% 1800 MHz:   0% 2088 MHz:   0% 2352 MHz:   0% 2616 MHz:   0% 2868 MHz:   0% 3096 MHz:   0% 3300 MHz:   0% 3468 MHz:   0% 3624 MHz:   0% 3756 MHz:   0% 3852 MHz:   0% 3924 MHz:   0% 3996 MHz:   0% 4044 MHz:   0% 4104 MHz:   0% 4416 MHz:   0% 4512 MHz: .03%)
CPU 5 idle residency:   8.28%
CPU 5 down residency:  91.60%
CPU 6 frequency: 4344 MHz
CPU 6 active residency:   1.65% (1260 MHz: .09% 1512 MHz:   0% 1800 MHz:   0% 2088 MHz:   0% 2352 MHz:   0% 2616 MHz:   0% 2868 MHz:   0% 3096 MHz:   0% 3300 MHz:   0% 3468 MHz:   0% 3624 MHz:   0% 3756 MHz:   0% 3852 MHz:   0% 3924 MHz:   0% 3996 MHz:   0% 4044 MHz:   0% 4104 MHz:   0% 4416 MHz:   0% 4512 MHz: 1.6%)
CPU 6 idle residency:   6.75%
CPU 6 down residency:  91.60%
CPU 7 frequency: 1280 MHz
CPU 7 active residency:   0.08% (1260 MHz: .08% 1512 MHz:   0% 1800 MHz:   0% 2088 MHz:   0% 2352 MHz:   0% 2616 MHz:   0% 2868 MHz:   0% 3096 MHz:   0% 3300 MHz:   0% 3468 MHz:   0% 3624 MHz:   0% 3756 MHz:   0% 3852 MHz:   0% 3924 MHz:   0% 3996 MHz:   0% 4044 MHz:   0% 4104 MHz:   0% 4416 MHz:   0% 4512 MHz: .00%)
CPU 7 idle residency:   8.31%
CPU 7 down residency:  91.60%

P1-Cluster HW active frequency: 4476 MHz
P1-Cluster HW active residency:  99.89% (1260 MHz: .40% 1512 MHz:   0% 1800 MHz:   0% 2088 MHz:   0% 2352 MHz:   0% 2616 MHz:   0% 2868 MHz:   0% 3096 MHz:   0% 3300 MHz:   0% 3468 MHz:   0% 3624 MHz:   0% 3756 MHz:   0% 3852 MHz:   0% 3924 MHz: 3.0% 3996 MHz:   0% 4044 MHz:   0% 4104 MHz:   0% 4416 MHz: 6.3% 4512 MHz:  90%)
P1-Cluster idle residency:   0.11%
P1-Cluster down residency:   0.00%
CPU 8 frequency: 4512 MHz
CPU 8 active residency:  40.12% (1260 MHz:   0% 1512 MHz:   0% 1800 MHz:   0% 2088 MHz:   0% 2352 MHz:   0% 2616 MHz:   0% 2868 MHz:   0% 3096 MHz:   0% 3300 MHz:   0% 3468 MHz:   0% 3624 MHz:   0% 3756 MHz:   0% 3852 MHz:   0% 3924 MHz:   0% 3996 MHz:   0% 4044 MHz:   0% 4104 MHz:   0% 4416 MHz:   0% 4512 MHz:  40%)
CPU 8 idle residency:  59.88%
CPU 8 down residency:   0.00%
CPU 9 frequency: 4512 MHz
CPU 9 active residency:  26.92% (1260 MHz:   0% 1512 MHz:   0% 1800 MHz:   0% 2088 MHz:   0% 2352 MHz:   0% 2616 MHz:   0% 2868 MHz:   0% 3096 MHz:   0% 3300 MHz:   0% 3468 MHz:   0% 3624 MHz:   0% 3756 MHz:   0% 3852 MHz:   0% 3924 MHz:   0% 3996 MHz:   0% 4044 MHz:   0% 4104 MHz:   0% 4416 MHz:   0% 4512 MHz:  27%)
CPU 9 idle residency:  73.08%
CPU 9 down residency:   0.00%
CPU 10 frequency: 4512 MHz
CPU 10 active residency:  20.90% (1260 MHz: .00% 1512 MHz:   0% 1800 MHz:   0% 2088 MHz:   0% 2352 MHz:   0% 2616 MHz:   0% 2868 MHz:   0% 3096 MHz:   0% 3300 MHz:   0% 3468 MHz:   0% 3624 MHz:   0% 3756 MHz:   0% 3852 MHz:   0% 3924 MHz:   0% 3996 MHz:   0% 4044 MHz:   0% 4104 MHz:   0% 4416 MHz:   0% 4512 MHz:  21%)
CPU 10 idle residency:  79.10%
CPU 10 down residency:   0.00%
CPU 11 frequency: 4512 MHz
CPU 11 active residency:  23.14% (1260 MHz:   0% 1512 MHz:   0% 1800 MHz:   0% 2088 MHz:   0% 2352 MHz:   0% 2616 MHz:   0% 2868 MHz:   0% 3096 MHz:   0% 3300 MHz:   0% 3468 MHz:   0% 3624 MHz:   0% 3756 MHz:   0% 3852 MHz:   0% 3924 MHz:   0% 3996 MHz:   0% 4044 MHz:   0% 4104 MHz:   0% 4416 MHz:   0% 4512 MHz:  23%)
CPU 11 idle residency:  76.86%
CPU 11 down residency:   0.00%

CPU Power: 5421 mW
GPU Power: 18 mW
ANE Power: 0 mW
Combined Power (CPU + GPU + ANE): 5439 mW


*** Sampled system activity (Tue Sep 29 16:59:21 2026 -0300) (513.92ms elapsed) ***


**** Processor usage ****

E-Cluster Online: 100%
E-Cluster HW active frequency: 1469 MHz
E-Cluster HW active residency:  22.62% (1020 MHz:  16% 1404 MHz: .57% 1788 MHz: .39% 2112 MHz:   0% 2352 MHz:   0% 2532 MHz: .00% 2592 MHz: 6.1%)
E-Cluster idle residency:  77.38%
E-Cluster down residency:   0.00%
CPU 0 frequency: 1510 MHz
CPU 0 active residency:  10.74% (1020 MHz: 6.9% 1404 MHz: .50% 1788 MHz: .24% 2112 MHz:   0% 2352 MHz:   0% 2532 MHz:   0% 2592 MHz: 3.1%)
CPU 0 idle residency:  89.26%
CPU 0 down residency:   0.00%
CPU 1 frequency: 1504 MHz
CPU 1 active residency:   7.92% (1020 MHz: 5.3% 1404 MHz: .13% 1788 MHz: .22% 2112 MHz:   0% 2352 MHz:   0% 2532 MHz:   0% 2592 MHz: 2.3%)
CPU 1 idle residency:  92.08%
CPU 1 down residency:   0.00%
CPU 2 frequency: 1778 MHz
CPU 2 active residency:   4.22% (1020 MHz: 2.1% 1404 MHz: .06% 1788 MHz: .01% 2112 MHz:   0% 2352 MHz:   0% 2532 MHz:   0% 2592 MHz: 2.0%)
CPU 2 idle residency:  95.78%
CPU 2 down residency:   0.00%
CPU 3 frequency: 2013 MHz
CPU 3 active residency:   2.86% (1020 MHz: 1.0% 1404 MHz: .02% 1788 MHz:   0% 2112 MHz:   0% 2352 MHz:   0% 2532 MHz:   0% 2592 MHz: 1.8%)
CPU 3 idle residency:  97.14%
CPU 3 down residency:   0.00%

P0-Cluster Online: 52%
P0-Cluster HW active frequency: 3741 MHz
P0-Cluster HW active residency:   7.36% (1260 MHz: 1.0% 1512 MHz:   0% 1800 MHz:   0% 2088 MHz: .01% 2352 MHz:   0% 2616 MHz:   0% 2868 MHz: .01% 3096 MHz:   0% 3300 MHz:   0% 3468 MHz:   0% 3624 MHz: .01% 3756 MHz:   0% 3852 MHz:   0% 3924 MHz: 3.8% 3996 MHz:   0% 4044 MHz:   0% 4104 MHz: .20% 4416 MHz: .45% 4512 MHz: 1.9%)
P0-Cluster idle residency:  43.34%
P0-Cluster down residency:  49.30%
CPU 4 frequency: 4416 MHz
CPU 4 active residency:   4.09% (1260 MHz: .12% 1512 MHz:   0% 1800 MHz:   0% 2088 MHz:   0% 2352 MHz:   0% 2616 MHz:   0% 2868 MHz:   0% 3096 MHz:   0% 3300 MHz:   0% 3468 MHz:   0% 3624 MHz:   0% 3756 MHz:   0% 3852 MHz:   0% 3924 MHz:   0% 3996 MHz:   0% 4044 MHz:   0% 4104 MHz:   0% 4416 MHz:   0% 4512 MHz: 4.0%)
CPU 4 idle residency:  45.95%
CPU 4 down residency:  49.96%
CPU 5 frequency: 4424 MHz
CPU 5 active residency:   4.46% (1260 MHz: .12% 1512 MHz:   0% 1800 MHz:   0% 2088 MHz:   0% 2352 MHz:   0% 2616 MHz:   0% 2868 MHz:   0% 3096 MHz:   0% 3300 MHz:   0% 3468 MHz:   0% 3624 MHz:   0% 3756 MHz:   0% 3852 MHz:   0% 3924 MHz:   0% 3996 MHz:   0% 4044 MHz:   0% 4104 MHz:   0% 4416 MHz:   0% 4512 MHz: 4.3%)
CPU 5 idle residency:  46.20%
CPU 5 down residency:  49.34%
CPU 6 frequency: 4430 MHz
CPU 6 active residency:   4.46% (1260 MHz: .11% 1512 MHz:   0% 1800 MHz:   0% 2088 MHz:   0% 2352 MHz:   0% 2616 MHz:   0% 2868 MHz:   0% 3096 MHz:   0% 3300 MHz:   0% 3468 MHz:   0% 3624 MHz:   0% 3756 MHz:   0% 3852 MHz:   0% 3924 MHz:   0% 3996 MHz:   0% 4044 MHz:   0% 4104 MHz:   0% 4416 MHz:   0% 4512 MHz: 4.3%)
CPU 6 idle residency:  46.20%
CPU 6 down residency:  49.34%
CPU 7 frequency: 4416 MHz
CPU 7 active residency:   3.77% (1260 MHz: .11% 1512 MHz:   0% 1800 MHz:   0% 2088 MHz:   0% 2352 MHz:   0% 2616 MHz:   0% 2868 MHz:   0% 3096 MHz:   0% 3300 MHz:   0% 3468 MHz:   0% 3624 MHz:   0% 3756 MHz:   0% 3852 MHz:   0% 3924 MHz:   0% 3996 MHz:   0% 4044 MHz:   0% 4104 MHz:   0% 4416 MHz:   0% 4512 MHz: 3.7%)
CPU 7 idle residency:  46.89%
CPU 7 down residency:  49.34%

P1-Cluster HW active frequency: 4473 MHz
P1-Cluster HW active residency: 100.00% (1260 MHz:   0% 1512 MHz:   0% 1800 MHz:   0% 2088 MHz:   0% 2352 MHz:   0% 2616 MHz:   0% 2868 MHz:   0% 3096 MHz: .01% 3300 MHz:   0% 3468 MHz:   0% 3624 MHz:   0% 3756 MHz:   0% 3852 MHz:   0% 3924 MHz: 5.9% 3996 MHz:   0% 4044 MHz:   0% 4104 MHz:   0% 4416 MHz: 5.1% 4512 MHz:  89%)
P1-Cluster idle residency:   0.00%
P1-Cluster down residency:   0.00%
CPU 8 frequency: 4512 MHz
CPU 8 active residency:  35.41% (1260 MHz:   0% 1512 MHz:   0% 1800 MHz:   0% 2088 MHz:   0% 2352 MHz:   0% 2616 MHz:   0% 2868 MHz:   0% 3096 MHz:   0% 3300 MHz:   0% 3468 MHz:   0% 3624 MHz:   0% 3756 MHz:   0% 3852 MHz:   0% 3924 MHz:   0% 3996 MHz:   0% 4044 MHz:   0% 4104 MHz:   0% 4416 MHz:   0% 4512 MHz:  35%)
CPU 8 idle residency:  64.59%
CPU 8 down residency:   0.00%
CPU 9 frequency: 4512 MHz
CPU 9 active residency:  31.61% (1260 MHz:   0% 1512 MHz:   0% 1800 MHz:   0% 2088 MHz:   0% 2352 MHz:   0% 2616 MHz:   0% 2868 MHz:   0% 3096 MHz: .01% 3300 MHz:   0% 3468 MHz:   0% 3624 MHz:   0% 3756 MHz:   0% 3852 MHz:   0% 3924 MHz:   0% 3996 MHz:   0% 4044 MHz:   0% 4104 MHz:   0% 4416 MHz:   0% 4512 MHz:  32%)
CPU 9 idle residency:  68.39%
CPU 9 down residency:   0.00%
CPU 10 frequency: 4512 MHz
CPU 10 active residency:  25.49% (1260 MHz:   0% 1512 MHz:   0% 1800 MHz:   0% 2088 MHz:   0% 2352 MHz:   0% 2616 MHz:   0% 2868 MHz:   0% 3096 MHz:   0% 3300 MHz:   0% 3468 MHz:   0% 3624 MHz:   0% 3756 MHz:   0% 3852 MHz:   0% 3924 MHz:   0% 3996 MHz:   0% 4044 MHz:   0% 4104 MHz:   0% 4416 MHz:   0% 4512 MHz:  25%)
CPU 10 idle residency:  74.51%
CPU 10 down residency:   0.00%
CPU 11 frequency: 4512 MHz
CPU 11 active residency:  27.08% (1260 MHz:   0% 1512 MHz:   0% 1800 MHz:   0% 2088 MHz:   0% 2352 MHz:   0% 2616 MHz:   0% 2868 MHz:   0% 3096 MHz:   0% 3300 MHz:   0% 3468 MHz:   0% 3624 MHz:   0% 3756 MHz:   0% 3852 MHz:   0% 3924 MHz:   0% 3996 MHz:   0% 4044 MHz:   0% 4104 MHz:   0% 4416 MHz:   0% 4512 MHz:  27%)
CPU 11 idle residency:  72.92%
CPU 11 down residency:   0.00%

CPU Power: 6052 mW
GPU Power: 33 mW
ANE Power: 0 mW
Combined Power (CPU + GPU + ANE): 6085 mW


*** Sampled system activity (Tue Sep 29 16:59:22 2026 -0300) (514.09ms elapsed) ***


**** Processor usage ****

E-Cluster Online: 100%
E-Cluster HW active frequency: 1340 MHz
E-Cluster HW active residency:  49.46% (1020 MHz:  36% 1404 MHz: 1.5% 1788 MHz: 3.3% 2112 MHz: 1.5% 2352 MHz: .38% 2532 MHz: 1.5% 2592 MHz: 5.2%)
E-Cluster idle residency:  50.54%
E-Cluster down residency:   0.00%
CPU 0 frequency: 1257 MHz
CPU 0 active residency:  20.45% (1020 MHz:  17% 1404 MHz: .11% 1788 MHz: .63% 2112 MHz: .66% 2352 MHz: .01% 2532 MHz: .13% 2592 MHz: 2.2%)
CPU 0 idle residency:  79.55%
CPU 0 down residency:   0.00%
CPU 1 frequency: 1243 MHz
CPU 1 active residency:  19.44% (1020 MHz:  16% 1404 MHz: .03% 1788 MHz: .73% 2112 MHz: .36% 2352 MHz: .39% 2532 MHz: .51% 2592 MHz: 1.3%)
CPU 1 idle residency:  80.56%
CPU 1 down residency:   0.00%
CPU 2 frequency: 1567 MHz
CPU 2 active residency:  17.47% (1020 MHz: 9.1% 1404 MHz: 1.4% 1788 MHz: 1.9% 2112 MHz: .83% 2352 MHz:   0% 2532 MHz: 1.1% 2592 MHz: 3.2%)
CPU 2 idle residency:  82.53%
CPU 2 down residency:   0.00%
CPU 3 frequency: 1397 MHz
CPU 3 active residency:   3.90% (1020 MHz: 2.5% 1404 MHz: .14% 1788 MHz: .63% 2112 MHz: .02% 2352 MHz:   0% 2532 MHz: .02% 2592 MHz: .56%)
CPU 3 idle residency:  96.10%
CPU 3 down residency:   0.00%

P0-Cluster Online: 11%
P0-Cluster HW active frequency: 2276 MHz
P0-Cluster HW active residency:   1.79% (1260 MHz: 1.2% 1512 MHz:   0% 1800 MHz:   0% 2088 MHz:   0% 2352 MHz:   0% 2616 MHz:   0% 2868 MHz:   0% 3096 MHz:   0% 3300 MHz:   0% 3468 MHz:   0% 3624 MHz:   0% 3756 MHz:   0% 3852 MHz:   0% 3924 MHz: .06% 3996 MHz:   0% 4044 MHz:   0% 4104 MHz:   0% 4416 MHz: .03% 4512 MHz: .48%)
P0-Cluster idle residency:  10.45%
P0-Cluster down residency:  87.76%
CPU 4 frequency: 1260 MHz
CPU 4 active residency:   0.00% (1260 MHz: .00% 1512 MHz:   0% 1800 MHz:   0% 2088 MHz:   0% 2352 MHz:   0% 2616 MHz:   0% 2868 MHz:   0% 3096 MHz:   0% 3300 MHz:   0% 3468 MHz:   0% 3624 MHz:   0% 3756 MHz:   0% 3852 MHz:   0% 3924 MHz:   0% 3996 MHz:   0% 4044 MHz:   0% 4104 MHz:   0% 4416 MHz:   0% 4512 MHz:   0%)
CPU 4 idle residency:  11.92%
CPU 4 down residency:  88.08%
CPU 5 frequency: 0 MHz
CPU 5 active residency:   0.00% (1260 MHz:   0% 1512 MHz:   0% 1800 MHz:   0% 2088 MHz:   0% 2352 MHz:   0% 2616 MHz:   0% 2868 MHz:   0% 3096 MHz:   0% 3300 MHz:   0% 3468 MHz:   0% 3624 MHz:   0% 3756 MHz:   0% 3852 MHz:   0% 3924 MHz:   0% 3996 MHz:   0% 4044 MHz:   0% 4104 MHz:   0% 4416 MHz:   0% 4512 MHz:   0%)
CPU 5 idle residency:  12.00%
CPU 5 down residency:  88.00%
CPU 6 frequency: 0 MHz
CPU 6 active residency:   0.00% (1260 MHz:   0% 1512 MHz:   0% 1800 MHz:   0% 2088 MHz:   0% 2352 MHz:   0% 2616 MHz:   0% 2868 MHz:   0% 3096 MHz:   0% 3300 MHz:   0% 3468 MHz:   0% 3624 MHz:   0% 3756 MHz:   0% 3852 MHz:   0% 3924 MHz:   0% 3996 MHz:   0% 4044 MHz:   0% 4104 MHz:   0% 4416 MHz:   0% 4512 MHz:   0%)
CPU 6 idle residency:  12.02%
CPU 6 down residency:  87.98%
CPU 7 frequency: 0 MHz
CPU 7 active residency:   0.00% (1260 MHz:   0% 1512 MHz:   0% 1800 MHz:   0% 2088 MHz:   0% 2352 MHz:   0% 2616 MHz:   0% 2868 MHz:   0% 3096 MHz:   0% 3300 MHz:   0% 3468 MHz:   0% 3624 MHz:   0% 3756 MHz:   0% 3852 MHz:   0% 3924 MHz:   0% 3996 MHz:   0% 4044 MHz:   0% 4104 MHz:   0% 4416 MHz:   0% 4512 MHz:   0%)
CPU 7 idle residency:  12.04%
CPU 7 down residency:  87.96%

P1-Cluster HW active frequency: 4494 MHz
P1-Cluster HW active residency: 100.00% (1260 MHz:   0% 1512 MHz:   0% 1800 MHz:   0% 2088 MHz:   0% 2352 MHz:   0% 2616 MHz:   0% 2868 MHz:   0% 3096 MHz:   0% 3300 MHz:   0% 3468 MHz:   0% 3624 MHz:   0% 3756 MHz:   0% 3852 MHz:   0% 3924 MHz: 1.9% 3996 MHz:   0% 4044 MHz:   0% 4104 MHz:   0% 4416 MHz: 7.3% 4512 MHz:  91%)
P1-Cluster idle residency:   0.00%
P1-Cluster down residency:   0.00%
CPU 8 frequency: 4512 MHz
CPU 8 active residency:  16.49% (1260 MHz:   0% 1512 MHz:   0% 1800 MHz:   0% 2088 MHz:   0% 2352 MHz:   0% 2616 MHz:   0% 2868 MHz:   0% 3096 MHz:   0% 3300 MHz:   0% 3468 MHz:   0% 3624 MHz:   0% 3756 MHz:   0% 3852 MHz:   0% 3924 MHz:   0% 3996 MHz:   0% 4044 MHz:   0% 4104 MHz:   0% 4416 MHz:   0% 4512 MHz:  16%)
CPU 8 idle residency:  83.51%
CPU 8 down residency:   0.00%
CPU 9 frequency: 4512 MHz
CPU 9 active residency:  31.73% (1260 MHz:   0% 1512 MHz:   0% 1800 MHz:   0% 2088 MHz:   0% 2352 MHz:   0% 2616 MHz:   0% 2868 MHz:   0% 3096 MHz:   0% 3300 MHz:   0% 3468 MHz:   0% 3624 MHz:   0% 3756 MHz:   0% 3852 MHz:   0% 3924 MHz:   0% 3996 MHz:   0% 4044 MHz:   0% 4104 MHz:   0% 4416 MHz:   0% 4512 MHz:  32%)
CPU 9 idle residency:  68.27%
CPU 9 down residency:   0.00%
CPU 10 frequency: 4512 MHz
CPU 10 active residency:  27.39% (1260 MHz:   0% 1512 MHz:   0% 1800 MHz:   0% 2088 MHz:   0% 2352 MHz:   0% 2616 MHz:   0% 2868 MHz:   0% 3096 MHz:   0% 3300 MHz:   0% 3468 MHz:   0% 3624 MHz:   0% 3756 MHz:   0% 3852 MHz:   0% 3924 MHz:   0% 3996 MHz:   0% 4044 MHz:   0% 4104 MHz:   0% 4416 MHz:   0% 4512 MHz:  27%)
CPU 10 idle residency:  72.61%
CPU 10 down residency:   0.00%
CPU 11 frequency: 4512 MHz
CPU 11 active residency:  35.03% (1260 MHz:   0% 1512 MHz:   0% 1800 MHz:   0% 2088 MHz:   0% 2352 MHz:   0% 2616 MHz:   0% 2868 MHz:   0% 3096 MHz:   0% 3300 MHz:   0% 3468 MHz:   0% 3624 MHz:   0% 3756 MHz:   0% 3852 MHz:   0% 3924 MHz:   0% 3996 MHz:   0% 4044 MHz:   0% 4104 MHz:   0% 4416 MHz:   0% 4512 MHz:  35%)
CPU 11 idle residency:  64.97%
CPU 11 down residency:   0.00%

CPU Power: 5357 mW
GPU Power: 21 mW
ANE Power: 0 mW
Combined Power (CPU + GPU + ANE): 5378 mW


*** Sampled system activity (Tue Sep 29 16:59:22 2026 -0300) (513.28ms elapsed) ***


**** Processor usage ****

E-Cluster Online: 100%
E-Cluster HW active frequency: 1197 MHz
E-Cluster HW active residency:  18.97% (1020 MHz:  17% 1404 MHz:   0% 1788 MHz: .32% 2112 MHz:   0% 2352 MHz:   0% 2532 MHz:   0% 2592 MHz: 2.0%)
E-Cluster idle residency:  81.03%
E-Cluster down residency:   0.00%
CPU 0 frequency: 1212 MHz
CPU 0 active residency:  11.06% (1020 MHz: 9.6% 1404 MHz:   0% 1788 MHz: .20% 2112 MHz:   0% 2352 MHz:   0% 2532 MHz:   0% 2592 MHz: 1.3%)
CPU 0 idle residency:  88.94%
CPU 0 down residency:   0.00%
CPU 1 frequency: 1259 MHz
CPU 1 active residency:   5.92% (1020 MHz: 4.9% 1404 MHz:   0% 1788 MHz: .19% 2112 MHz:   0% 2352 MHz:   0% 2532 MHz:   0% 2592 MHz: .81%)
CPU 1 idle residency:  94.08%
CPU 1 down residency:   0.00%
CPU 2 frequency: 1191 MHz
CPU 2 active residency:   3.68% (1020 MHz: 3.3% 1404 MHz:   0% 1788 MHz: .00% 2112 MHz:   0% 2352 MHz:   0% 2532 MHz:   0% 2592 MHz: .40%)
CPU 2 idle residency:  96.32%
CPU 2 down residency:   0.00%
CPU 3 frequency: 1418 MHz
CPU 3 active residency:   0.80% (1020 MHz: .60% 1404 MHz:   0% 1788 MHz:   0% 2112 MHz:   0% 2352 MHz:   0% 2532 MHz:   0% 2592 MHz: .20%)
CPU 3 idle residency:  99.20%
CPU 3 down residency:   0.00%

P0-Cluster Online: 3%
P0-Cluster HW active frequency: 1260 MHz
P0-Cluster HW active residency:   0.31% (1260 MHz: .31% 1512 MHz:   0% 1800 MHz:   0% 2088 MHz:   0% 2352 MHz:   0% 2616 MHz:   0% 2868 MHz:   0% 3096 MHz:   0% 3300 MHz:   0% 3468 MHz:   0% 3624 MHz:   0% 3756 MHz:   0% 3852 MHz:   0% 3924 MHz:   0% 3996 MHz:   0% 4044 MHz:   0% 4104 MHz:   0% 4416 MHz:   0% 4512 MHz:   0%)
P0-Cluster idle residency:   2.48%
P0-Cluster down residency:  97.21%
CPU 4 frequency: 0 MHz
CPU 4 active residency:   0.00% (1260 MHz:   0% 1512 MHz:   0% 1800 MHz:   0% 2088 MHz:   0% 2352 MHz:   0% 2616 MHz:   0% 2868 MHz:   0% 3096 MHz:   0% 3300 MHz:   0% 3468 MHz:   0% 3624 MHz:   0% 3756 MHz:   0% 3852 MHz:   0% 3924 MHz:   0% 3996 MHz:   0% 4044 MHz:   0% 4104 MHz:   0% 4416 MHz:   0% 4512 MHz:   0%)
CPU 4 idle residency:   2.65%
CPU 4 down residency:  97.35%
CPU 5 frequency: 0 MHz
CPU 5 active residency:   0.00% (1260 MHz:   0% 1512 MHz:   0% 1800 MHz:   0% 2088 MHz:   0% 2352 MHz:   0% 2616 MHz:   0% 2868 MHz:   0% 3096 MHz:   0% 3300 MHz:   0% 3468 MHz:   0% 3624 MHz:   0% 3756 MHz:   0% 3852 MHz:   0% 3924 MHz:   0% 3996 MHz:   0% 4044 MHz:   0% 4104 MHz:   0% 4416 MHz:   0% 4512 MHz:   0%)
CPU 5 idle residency:   2.66%
CPU 5 down residency:  97.34%
CPU 6 frequency: 0 MHz
CPU 6 active residency:   0.00% (1260 MHz:   0% 1512 MHz:   0% 1800 MHz:   0% 2088 MHz:   0% 2352 MHz:   0% 2616 MHz:   0% 2868 MHz:   0% 3096 MHz:   0% 3300 MHz:   0% 3468 MHz:   0% 3624 MHz:   0% 3756 MHz:   0% 3852 MHz:   0% 3924 MHz:   0% 3996 MHz:   0% 4044 MHz:   0% 4104 MHz:   0% 4416 MHz:   0% 4512 MHz:   0%)
CPU 6 idle residency:   2.67%
CPU 6 down residency:  97.33%
CPU 7 frequency: 0 MHz
CPU 7 active residency:   0.00% (1260 MHz:   0% 1512 MHz:   0% 1800 MHz:   0% 2088 MHz:   0% 2352 MHz:   0% 2616 MHz:   0% 2868 MHz:   0% 3096 MHz:   0% 3300 MHz:   0% 3468 MHz:   0% 3624 MHz:   0% 3756 MHz:   0% 3852 MHz:   0% 3924 MHz:   0% 3996 MHz:   0% 4044 MHz:   0% 4104 MHz:   0% 4416 MHz:   0% 4512 MHz:   0%)
CPU 7 idle residency:   2.67%
CPU 7 down residency:  97.33%

P1-Cluster HW active frequency: 4502 MHz
P1-Cluster HW active residency: 100.00% (1260 MHz:   0% 1512 MHz:   0% 1800 MHz:   0% 2088 MHz:   0% 2352 MHz:   0% 2616 MHz:   0% 2868 MHz:   0% 3096 MHz:   0% 3300 MHz:   0% 3468 MHz:   0% 3624 MHz:   0% 3756 MHz:   0% 3852 MHz:   0% 3924 MHz: 1.0% 3996 MHz:   0% 4044 MHz:   0% 4104 MHz:   0% 4416 MHz: 4.3% 4512 MHz:  95%)
P1-Cluster idle residency:   0.00%
P1-Cluster down residency:   0.00%
CPU 8 frequency: 4512 MHz
CPU 8 active residency:  31.59% (1260 MHz:   0% 1512 MHz:   0% 1800 MHz:   0% 2088 MHz:   0% 2352 MHz:   0% 2616 MHz:   0% 2868 MHz:   0% 3096 MHz:   0% 3300 MHz:   0% 3468 MHz:   0% 3624 MHz:   0% 3756 MHz:   0% 3852 MHz:   0% 3924 MHz:   0% 3996 MHz:   0% 4044 MHz:   0% 4104 MHz:   0% 4416 MHz:   0% 4512 MHz:  32%)
CPU 8 idle residency:  68.41%
CPU 8 down residency:   0.00%
CPU 9 frequency: 4512 MHz
CPU 9 active residency:  21.82% (1260 MHz:   0% 1512 MHz:   0% 1800 MHz:   0% 2088 MHz:   0% 2352 MHz:   0% 2616 MHz:   0% 2868 MHz:   0% 3096 MHz:   0% 3300 MHz:   0% 3468 MHz:   0% 3624 MHz:   0% 3756 MHz:   0% 3852 MHz:   0% 3924 MHz:   0% 3996 MHz:   0% 4044 MHz:   0% 4104 MHz:   0% 4416 MHz:   0% 4512 MHz:  22%)
CPU 9 idle residency:  78.18%
CPU 9 down residency:   0.00%
CPU 10 frequency: 4512 MHz
CPU 10 active residency:  27.17% (1260 MHz:   0% 1512 MHz:   0% 1800 MHz:   0% 2088 MHz:   0% 2352 MHz:   0% 2616 MHz:   0% 2868 MHz:   0% 3096 MHz:   0% 3300 MHz:   0% 3468 MHz:   0% 3624 MHz:   0% 3756 MHz:   0% 3852 MHz:   0% 3924 MHz:   0% 3996 MHz:   0% 4044 MHz:   0% 4104 MHz:   0% 4416 MHz:   0% 4512 MHz:  27%)
CPU 10 idle residency:  72.83%
CPU 10 down residency:   0.00%
CPU 11 frequency: 4512 MHz
CPU 11 active residency:  25.38% (1260 MHz:   0% 1512 MHz:   0% 1800 MHz:   0% 2088 MHz:   0% 2352 MHz:   0% 2616 MHz:   0% 2868 MHz:   0% 3096 MHz:   0% 3300 MHz:   0% 3468 MHz:   0% 3624 MHz:   0% 3756 MHz:   0% 3852 MHz:   0% 3924 MHz:   0% 3996 MHz:   0% 4044 MHz:   0% 4104 MHz:   0% 4416 MHz:   0% 4512 MHz:  25%)
CPU 11 idle residency:  74.62%
CPU 11 down residency:   0.00%

CPU Power: 5177 mW
GPU Power: 8 mW
ANE Power: 0 mW
Combined Power (CPU + GPU + ANE): 5184 mW


*** Sampled system activity (Tue Sep 29 16:59:23 2026 -0300) (512.89ms elapsed) ***


**** Processor usage ****

E-Cluster Online: 100%
E-Cluster HW active frequency: 1231 MHz
E-Cluster HW active residency:  17.18% (1020 MHz:  14% 1404 MHz: .78% 1788 MHz: .56% 2112 MHz:   0% 2352 MHz:   0% 2532 MHz: .00% 2592 MHz: 1.8%)
E-Cluster idle residency:  82.82%
E-Cluster down residency:   0.00%
CPU 0 frequency: 1290 MHz
CPU 0 active residency:   9.33% (1020 MHz: 7.2% 1404 MHz: .45% 1788 MHz: .30% 2112 MHz:   0% 2352 MHz:   0% 2532 MHz:   0% 2592 MHz: 1.3%)
CPU 0 idle residency:  90.67%
CPU 0 down residency:   0.00%
CPU 1 frequency: 1309 MHz
CPU 1 active residency:   5.71% (1020 MHz: 4.2% 1404 MHz: .43% 1788 MHz: .31% 2112 MHz:   0% 2352 MHz:   0% 2532 MHz:   0% 2592 MHz: .79%)
CPU 1 idle residency:  94.29%
CPU 1 down residency:   0.00%
CPU 2 frequency: 1206 MHz
CPU 2 active residency:   3.34% (1020 MHz: 2.9% 1404 MHz: .07% 1788 MHz: .03% 2112 MHz:   0% 2352 MHz:   0% 2532 MHz:   0% 2592 MHz: .36%)
CPU 2 idle residency:  96.66%
CPU 2 down residency:   0.00%
CPU 3 frequency: 1529 MHz
CPU 3 active residency:   0.79% (1020 MHz: .53% 1404 MHz: .00% 1788 MHz:   0% 2112 MHz:   0% 2352 MHz:   0% 2532 MHz:   0% 2592 MHz: .26%)
CPU 3 idle residency:  99.21%
CPU 3 down residency:   0.00%

P0-Cluster Online: 4%
P0-Cluster HW active frequency: 1260 MHz
P0-Cluster HW active residency:   0.26% (1260 MHz: .26% 1512 MHz:   0% 1800 MHz:   0% 2088 MHz:   0% 2352 MHz:   0% 2616 MHz:   0% 2868 MHz:   0% 3096 MHz:   0% 3300 MHz:   0% 3468 MHz:   0% 3624 MHz:   0% 3756 MHz:   0% 3852 MHz:   0% 3924 MHz:   0% 3996 MHz:   0% 4044 MHz:   0% 4104 MHz:   0% 4416 MHz:   0% 4512 MHz:   0%)
P0-Cluster idle residency:   2.10%
P0-Cluster down residency:  97.64%
CPU 4 frequency: 0 MHz
CPU 4 active residency:   0.00% (1260 MHz:   0% 1512 MHz:   0% 1800 MHz:   0% 2088 MHz:   0% 2352 MHz:   0% 2616 MHz:   0% 2868 MHz:   0% 3096 MHz:   0% 3300 MHz:   0% 3468 MHz:   0% 3624 MHz:   0% 3756 MHz:   0% 3852 MHz:   0% 3924 MHz:   0% 3996 MHz:   0% 4044 MHz:   0% 4104 MHz:   0% 4416 MHz:   0% 4512 MHz:   0%)
CPU 4 idle residency:   2.22%
CPU 4 down residency:  97.78%
CPU 5 frequency: 0 MHz
CPU 5 active residency:   0.00% (1260 MHz:   0% 1512 MHz:   0% 1800 MHz:   0% 2088 MHz:   0% 2352 MHz:   0% 2616 MHz:   0% 2868 MHz:   0% 3096 MHz:   0% 3300 MHz:   0% 3468 MHz:   0% 3624 MHz:   0% 3756 MHz:   0% 3852 MHz:   0% 3924 MHz:   0% 3996 MHz:   0% 4044 MHz:   0% 4104 MHz:   0% 4416 MHz:   0% 4512 MHz:   0%)
CPU 5 idle residency:   2.22%
CPU 5 down residency:  97.78%
CPU 6 frequency: 0 MHz
CPU 6 active residency:   0.00% (1260 MHz:   0% 1512 MHz:   0% 1800 MHz:   0% 2088 MHz:   0% 2352 MHz:   0% 2616 MHz:   0% 2868 MHz:   0% 3096 MHz:   0% 3300 MHz:   0% 3468 MHz:   0% 3624 MHz:   0% 3756 MHz:   0% 3852 MHz:   0% 3924 MHz:   0% 3996 MHz:   0% 4044 MHz:   0% 4104 MHz:   0% 4416 MHz:   0% 4512 MHz:   0%)
CPU 6 idle residency:   2.22%
CPU 6 down residency:  97.78%
CPU 7 frequency: 0 MHz
CPU 7 active residency:   0.00% (1260 MHz:   0% 1512 MHz:   0% 1800 MHz:   0% 2088 MHz:   0% 2352 MHz:   0% 2616 MHz:   0% 2868 MHz:   0% 3096 MHz:   0% 3300 MHz:   0% 3468 MHz:   0% 3624 MHz:   0% 3756 MHz:   0% 3852 MHz:   0% 3924 MHz:   0% 3996 MHz:   0% 4044 MHz:   0% 4104 MHz:   0% 4416 MHz:   0% 4512 MHz:   0%)
CPU 7 idle residency:   2.22%
CPU 7 down residency:  97.78%

P1-Cluster HW active frequency: 4500 MHz
P1-Cluster HW active residency: 100.00% (1260 MHz:   0% 1512 MHz:   0% 1800 MHz:   0% 2088 MHz:   0% 2352 MHz:   0% 2616 MHz:   0% 2868 MHz:   0% 3096 MHz:   0% 3300 MHz:   0% 3468 MHz:   0% 3624 MHz:   0% 3756 MHz:   0% 3852 MHz:   0% 3924 MHz: 1.2% 3996 MHz:   0% 4044 MHz:   0% 4104 MHz:   0% 4416 MHz: 5.1% 4512 MHz:  94%)
P1-Cluster idle residency:   0.00%
P1-Cluster down residency:   0.00%
CPU 8 frequency: 4512 MHz
CPU 8 active residency:  21.36% (1260 MHz:   0% 1512 MHz:   0% 1800 MHz:   0% 2088 MHz:   0% 2352 MHz:   0% 2616 MHz:   0% 2868 MHz:   0% 3096 MHz:   0% 3300 MHz:   0% 3468 MHz:   0% 3624 MHz:   0% 3756 MHz:   0% 3852 MHz:   0% 3924 MHz:   0% 3996 MHz:   0% 4044 MHz:   0% 4104 MHz:   0% 4416 MHz:   0% 4512 MHz:  21%)
CPU 8 idle residency:  78.64%
CPU 8 down residency:   0.00%
CPU 9 frequency: 4512 MHz
CPU 9 active residency:  24.42% (1260 MHz:   0% 1512 MHz:   0% 1800 MHz:   0% 2088 MHz:   0% 2352 MHz:   0% 2616 MHz:   0% 2868 MHz:   0% 3096 MHz:   0% 3300 MHz:   0% 3468 MHz:   0% 3624 MHz:   0% 3756 MHz:   0% 3852 MHz:   0% 3924 MHz:   0% 3996 MHz:   0% 4044 MHz:   0% 4104 MHz:   0% 4416 MHz:   0% 4512 MHz:  24%)
CPU 9 idle residency:  75.58%
CPU 9 down residency:   0.00%
CPU 10 frequency: 4512 MHz
CPU 10 active residency:  33.37% (1260 MHz:   0% 1512 MHz:   0% 1800 MHz:   0% 2088 MHz:   0% 2352 MHz:   0% 2616 MHz:   0% 2868 MHz:   0% 3096 MHz:   0% 3300 MHz:   0% 3468 MHz:   0% 3624 MHz:   0% 3756 MHz:   0% 3852 MHz:   0% 3924 MHz:   0% 3996 MHz:   0% 4044 MHz:   0% 4104 MHz:   0% 4416 MHz:   0% 4512 MHz:  33%)
CPU 10 idle residency:  66.63%
CPU 10 down residency:   0.00%
CPU 11 frequency: 4512 MHz
CPU 11 active residency:  27.60% (1260 MHz:   0% 1512 MHz:   0% 1800 MHz:   0% 2088 MHz:   0% 2352 MHz:   0% 2616 MHz:   0% 2868 MHz:   0% 3096 MHz:   0% 3300 MHz:   0% 3468 MHz:   0% 3624 MHz:   0% 3756 MHz:   0% 3852 MHz:   0% 3924 MHz:   0% 3996 MHz:   0% 4044 MHz:   0% 4104 MHz:   0% 4416 MHz:   0% 4512 MHz:  28%)
CPU 11 idle residency:  72.40%
CPU 11 down residency:   0.00%

CPU Power: 5186 mW
GPU Power: 8 mW
ANE Power: 0 mW
Combined Power (CPU + GPU + ANE): 5194 mW


*** Sampled system activity (Tue Sep 29 16:59:23 2026 -0300) (513.43ms elapsed) ***


**** Processor usage ****

E-Cluster Online: 100%
E-Cluster HW active frequency: 1183 MHz
E-Cluster HW active residency:  16.84% (1020 MHz:  15% 1404 MHz:   0% 1788 MHz: .39% 2112 MHz:   0% 2352 MHz: .03% 2532 MHz: .00% 2592 MHz: 1.5%)
E-Cluster idle residency:  83.16%
E-Cluster down residency:   0.00%
CPU 0 frequency: 1201 MHz
CPU 0 active residency:   9.15% (1020 MHz: 8.0% 1404 MHz:   0% 1788 MHz: .24% 2112 MHz:   0% 2352 MHz: .01% 2532 MHz:   0% 2592 MHz: .93%)
CPU 0 idle residency:  90.85%
CPU 0 down residency:   0.00%
CPU 1 frequency: 1226 MHz
CPU 1 active residency:   6.44% (1020 MHz: 5.5% 1404 MHz:   0% 1788 MHz: .24% 2112 MHz:   0% 2352 MHz: .02% 2532 MHz:   0% 2592 MHz: .71%)
CPU 1 idle residency:  93.56%
CPU 1 down residency:   0.00%
CPU 2 frequency: 1237 MHz
CPU 2 active residency:   2.85% (1020 MHz: 2.4% 1404 MHz:   0% 1788 MHz: .02% 2112 MHz:   0% 2352 MHz: .01% 2532 MHz:   0% 2592 MHz: .37%)
CPU 2 idle residency:  97.15%
CPU 2 down residency:   0.00%
CPU 3 frequency: 1510 MHz
CPU 3 active residency:   1.05% (1020 MHz: .72% 1404 MHz:   0% 1788 MHz:   0% 2112 MHz:   0% 2352 MHz:   0% 2532 MHz:   0% 2592 MHz: .33%)
CPU 3 idle residency:  98.95%
CPU 3 down residency:   0.00%

P0-Cluster Online: 55%
P0-Cluster HW active frequency: 4487 MHz
P0-Cluster HW active residency:  52.87% (1260 MHz: .20% 1512 MHz:   0% 1800 MHz:   0% 2088 MHz:   0% 2352 MHz:   0% 2616 MHz:   0% 2868 MHz:   0% 3096 MHz:   0% 3300 MHz:   0% 3468 MHz:   0% 3624 MHz:   0% 3756 MHz:   0% 3852 MHz:   0% 3924 MHz: .67% 3996 MHz:   0% 4044 MHz: .05% 4104 MHz:   0% 4416 MHz: 2.6% 4512 MHz:  49%)
P0-Cluster idle residency:   1.28%
P0-Cluster down residency:  45.85%
CPU 4 frequency: 4318 MHz
CPU 4 active residency:   7.94% (1260 MHz: .47% 1512 MHz:   0% 1800 MHz:   0% 2088 MHz:   0% 2352 MHz:   0% 2616 MHz:   0% 2868 MHz:   0% 3096 MHz:   0% 3300 MHz:   0% 3468 MHz:   0% 3624 MHz:   0% 3756 MHz:   0% 3852 MHz:   0% 3924 MHz:   0% 3996 MHz:   0% 4044 MHz:   0% 4104 MHz:   0% 4416 MHz:   0% 4512 MHz: 7.5%)
CPU 4 idle residency:  46.48%
CPU 4 down residency:  45.58%
CPU 5 frequency: 4431 MHz
CPU 5 active residency:  17.45% (1260 MHz: .44% 1512 MHz:   0% 1800 MHz:   0% 2088 MHz:   0% 2352 MHz:   0% 2616 MHz:   0% 2868 MHz:   0% 3096 MHz:   0% 3300 MHz:   0% 3468 MHz:   0% 3624 MHz:   0% 3756 MHz:   0% 3852 MHz:   0% 3924 MHz:   0% 3996 MHz:   0% 4044 MHz:   0% 4104 MHz:   0% 4416 MHz:   0% 4512 MHz:  17%)
CPU 5 idle residency:  36.93%
CPU 5 down residency:  45.62%
CPU 6 frequency: 4460 MHz
CPU 6 active residency:  26.23% (1260 MHz: .42% 1512 MHz:   0% 1800 MHz:   0% 2088 MHz:   0% 2352 MHz:   0% 2616 MHz:   0% 2868 MHz:   0% 3096 MHz:   0% 3300 MHz:   0% 3468 MHz:   0% 3624 MHz:   0% 3756 MHz:   0% 3852 MHz:   0% 3924 MHz:   0% 3996 MHz:   0% 4044 MHz:   0% 4104 MHz:   0% 4416 MHz:   0% 4512 MHz:  26%)
CPU 6 idle residency:  28.14%
CPU 6 down residency:  45.63%
CPU 7 frequency: 4305 MHz
CPU 7 active residency:   6.67% (1260 MHz: .42% 1512 MHz:   0% 1800 MHz:   0% 2088 MHz:   0% 2352 MHz:   0% 2616 MHz:   0% 2868 MHz:   0% 3096 MHz:   0% 3300 MHz:   0% 3468 MHz:   0% 3624 MHz:   0% 3756 MHz:   0% 3852 MHz:   0% 3924 MHz:   0% 3996 MHz:   0% 4044 MHz:   0% 4104 MHz:   0% 4416 MHz:   0% 4512 MHz: 6.2%)
CPU 7 idle residency:  47.68%
CPU 7 down residency:  45.64%

P1-Cluster HW active frequency: 4487 MHz
P1-Cluster HW active residency:  47.64% (1260 MHz: .20% 1512 MHz:   0% 1800 MHz:   0% 2088 MHz:   0% 2352 MHz:   0% 2616 MHz:   0% 2868 MHz:   0% 3096 MHz:   0% 3300 MHz:   0% 3468 MHz:   0% 3624 MHz:   0% 3756 MHz:   0% 3852 MHz:   0% 3924 MHz: .54% 3996 MHz:   0% 4044 MHz:   0% 4104 MHz:   0% 4416 MHz: 2.4% 4512 MHz:  44%)
P1-Cluster idle residency:   0.86%
P1-Cluster down residency:  51.50%
CPU 8 frequency: 4512 MHz
CPU 8 active residency:   0.88% (1260 MHz:   0% 1512 MHz:   0% 1800 MHz:   0% 2088 MHz:   0% 2352 MHz:   0% 2616 MHz:   0% 2868 MHz:   0% 3096 MHz:   0% 3300 MHz:   0% 3468 MHz:   0% 3624 MHz:   0% 3756 MHz:   0% 3852 MHz:   0% 3924 MHz:   0% 3996 MHz:   0% 4044 MHz:   0% 4104 MHz:   0% 4416 MHz:   0% 4512 MHz: .88%)
CPU 8 idle residency:  31.33%
CPU 8 down residency:  67.79%
CPU 9 frequency: 4512 MHz
CPU 9 active residency:   0.04% (1260 MHz:   0% 1512 MHz:   0% 1800 MHz:   0% 2088 MHz:   0% 2352 MHz:   0% 2616 MHz:   0% 2868 MHz:   0% 3096 MHz:   0% 3300 MHz:   0% 3468 MHz:   0% 3624 MHz:   0% 3756 MHz:   0% 3852 MHz:   0% 3924 MHz:   0% 3996 MHz:   0% 4044 MHz:   0% 4104 MHz:   0% 4416 MHz:   0% 4512 MHz: .04%)
CPU 9 idle residency:  42.23%
CPU 9 down residency:  57.72%
CPU 10 frequency: 4512 MHz
CPU 10 active residency:   1.37% (1260 MHz:   0% 1512 MHz:   0% 1800 MHz:   0% 2088 MHz:   0% 2352 MHz:   0% 2616 MHz:   0% 2868 MHz:   0% 3096 MHz:   0% 3300 MHz:   0% 3468 MHz:   0% 3624 MHz:   0% 3756 MHz:   0% 3852 MHz:   0% 3924 MHz:   0% 3996 MHz:   0% 4044 MHz:   0% 4104 MHz:   0% 4416 MHz:   0% 4512 MHz: 1.4%)
CPU 10 idle residency:  41.52%
CPU 10 down residency:  57.11%
CPU 11 frequency: 4512 MHz
CPU 11 active residency:   0.65% (1260 MHz:   0% 1512 MHz:   0% 1800 MHz:   0% 2088 MHz:   0% 2352 MHz:   0% 2616 MHz:   0% 2868 MHz:   0% 3096 MHz:   0% 3300 MHz:   0% 3468 MHz:   0% 3624 MHz:   0% 3756 MHz:   0% 3852 MHz:   0% 3924 MHz:   0% 3996 MHz:   0% 4044 MHz:   0% 4104 MHz:   0% 4416 MHz:   0% 4512 MHz: .65%)
CPU 11 idle residency:  45.77%
CPU 11 down residency:  53.58%

CPU Power: 5218 mW
GPU Power: 4 mW
ANE Power: 0 mW
Combined Power (CPU + GPU + ANE): 5222 mW


*** Sampled system activity (Tue Sep 29 16:59:24 2026 -0300) (514.43ms elapsed) ***


**** Processor usage ****

E-Cluster Online: 100%
E-Cluster HW active frequency: 1055 MHz
E-Cluster HW active residency:  11.72% (1020 MHz:  11% 1404 MHz:   0% 1788 MHz:   0% 2112 MHz:   0% 2352 MHz:   0% 2532 MHz:   0% 2592 MHz: .26%)
E-Cluster idle residency:  88.28%
E-Cluster down residency:   0.00%
CPU 0 frequency: 1045 MHz
CPU 0 active residency:   5.70% (1020 MHz: 5.6% 1404 MHz:   0% 1788 MHz:   0% 2112 MHz:   0% 2352 MHz:   0% 2532 MHz:   0% 2592 MHz: .09%)
CPU 0 idle residency:  94.30%
CPU 0 down residency:   0.00%
CPU 1 frequency: 1042 MHz
CPU 1 active residency:   3.17% (1020 MHz: 3.1% 1404 MHz:   0% 1788 MHz:   0% 2112 MHz:   0% 2352 MHz:   0% 2532 MHz:   0% 2592 MHz: .04%)
CPU 1 idle residency:  96.83%
CPU 1 down residency:   0.00%
CPU 2 frequency: 1099 MHz
CPU 2 active residency:   1.78% (1020 MHz: 1.7% 1404 MHz:   0% 1788 MHz:   0% 2112 MHz:   0% 2352 MHz:   0% 2532 MHz:   0% 2592 MHz: .09%)
CPU 2 idle residency:  98.22%
CPU 2 down residency:   0.00%
CPU 3 frequency: 1049 MHz
CPU 3 active residency:   0.52% (1020 MHz: .51% 1404 MHz:   0% 1788 MHz:   0% 2112 MHz:   0% 2352 MHz:   0% 2532 MHz:   0% 2592 MHz: .01%)
CPU 3 idle residency:  99.48%
CPU 3 down residency:   0.00%

P0-Cluster Online: 100%
P0-Cluster HW active frequency: 4468 MHz
P0-Cluster HW active residency: 100.00% (1260 MHz:   0% 1512 MHz:   0% 1800 MHz:   0% 2088 MHz:   0% 2352 MHz:   0% 2616 MHz:   0% 2868 MHz:   0% 3096 MHz:   0% 3300 MHz:   0% 3468 MHz:   0% 3624 MHz:   0% 3756 MHz:   0% 3852 MHz:   0% 3924 MHz: 1.2% 3996 MHz: .13% 4044 MHz: 5.5% 4104 MHz:   0% 4416 MHz:  11% 4512 MHz:  82%)
P0-Cluster idle residency:   0.00%
P0-Cluster down residency:   0.00%
CPU 4 frequency: 4512 MHz
CPU 4 active residency:  29.02% (1260 MHz:   0% 1512 MHz:   0% 1800 MHz:   0% 2088 MHz:   0% 2352 MHz:   0% 2616 MHz:   0% 2868 MHz:   0% 3096 MHz:   0% 3300 MHz:   0% 3468 MHz:   0% 3624 MHz:   0% 3756 MHz:   0% 3852 MHz:   0% 3924 MHz:   0% 3996 MHz:   0% 4044 MHz:   0% 4104 MHz:   0% 4416 MHz:   0% 4512 MHz:  29%)
CPU 4 idle residency:  70.98%
CPU 4 down residency:   0.00%
CPU 5 frequency: 4512 MHz
CPU 5 active residency:  23.27% (1260 MHz:   0% 1512 MHz:   0% 1800 MHz:   0% 2088 MHz:   0% 2352 MHz:   0% 2616 MHz:   0% 2868 MHz:   0% 3096 MHz:   0% 3300 MHz:   0% 3468 MHz:   0% 3624 MHz:   0% 3756 MHz:   0% 3852 MHz:   0% 3924 MHz:   0% 3996 MHz:   0% 4044 MHz:   0% 4104 MHz:   0% 4416 MHz:   0% 4512 MHz:  23%)
CPU 5 idle residency:  76.73%
CPU 5 down residency:   0.00%
CPU 6 frequency: 4512 MHz
CPU 6 active residency:  17.51% (1260 MHz:   0% 1512 MHz:   0% 1800 MHz:   0% 2088 MHz:   0% 2352 MHz:   0% 2616 MHz:   0% 2868 MHz:   0% 3096 MHz:   0% 3300 MHz:   0% 3468 MHz:   0% 3624 MHz:   0% 3756 MHz:   0% 3852 MHz:   0% 3924 MHz:   0% 3996 MHz:   0% 4044 MHz:   0% 4104 MHz:   0% 4416 MHz:   0% 4512 MHz:  18%)
CPU 6 idle residency:  82.49%
CPU 6 down residency:   0.00%
CPU 7 frequency: 4512 MHz
CPU 7 active residency:  43.28% (1260 MHz:   0% 1512 MHz:   0% 1800 MHz:   0% 2088 MHz:   0% 2352 MHz:   0% 2616 MHz:   0% 2868 MHz:   0% 3096 MHz:   0% 3300 MHz:   0% 3468 MHz:   0% 3624 MHz:   0% 3756 MHz:   0% 3852 MHz:   0% 3924 MHz:   0% 3996 MHz:   0% 4044 MHz:   0% 4104 MHz:   0% 4416 MHz:   0% 4512 MHz:  43%)
CPU 7 idle residency:  56.72%
CPU 7 down residency:   0.00%

P1-Cluster HW active frequency: 3485 MHz
P1-Cluster HW active residency:   0.75% (1260 MHz: .23% 1512 MHz:   0% 1800 MHz:   0% 2088 MHz:   0% 2352 MHz:   0% 2616 MHz:   0% 2868 MHz:   0% 3096 MHz:   0% 3300 MHz:   0% 3468 MHz:   0% 3624 MHz:   0% 3756 MHz:   0% 3852 MHz:   0% 3924 MHz: .05% 3996 MHz:   0% 4044 MHz:   0% 4104 MHz:   0% 4416 MHz: .05% 4512 MHz: .42%)
P1-Cluster idle residency:   1.67%
P1-Cluster down residency:  97.58%
CPU 8 frequency: 0 MHz
CPU 8 active residency:   0.00% (1260 MHz:   0% 1512 MHz:   0% 1800 MHz:   0% 2088 MHz:   0% 2352 MHz:   0% 2616 MHz:   0% 2868 MHz:   0% 3096 MHz:   0% 3300 MHz:   0% 3468 MHz:   0% 3624 MHz:   0% 3756 MHz:   0% 3852 MHz:   0% 3924 MHz:   0% 3996 MHz:   0% 4044 MHz:   0% 4104 MHz:   0% 4416 MHz:   0% 4512 MHz:   0%)
CPU 8 idle residency:   2.10%
CPU 8 down residency:  97.90%
CPU 9 frequency: 0 MHz
CPU 9 active residency:   0.00% (1260 MHz:   0% 1512 MHz:   0% 1800 MHz:   0% 2088 MHz:   0% 2352 MHz:   0% 2616 MHz:   0% 2868 MHz:   0% 3096 MHz:   0% 3300 MHz:   0% 3468 MHz:   0% 3624 MHz:   0% 3756 MHz:   0% 3852 MHz:   0% 3924 MHz:   0% 3996 MHz:   0% 4044 MHz:   0% 4104 MHz:   0% 4416 MHz:   0% 4512 MHz:   0%)
CPU 9 idle residency:   2.20%
CPU 9 down residency:  97.80%
CPU 10 frequency: 0 MHz
CPU 10 active residency:   0.00% (1260 MHz:   0% 1512 MHz:   0% 1800 MHz:   0% 2088 MHz:   0% 2352 MHz:   0% 2616 MHz:   0% 2868 MHz:   0% 3096 MHz:   0% 3300 MHz:   0% 3468 MHz:   0% 3624 MHz:   0% 3756 MHz:   0% 3852 MHz:   0% 3924 MHz:   0% 3996 MHz:   0% 4044 MHz:   0% 4104 MHz:   0% 4416 MHz:   0% 4512 MHz:   0%)
CPU 10 idle residency:   2.25%
CPU 10 down residency:  97.75%
CPU 11 frequency: 0 MHz
CPU 11 active residency:   0.00% (1260 MHz:   0% 1512 MHz:   0% 1800 MHz:   0% 2088 MHz:   0% 2352 MHz:   0% 2616 MHz:   0% 2868 MHz:   0% 3096 MHz:   0% 3300 MHz:   0% 3468 MHz:   0% 3624 MHz:   0% 3756 MHz:   0% 3852 MHz:   0% 3924 MHz:   0% 3996 MHz:   0% 4044 MHz:   0% 4104 MHz:   0% 4416 MHz:   0% 4512 MHz:   0%)
CPU 11 idle residency:   2.26%
CPU 11 down residency:  97.74%

CPU Power: 5490 mW
GPU Power: 0 mW
ANE Power: 0 mW
Combined Power (CPU + GPU + ANE): 5490 mW


*** Sampled system activity (Tue Sep 29 16:59:24 2026 -0300) (515.44ms elapsed) ***


**** Processor usage ****

E-Cluster Online: 100%
E-Cluster HW active frequency: 1037 MHz
E-Cluster HW active residency:  12.47% (1020 MHz:  12% 1404 MHz:   0% 1788 MHz: .27% 2112 MHz:   0% 2352 MHz:   0% 2532 MHz:   0% 2592 MHz:   0%)
E-Cluster idle residency:  87.53%
E-Cluster down residency:   0.00%
CPU 0 frequency: 1040 MHz
CPU 0 active residency:   5.55% (1020 MHz: 5.4% 1404 MHz:   0% 1788 MHz: .15% 2112 MHz:   0% 2352 MHz:   0% 2532 MHz:   0% 2592 MHz:   0%)
CPU 0 idle residency:  94.45%
CPU 0 down residency:   0.00%
CPU 1 frequency: 1040 MHz
CPU 1 active residency:   5.91% (1020 MHz: 5.8% 1404 MHz:   0% 1788 MHz: .15% 2112 MHz:   0% 2352 MHz:   0% 2532 MHz:   0% 2592 MHz:   0%)
CPU 1 idle residency:  94.09%
CPU 1 down residency:   0.00%
CPU 2 frequency: 1033 MHz
CPU 2 active residency:   1.93% (1020 MHz: 1.9% 1404 MHz:   0% 1788 MHz: .03% 2112 MHz:   0% 2352 MHz:   0% 2532 MHz:   0% 2592 MHz:   0%)
CPU 2 idle residency:  98.07%
CPU 2 down residency:   0.00%
CPU 3 frequency: 1020 MHz
CPU 3 active residency:   1.37% (1020 MHz: 1.4% 1404 MHz:   0% 1788 MHz:   0% 2112 MHz:   0% 2352 MHz:   0% 2532 MHz:   0% 2592 MHz:   0%)
CPU 3 idle residency:  98.63%
CPU 3 down residency:   0.00%

P0-Cluster Online: 100%
P0-Cluster HW active frequency: 4466 MHz
P0-Cluster HW active residency: 100.00% (1260 MHz:   0% 1512 MHz:   0% 1800 MHz:   0% 2088 MHz:   0% 2352 MHz:   0% 2616 MHz:   0% 2868 MHz:   0% 3096 MHz:   0% 3300 MHz:   0% 3468 MHz:   0% 3624 MHz:   0% 3756 MHz:   0% 3852 MHz:   0% 3924 MHz: .32% 3996 MHz: .04% 4044 MHz: 8.6% 4104 MHz:   0% 4416 MHz: 3.9% 4512 MHz:  87%)
P0-Cluster idle residency:   0.00%
P0-Cluster down residency:   0.00%
CPU 4 frequency: 4512 MHz
CPU 4 active residency:  36.60% (1260 MHz:   0% 1512 MHz:   0% 1800 MHz:   0% 2088 MHz:   0% 2352 MHz:   0% 2616 MHz:   0% 2868 MHz:   0% 3096 MHz:   0% 3300 MHz:   0% 3468 MHz:   0% 3624 MHz:   0% 3756 MHz:   0% 3852 MHz:   0% 3924 MHz:   0% 3996 MHz:   0% 4044 MHz:   0% 4104 MHz:   0% 4416 MHz:   0% 4512 MHz:  37%)
CPU 4 idle residency:  63.40%
CPU 4 down residency:   0.00%
CPU 5 frequency: 4512 MHz
CPU 5 active residency:  30.70% (1260 MHz:   0% 1512 MHz:   0% 1800 MHz:   0% 2088 MHz:   0% 2352 MHz:   0% 2616 MHz:   0% 2868 MHz:   0% 3096 MHz:   0% 3300 MHz:   0% 3468 MHz:   0% 3624 MHz:   0% 3756 MHz:   0% 3852 MHz:   0% 3924 MHz:   0% 3996 MHz:   0% 4044 MHz:   0% 4104 MHz:   0% 4416 MHz:   0% 4512 MHz:  31%)
CPU 5 idle residency:  69.30%
CPU 5 down residency:   0.00%
CPU 6 frequency: 4512 MHz
CPU 6 active residency:  16.68% (1260 MHz:   0% 1512 MHz:   0% 1800 MHz:   0% 2088 MHz:   0% 2352 MHz:   0% 2616 MHz:   0% 2868 MHz:   0% 3096 MHz:   0% 3300 MHz:   0% 3468 MHz:   0% 3624 MHz:   0% 3756 MHz:   0% 3852 MHz:   0% 3924 MHz:   0% 3996 MHz:   0% 4044 MHz:   0% 4104 MHz:   0% 4416 MHz:   0% 4512 MHz:  17%)
CPU 6 idle residency:  83.32%
CPU 6 down residency:   0.00%
CPU 7 frequency: 4512 MHz
CPU 7 active residency:  20.16% (1260 MHz:   0% 1512 MHz:   0% 1800 MHz:   0% 2088 MHz:   0% 2352 MHz:   0% 2616 MHz:   0% 2868 MHz:   0% 3096 MHz:   0% 3300 MHz:   0% 3468 MHz:   0% 3624 MHz:   0% 3756 MHz:   0% 3852 MHz:   0% 3924 MHz:   0% 3996 MHz:   0% 4044 MHz:   0% 4104 MHz:   0% 4416 MHz:   0% 4512 MHz:  20%)
CPU 7 idle residency:  79.84%
CPU 7 down residency:   0.00%

P1-Cluster HW active frequency: 1260 MHz
P1-Cluster HW active residency:   0.09% (1260 MHz: .09% 1512 MHz:   0% 1800 MHz:   0% 2088 MHz:   0% 2352 MHz:   0% 2616 MHz:   0% 2868 MHz:   0% 3096 MHz:   0% 3300 MHz:   0% 3468 MHz:   0% 3624 MHz:   0% 3756 MHz:   0% 3852 MHz:   0% 3924 MHz:   0% 3996 MHz:   0% 4044 MHz:   0% 4104 MHz:   0% 4416 MHz:   0% 4512 MHz:   0%)
P1-Cluster idle residency:   1.19%
P1-Cluster down residency:  98.72%
CPU 8 frequency: 0 MHz
CPU 8 active residency:   0.00% (1260 MHz:   0% 1512 MHz:   0% 1800 MHz:   0% 2088 MHz:   0% 2352 MHz:   0% 2616 MHz:   0% 2868 MHz:   0% 3096 MHz:   0% 3300 MHz:   0% 3468 MHz:   0% 3624 MHz:   0% 3756 MHz:   0% 3852 MHz:   0% 3924 MHz:   0% 3996 MHz:   0% 4044 MHz:   0% 4104 MHz:   0% 4416 MHz:   0% 4512 MHz:   0%)
CPU 8 idle residency:   1.23%
CPU 8 down residency:  98.77%
CPU 9 frequency: 0 MHz
CPU 9 active residency:   0.00% (1260 MHz:   0% 1512 MHz:   0% 1800 MHz:   0% 2088 MHz:   0% 2352 MHz:   0% 2616 MHz:   0% 2868 MHz:   0% 3096 MHz:   0% 3300 MHz:   0% 3468 MHz:   0% 3624 MHz:   0% 3756 MHz:   0% 3852 MHz:   0% 3924 MHz:   0% 3996 MHz:   0% 4044 MHz:   0% 4104 MHz:   0% 4416 MHz:   0% 4512 MHz:   0%)
CPU 9 idle residency:   1.23%
CPU 9 down residency:  98.77%
CPU 10 frequency: 0 MHz
CPU 10 active residency:   0.00% (1260 MHz:   0% 1512 MHz:   0% 1800 MHz:   0% 2088 MHz:   0% 2352 MHz:   0% 2616 MHz:   0% 2868 MHz:   0% 3096 MHz:   0% 3300 MHz:   0% 3468 MHz:   0% 3624 MHz:   0% 3756 MHz:   0% 3852 MHz:   0% 3924 MHz:   0% 3996 MHz:   0% 4044 MHz:   0% 4104 MHz:   0% 4416 MHz:   0% 4512 MHz:   0%)
CPU 10 idle residency:   1.23%
CPU 10 down residency:  98.77%
CPU 11 frequency: 0 MHz
CPU 11 active residency:   0.00% (1260 MHz:   0% 1512 MHz:   0% 1800 MHz:   0% 2088 MHz:   0% 2352 MHz:   0% 2616 MHz:   0% 2868 MHz:   0% 3096 MHz:   0% 3300 MHz:   0% 3468 MHz:   0% 3624 MHz:   0% 3756 MHz:   0% 3852 MHz:   0% 3924 MHz:   0% 3996 MHz:   0% 4044 MHz:   0% 4104 MHz:   0% 4416 MHz:   0% 4512 MHz:   0%)
CPU 11 idle residency:   1.23%
CPU 11 down residency:  98.77%

CPU Power: 5013 mW
GPU Power: 0 mW
ANE Power: 0 mW
Combined Power (CPU + GPU + ANE): 5013 mW


*** Sampled system activity (Tue Sep 29 16:59:25 2026 -0300) (514.82ms elapsed) ***


**** Processor usage ****

E-Cluster Online: 100%
E-Cluster HW active frequency: 1104 MHz
E-Cluster HW active residency:  14.25% (1020 MHz:  12% 1404 MHz: 1.6% 1788 MHz: .75% 2112 MHz:   0% 2352 MHz:   0% 2532 MHz:   0% 2592 MHz:   0%)
E-Cluster idle residency:  85.75%
E-Cluster down residency:   0.00%
CPU 0 frequency: 1141 MHz
CPU 0 active residency:   7.15% (1020 MHz: 5.4% 1404 MHz: 1.2% 1788 MHz: .50% 2112 MHz:   0% 2352 MHz:   0% 2532 MHz:   0% 2592 MHz:   0%)
CPU 0 idle residency:  92.85%
CPU 0 down residency:   0.00%
CPU 1 frequency: 1116 MHz
CPU 1 active residency:   4.48% (1020 MHz: 3.7% 1404 MHz: .53% 1788 MHz: .29% 2112 MHz:   0% 2352 MHz:   0% 2532 MHz:   0% 2592 MHz:   0%)
CPU 1 idle residency:  95.52%
CPU 1 down residency:   0.00%
CPU 2 frequency: 1033 MHz
CPU 2 active residency:   3.10% (1020 MHz: 3.0% 1404 MHz: .03% 1788 MHz: .04% 2112 MHz:   0% 2352 MHz:   0% 2532 MHz:   0% 2592 MHz:   0%)
CPU 2 idle residency:  96.90%
CPU 2 down residency:   0.00%
CPU 3 frequency: 1021 MHz
CPU 3 active residency:   0.40% (1020 MHz: .40% 1404 MHz:   0% 1788 MHz: .00% 2112 MHz:   0% 2352 MHz:   0% 2532 MHz:   0% 2592 MHz:   0%)
CPU 3 idle residency:  99.60%
CPU 3 down residency:   0.00%

P0-Cluster Online: 100%
P0-Cluster HW active frequency: 4470 MHz
P0-Cluster HW active residency: 100.00% (1260 MHz:   0% 1512 MHz:   0% 1800 MHz:   0% 2088 MHz:   0% 2352 MHz:   0% 2616 MHz:   0% 2868 MHz:   0% 3096 MHz:   0% 3300 MHz:   0% 3468 MHz:   0% 3624 MHz:   0% 3756 MHz:   0% 3852 MHz:   0% 3924 MHz: .33% 3996 MHz: .06% 4044 MHz: 7.9% 4104 MHz:   0% 4416 MHz: 3.8% 4512 MHz:  88%)
P0-Cluster idle residency:   0.00%
P0-Cluster down residency:   0.00%
CPU 4 frequency: 4512 MHz
CPU 4 active residency:  21.88% (1260 MHz:   0% 1512 MHz:   0% 1800 MHz:   0% 2088 MHz:   0% 2352 MHz:   0% 2616 MHz:   0% 2868 MHz:   0% 3096 MHz:   0% 3300 MHz:   0% 3468 MHz:   0% 3624 MHz:   0% 3756 MHz:   0% 3852 MHz:   0% 3924 MHz:   0% 3996 MHz:   0% 4044 MHz:   0% 4104 MHz:   0% 4416 MHz:   0% 4512 MHz:  22%)
CPU 4 idle residency:  78.12%
CPU 4 down residency:   0.00%
CPU 5 frequency: 4512 MHz
CPU 5 active residency:  34.80% (1260 MHz:   0% 1512 MHz:   0% 1800 MHz:   0% 2088 MHz:   0% 2352 MHz:   0% 2616 MHz:   0% 2868 MHz:   0% 3096 MHz:   0% 3300 MHz:   0% 3468 MHz:   0% 3624 MHz:   0% 3756 MHz:   0% 3852 MHz:   0% 3924 MHz:   0% 3996 MHz:   0% 4044 MHz:   0% 4104 MHz:   0% 4416 MHz:   0% 4512 MHz:  35%)
CPU 5 idle residency:  65.20%
CPU 5 down residency:   0.00%
CPU 6 frequency: 4512 MHz
CPU 6 active residency:  30.62% (1260 MHz:   0% 1512 MHz:   0% 1800 MHz:   0% 2088 MHz:   0% 2352 MHz:   0% 2616 MHz:   0% 2868 MHz:   0% 3096 MHz:   0% 3300 MHz:   0% 3468 MHz:   0% 3624 MHz:   0% 3756 MHz:   0% 3852 MHz:   0% 3924 MHz:   0% 3996 MHz:   0% 4044 MHz:   0% 4104 MHz:   0% 4416 MHz:   0% 4512 MHz:  31%)
CPU 6 idle residency:  69.38%
CPU 6 down residency:   0.00%
CPU 7 frequency: 4512 MHz
CPU 7 active residency:  16.68% (1260 MHz:   0% 1512 MHz:   0% 1800 MHz:   0% 2088 MHz:   0% 2352 MHz:   0% 2616 MHz:   0% 2868 MHz:   0% 3096 MHz:   0% 3300 MHz:   0% 3468 MHz:   0% 3624 MHz:   0% 3756 MHz:   0% 3852 MHz:   0% 3924 MHz:   0% 3996 MHz:   0% 4044 MHz:   0% 4104 MHz:   0% 4416 MHz:   0% 4512 MHz:  17%)
CPU 7 idle residency:  83.32%
CPU 7 down residency:   0.00%

P1-Cluster HW active frequency: 1260 MHz
P1-Cluster HW active residency:   0.15% (1260 MHz: .15% 1512 MHz:   0% 1800 MHz:   0% 2088 MHz:   0% 2352 MHz:   0% 2616 MHz:   0% 2868 MHz:   0% 3096 MHz:   0% 3300 MHz:   0% 3468 MHz:   0% 3624 MHz:   0% 3756 MHz:   0% 3852 MHz:   0% 3924 MHz:   0% 3996 MHz:   0% 4044 MHz:   0% 4104 MHz:   0% 4416 MHz:   0% 4512 MHz:   0%)
P1-Cluster idle residency:   0.89%
P1-Cluster down residency:  98.96%
CPU 8 frequency: 0 MHz
CPU 8 active residency:   0.00% (1260 MHz:   0% 1512 MHz:   0% 1800 MHz:   0% 2088 MHz:   0% 2352 MHz:   0% 2616 MHz:   0% 2868 MHz:   0% 3096 MHz:   0% 3300 MHz:   0% 3468 MHz:   0% 3624 MHz:   0% 3756 MHz:   0% 3852 MHz:   0% 3924 MHz:   0% 3996 MHz:   0% 4044 MHz:   0% 4104 MHz:   0% 4416 MHz:   0% 4512 MHz:   0%)
CPU 8 idle residency:   0.99%
CPU 8 down residency:  99.01%
CPU 9 frequency: 0 MHz
CPU 9 active residency:   0.00% (1260 MHz:   0% 1512 MHz:   0% 1800 MHz:   0% 2088 MHz:   0% 2352 MHz:   0% 2616 MHz:   0% 2868 MHz:   0% 3096 MHz:   0% 3300 MHz:   0% 3468 MHz:   0% 3624 MHz:   0% 3756 MHz:   0% 3852 MHz:   0% 3924 MHz:   0% 3996 MHz:   0% 4044 MHz:   0% 4104 MHz:   0% 4416 MHz:   0% 4512 MHz:   0%)
CPU 9 idle residency:   0.99%
CPU 9 down residency:  99.01%
CPU 10 frequency: 0 MHz
CPU 10 active residency:   0.00% (1260 MHz:   0% 1512 MHz:   0% 1800 MHz:   0% 2088 MHz:   0% 2352 MHz:   0% 2616 MHz:   0% 2868 MHz:   0% 3096 MHz:   0% 3300 MHz:   0% 3468 MHz:   0% 3624 MHz:   0% 3756 MHz:   0% 3852 MHz:   0% 3924 MHz:   0% 3996 MHz:   0% 4044 MHz:   0% 4104 MHz:   0% 4416 MHz:   0% 4512 MHz:   0%)
CPU 10 idle residency:   0.99%
CPU 10 down residency:  99.01%
CPU 11 frequency: 0 MHz
CPU 11 active residency:   0.00% (1260 MHz:   0% 1512 MHz:   0% 1800 MHz:   0% 2088 MHz:   0% 2352 MHz:   0% 2616 MHz:   0% 2868 MHz:   0% 3096 MHz:   0% 3300 MHz:   0% 3468 MHz:   0% 3624 MHz:   0% 3756 MHz:   0% 3852 MHz:   0% 3924 MHz:   0% 3996 MHz:   0% 4044 MHz:   0% 4104 MHz:   0% 4416 MHz:   0% 4512 MHz:   0%)
CPU 11 idle residency:   0.99%
CPU 11 down residency:  99.01%

CPU Power: 5029 mW
GPU Power: 0 mW
ANE Power: 0 mW
Combined Power (CPU + GPU + ANE): 5029 mW


*** Sampled system activity (Tue Sep 29 16:59:25 2026 -0300) (514.80ms elapsed) ***


**** Processor usage ****

E-Cluster Online: 100%
E-Cluster HW active frequency: 1129 MHz
E-Cluster HW active residency:  12.78% (1020 MHz:  11% 1404 MHz:   0% 1788 MHz: .87% 2112 MHz:   0% 2352 MHz: .46% 2532 MHz: .08% 2592 MHz:   0%)
E-Cluster idle residency:  87.22%
E-Cluster down residency:   0.00%
CPU 0 frequency: 1098 MHz
CPU 0 active residency:   5.93% (1020 MHz: 5.4% 1404 MHz:   0% 1788 MHz: .39% 2112 MHz:   0% 2352 MHz: .10% 2532 MHz: .02% 2592 MHz:   0%)
CPU 0 idle residency:  94.07%
CPU 0 down residency:   0.00%
CPU 1 frequency: 1191 MHz
CPU 1 active residency:   7.04% (1020 MHz: 5.9% 1404 MHz:   0% 1788 MHz: .67% 2112 MHz:   0% 2352 MHz: .44% 2532 MHz: .07% 2592 MHz:   0%)
CPU 1 idle residency:  92.96%
CPU 1 down residency:   0.00%
CPU 2 frequency: 1080 MHz
CPU 2 active residency:   2.48% (1020 MHz: 2.3% 1404 MHz:   0% 1788 MHz: .10% 2112 MHz:   0% 2352 MHz: .04% 2532 MHz: .01% 2592 MHz:   0%)
CPU 2 idle residency:  97.52%
CPU 2 down residency:   0.00%
CPU 3 frequency: 1023 MHz
CPU 3 active residency:   1.09% (1020 MHz: 1.1% 1404 MHz:   0% 1788 MHz:   0% 2112 MHz:   0% 2352 MHz: .00% 2532 MHz:   0% 2592 MHz:   0%)
CPU 3 idle residency:  98.91%
CPU 3 down residency:   0.00%

P0-Cluster Online: 100%
P0-Cluster HW active frequency: 4467 MHz
P0-Cluster HW active residency: 100.00% (1260 MHz:   0% 1512 MHz:   0% 1800 MHz:   0% 2088 MHz:   0% 2352 MHz:   0% 2616 MHz:   0% 2868 MHz:   0% 3096 MHz:   0% 3300 MHz:   0% 3468 MHz:   0% 3624 MHz:   0% 3756 MHz:   0% 3852 MHz:   0% 3924 MHz: .34% 3996 MHz: .05% 4044 MHz: 8.5% 4104 MHz:   0% 4416 MHz: 3.4% 4512 MHz:  88%)
P0-Cluster idle residency:   0.00%
P0-Cluster down residency:   0.00%
CPU 4 frequency: 4512 MHz
CPU 4 active residency:  23.70% (1260 MHz:   0% 1512 MHz:   0% 1800 MHz:   0% 2088 MHz:   0% 2352 MHz:   0% 2616 MHz:   0% 2868 MHz:   0% 3096 MHz:   0% 3300 MHz:   0% 3468 MHz:   0% 3624 MHz:   0% 3756 MHz:   0% 3852 MHz:   0% 3924 MHz:   0% 3996 MHz:   0% 4044 MHz:   0% 4104 MHz:   0% 4416 MHz:   0% 4512 MHz:  24%)
CPU 4 idle residency:  76.30%
CPU 4 down residency:   0.00%
CPU 5 frequency: 4512 MHz
CPU 5 active residency:  25.90% (1260 MHz:   0% 1512 MHz:   0% 1800 MHz:   0% 2088 MHz:   0% 2352 MHz:   0% 2616 MHz:   0% 2868 MHz:   0% 3096 MHz:   0% 3300 MHz:   0% 3468 MHz:   0% 3624 MHz:   0% 3756 MHz:   0% 3852 MHz:   0% 3924 MHz:   0% 3996 MHz:   0% 4044 MHz:   0% 4104 MHz:   0% 4416 MHz:   0% 4512 MHz:  26%)
CPU 5 idle residency:  74.10%
CPU 5 down residency:   0.00%
CPU 6 frequency: 4512 MHz
CPU 6 active residency:  33.99% (1260 MHz:   0% 1512 MHz:   0% 1800 MHz:   0% 2088 MHz:   0% 2352 MHz:   0% 2616 MHz:   0% 2868 MHz:   0% 3096 MHz:   0% 3300 MHz:   0% 3468 MHz:   0% 3624 MHz:   0% 3756 MHz:   0% 3852 MHz:   0% 3924 MHz:   0% 3996 MHz:   0% 4044 MHz:   0% 4104 MHz:   0% 4416 MHz:   0% 4512 MHz:  34%)
CPU 6 idle residency:  66.01%
CPU 6 down residency:   0.00%
CPU 7 frequency: 4512 MHz
CPU 7 active residency:  20.07% (1260 MHz:   0% 1512 MHz:   0% 1800 MHz:   0% 2088 MHz:   0% 2352 MHz:   0% 2616 MHz:   0% 2868 MHz:   0% 3096 MHz:   0% 3300 MHz:   0% 3468 MHz:   0% 3624 MHz:   0% 3756 MHz:   0% 3852 MHz:   0% 3924 MHz:   0% 3996 MHz:   0% 4044 MHz:   0% 4104 MHz:   0% 4416 MHz:   0% 4512 MHz:  20%)
CPU 7 idle residency:  79.93%
CPU 7 down residency:   0.00%

P1-Cluster HW active frequency: 0 MHz
P1-Cluster HW active residency:   0.00% (1260 MHz:   0% 1512 MHz:   0% 1800 MHz:   0% 2088 MHz:   0% 2352 MHz:   0% 2616 MHz:   0% 2868 MHz:   0% 3096 MHz:   0% 3300 MHz:   0% 3468 MHz:   0% 3624 MHz:   0% 3756 MHz:   0% 3852 MHz:   0% 3924 MHz:   0% 3996 MHz:   0% 4044 MHz:   0% 4104 MHz:   0% 4416 MHz:   0% 4512 MHz:   0%)
P1-Cluster idle residency:   0.00%
P1-Cluster down residency: 100.00%
CPU 8 frequency: 0 MHz
CPU 8 active residency:   0.00% (1260 MHz:   0% 1512 MHz:   0% 1800 MHz:   0% 2088 MHz:   0% 2352 MHz:   0% 2616 MHz:   0% 2868 MHz:   0% 3096 MHz:   0% 3300 MHz:   0% 3468 MHz:   0% 3624 MHz:   0% 3756 MHz:   0% 3852 MHz:   0% 3924 MHz:   0% 3996 MHz:   0% 4044 MHz:   0% 4104 MHz:   0% 4416 MHz:   0% 4512 MHz:   0%)
CPU 8 idle residency:   0.00%
CPU 8 down residency: 100.00%
CPU 9 frequency: 0 MHz
CPU 9 active residency:   0.00% (1260 MHz:   0% 1512 MHz:   0% 1800 MHz:   0% 2088 MHz:   0% 2352 MHz:   0% 2616 MHz:   0% 2868 MHz:   0% 3096 MHz:   0% 3300 MHz:   0% 3468 MHz:   0% 3624 MHz:   0% 3756 MHz:   0% 3852 MHz:   0% 3924 MHz:   0% 3996 MHz:   0% 4044 MHz:   0% 4104 MHz:   0% 4416 MHz:   0% 4512 MHz:   0%)
CPU 9 idle residency:   0.00%
CPU 9 down residency: 100.00%
CPU 10 frequency: 0 MHz
CPU 10 active residency:   0.00% (1260 MHz:   0% 1512 MHz:   0% 1800 MHz:   0% 2088 MHz:   0% 2352 MHz:   0% 2616 MHz:   0% 2868 MHz:   0% 3096 MHz:   0% 3300 MHz:   0% 3468 MHz:   0% 3624 MHz:   0% 3756 MHz:   0% 3852 MHz:   0% 3924 MHz:   0% 3996 MHz:   0% 4044 MHz:   0% 4104 MHz:   0% 4416 MHz:   0% 4512 MHz:   0%)
CPU 10 idle residency:   0.00%
CPU 10 down residency: 100.00%
CPU 11 frequency: 0 MHz
CPU 11 active residency:   0.00% (1260 MHz:   0% 1512 MHz:   0% 1800 MHz:   0% 2088 MHz:   0% 2352 MHz:   0% 2616 MHz:   0% 2868 MHz:   0% 3096 MHz:   0% 3300 MHz:   0% 3468 MHz:   0% 3624 MHz:   0% 3756 MHz:   0% 3852 MHz:   0% 3924 MHz:   0% 3996 MHz:   0% 4044 MHz:   0% 4104 MHz:   0% 4416 MHz:   0% 4512 MHz:   0%)
CPU 11 idle residency:   0.00%
CPU 11 down residency: 100.00%

CPU Power: 5010 mW
GPU Power: 0 mW
ANE Power: 0 mW
Combined Power (CPU + GPU + ANE): 5010 mW


*** Sampled system activity (Tue Sep 29 16:59:26 2026 -0300) (515.11ms elapsed) ***


**** Processor usage ****

E-Cluster Online: 100%
E-Cluster HW active frequency: 1187 MHz
E-Cluster HW active residency:  14.36% (1020 MHz:  13% 1404 MHz:   0% 1788 MHz: .38% 2112 MHz:   0% 2352 MHz: .38% 2532 MHz: .38% 2592 MHz: .65%)
E-Cluster idle residency:  85.64%
E-Cluster down residency:   0.00%
CPU 0 frequency: 1182 MHz
CPU 0 active residency:   6.07% (1020 MHz: 5.3% 1404 MHz:   0% 1788 MHz: .23% 2112 MHz:   0% 2352 MHz: .20% 2532 MHz: .21% 2592 MHz: .14%)
CPU 0 idle residency:  93.93%
CPU 0 down residency:   0.00%
CPU 1 frequency: 1180 MHz
CPU 1 active residency:   6.54% (1020 MHz: 5.7% 1404 MHz:   0% 1788 MHz: .21% 2112 MHz:   0% 2352 MHz: .22% 2532 MHz: .22% 2592 MHz: .16%)
CPU 1 idle residency:  93.46%
CPU 1 down residency:   0.00%
CPU 2 frequency: 1065 MHz
CPU 2 active residency:   2.10% (1020 MHz: 2.0% 1404 MHz:   0% 1788 MHz: .00% 2112 MHz:   0% 2352 MHz: .01% 2532 MHz:   0% 2592 MHz: .05%)
CPU 2 idle residency:  97.90%
CPU 2 down residency:   0.00%
CPU 3 frequency: 1066 MHz
CPU 3 active residency:   1.92% (1020 MHz: 1.9% 1404 MHz:   0% 1788 MHz:   0% 2112 MHz:   0% 2352 MHz: .02% 2532 MHz:   0% 2592 MHz: .04%)
CPU 3 idle residency:  98.08%
CPU 3 down residency:   0.00%

P0-Cluster Online: 100%
P0-Cluster HW active frequency: 4463 MHz
P0-Cluster HW active residency:  98.82% (1260 MHz: .06% 1512 MHz:   0% 1800 MHz:   0% 2088 MHz:   0% 2352 MHz:   0% 2616 MHz:   0% 2868 MHz:   0% 3096 MHz:   0% 3300 MHz:   0% 3468 MHz:   0% 3624 MHz:   0% 3756 MHz:   0% 3852 MHz:   0% 3924 MHz: 1.4% 3996 MHz: .21% 4044 MHz: 6.7% 4104 MHz:   0% 4416 MHz: 6.4% 4512 MHz:  84%)
P0-Cluster idle residency:   1.18%
P0-Cluster down residency:   0.00%
CPU 4 frequency: 4512 MHz
CPU 4 active residency:  26.10% (1260 MHz: .01% 1512 MHz:   0% 1800 MHz:   0% 2088 MHz:   0% 2352 MHz:   0% 2616 MHz:   0% 2868 MHz:   0% 3096 MHz:   0% 3300 MHz:   0% 3468 MHz:   0% 3624 MHz:   0% 3756 MHz:   0% 3852 MHz:   0% 3924 MHz:   0% 3996 MHz:   0% 4044 MHz:   0% 4104 MHz:   0% 4416 MHz:   0% 4512 MHz:  26%)
CPU 4 idle residency:  73.90%
CPU 4 down residency:   0.00%
CPU 5 frequency: 4512 MHz
CPU 5 active residency:  11.41% (1260 MHz:   0% 1512 MHz:   0% 1800 MHz:   0% 2088 MHz:   0% 2352 MHz:   0% 2616 MHz:   0% 2868 MHz:   0% 3096 MHz:   0% 3300 MHz:   0% 3468 MHz:   0% 3624 MHz:   0% 3756 MHz:   0% 3852 MHz:   0% 3924 MHz:   0% 3996 MHz:   0% 4044 MHz:   0% 4104 MHz:   0% 4416 MHz:   0% 4512 MHz:  11%)
CPU 5 idle residency:  88.59%
CPU 5 down residency:   0.00%
CPU 6 frequency: 4512 MHz
CPU 6 active residency:  33.97% (1260 MHz:   0% 1512 MHz:   0% 1800 MHz:   0% 2088 MHz:   0% 2352 MHz:   0% 2616 MHz:   0% 2868 MHz:   0% 3096 MHz:   0% 3300 MHz:   0% 3468 MHz:   0% 3624 MHz:   0% 3756 MHz:   0% 3852 MHz:   0% 3924 MHz:   0% 3996 MHz:   0% 4044 MHz:   0% 4104 MHz:   0% 4416 MHz:   0% 4512 MHz:  34%)
CPU 6 idle residency:  66.03%
CPU 6 down residency:   0.00%
CPU 7 frequency: 4512 MHz
CPU 7 active residency:  36.35% (1260 MHz:   0% 1512 MHz:   0% 1800 MHz:   0% 2088 MHz:   0% 2352 MHz:   0% 2616 MHz:   0% 2868 MHz:   0% 3096 MHz:   0% 3300 MHz:   0% 3468 MHz:   0% 3624 MHz:   0% 3756 MHz:   0% 3852 MHz:   0% 3924 MHz:   0% 3996 MHz:   0% 4044 MHz:   0% 4104 MHz:   0% 4416 MHz:   0% 4512 MHz:  36%)
CPU 7 idle residency:  63.65%
CPU 7 down residency:   0.00%

P1-Cluster HW active frequency: 4403 MHz
P1-Cluster HW active residency:   1.56% (1260 MHz: .04% 1512 MHz:   0% 1800 MHz:   0% 2088 MHz:   0% 2352 MHz:   0% 2616 MHz:   0% 2868 MHz:   0% 3096 MHz:   0% 3300 MHz:   0% 3468 MHz:   0% 3624 MHz:   0% 3756 MHz:   0% 3852 MHz:   0% 3924 MHz: .05% 3996 MHz:   0% 4044 MHz:   0% 4104 MHz:   0% 4416 MHz: .03% 4512 MHz: 1.4%)
P1-Cluster idle residency:   1.20%
P1-Cluster down residency:  97.24%
CPU 8 frequency: 0 MHz
CPU 8 active residency:   0.00% (1260 MHz:   0% 1512 MHz:   0% 1800 MHz:   0% 2088 MHz:   0% 2352 MHz:   0% 2616 MHz:   0% 2868 MHz:   0% 3096 MHz:   0% 3300 MHz:   0% 3468 MHz:   0% 3624 MHz:   0% 3756 MHz:   0% 3852 MHz:   0% 3924 MHz:   0% 3996 MHz:   0% 4044 MHz:   0% 4104 MHz:   0% 4416 MHz:   0% 4512 MHz:   0%)
CPU 8 idle residency:   2.58%
CPU 8 down residency:  97.42%
CPU 9 frequency: 0 MHz
CPU 9 active residency:   0.00% (1260 MHz:   0% 1512 MHz:   0% 1800 MHz:   0% 2088 MHz:   0% 2352 MHz:   0% 2616 MHz:   0% 2868 MHz:   0% 3096 MHz:   0% 3300 MHz:   0% 3468 MHz:   0% 3624 MHz:   0% 3756 MHz:   0% 3852 MHz:   0% 3924 MHz:   0% 3996 MHz:   0% 4044 MHz:   0% 4104 MHz:   0% 4416 MHz:   0% 4512 MHz:   0%)
CPU 9 idle residency:   1.23%
CPU 9 down residency:  98.77%
CPU 10 frequency: 0 MHz
CPU 10 active residency:   0.00% (1260 MHz:   0% 1512 MHz:   0% 1800 MHz:   0% 2088 MHz:   0% 2352 MHz:   0% 2616 MHz:   0% 2868 MHz:   0% 3096 MHz:   0% 3300 MHz:   0% 3468 MHz:   0% 3624 MHz:   0% 3756 MHz:   0% 3852 MHz:   0% 3924 MHz:   0% 3996 MHz:   0% 4044 MHz:   0% 4104 MHz:   0% 4416 MHz:   0% 4512 MHz:   0%)
CPU 10 idle residency:   2.60%
CPU 10 down residency:  97.40%
CPU 11 frequency: 0 MHz
CPU 11 active residency:   0.00% (1260 MHz:   0% 1512 MHz:   0% 1800 MHz:   0% 2088 MHz:   0% 2352 MHz:   0% 2616 MHz:   0% 2868 MHz:   0% 3096 MHz:   0% 3300 MHz:   0% 3468 MHz:   0% 3624 MHz:   0% 3756 MHz:   0% 3852 MHz:   0% 3924 MHz:   0% 3996 MHz:   0% 4044 MHz:   0% 4104 MHz:   0% 4416 MHz:   0% 4512 MHz:   0%)
CPU 11 idle residency:   2.60%
CPU 11 down residency:  97.40%

CPU Power: 5178 mW
GPU Power: 0 mW
ANE Power: 0 mW
Combined Power (CPU + GPU + ANE): 5178 mW


*** Sampled system activity (Tue Sep 29 16:59:26 2026 -0300) (514.48ms elapsed) ***


**** Processor usage ****

E-Cluster Online: 100%
E-Cluster HW active frequency: 1051 MHz
E-Cluster HW active residency:  10.09% (1020 MHz: 9.7% 1404 MHz:   0% 1788 MHz: .40% 2112 MHz:   0% 2352 MHz:   0% 2532 MHz:   0% 2592 MHz:   0%)
E-Cluster idle residency:  89.91%
E-Cluster down residency:   0.00%
CPU 0 frequency: 1055 MHz
CPU 0 active residency:   5.51% (1020 MHz: 5.3% 1404 MHz:   0% 1788 MHz: .25% 2112 MHz:   0% 2352 MHz:   0% 2532 MHz:   0% 2592 MHz:   0%)
CPU 0 idle residency:  94.49%
CPU 0 down residency:   0.00%
CPU 1 frequency: 1066 MHz
CPU 1 active residency:   3.73% (1020 MHz: 3.5% 1404 MHz:   0% 1788 MHz: .22% 2112 MHz:   0% 2352 MHz:   0% 2532 MHz:   0% 2592 MHz:   0%)
CPU 1 idle residency:  96.27%
CPU 1 down residency:   0.00%
CPU 2 frequency: 1036 MHz
CPU 2 active residency:   0.91% (1020 MHz: .89% 1404 MHz:   0% 1788 MHz: .02% 2112 MHz:   0% 2352 MHz:   0% 2532 MHz:   0% 2592 MHz:   0%)
CPU 2 idle residency:  99.09%
CPU 2 down residency:   0.00%
CPU 3 frequency: 1022 MHz
CPU 3 active residency:   1.58% (1020 MHz: 1.6% 1404 MHz:   0% 1788 MHz: .00% 2112 MHz:   0% 2352 MHz:   0% 2532 MHz:   0% 2592 MHz:   0%)
CPU 3 idle residency:  98.42%
CPU 3 down residency:   0.00%

P0-Cluster Online: 100%
P0-Cluster HW active frequency: 4471 MHz
P0-Cluster HW active residency: 100.00% (1260 MHz:   0% 1512 MHz:   0% 1800 MHz:   0% 2088 MHz:   0% 2352 MHz:   0% 2616 MHz:   0% 2868 MHz:   0% 3096 MHz:   0% 3300 MHz:   0% 3468 MHz:   0% 3624 MHz:   0% 3756 MHz:   0% 3852 MHz:   0% 3924 MHz: .29% 3996 MHz: .05% 4044 MHz: 7.6% 4104 MHz:   0% 4416 MHz: 3.5% 4512 MHz:  89%)
P0-Cluster idle residency:   0.00%
P0-Cluster down residency:   0.00%
CPU 4 frequency: 4512 MHz
CPU 4 active residency:  34.46% (1260 MHz:   0% 1512 MHz:   0% 1800 MHz:   0% 2088 MHz:   0% 2352 MHz:   0% 2616 MHz:   0% 2868 MHz:   0% 3096 MHz:   0% 3300 MHz:   0% 3468 MHz:   0% 3624 MHz:   0% 3756 MHz:   0% 3852 MHz:   0% 3924 MHz:   0% 3996 MHz:   0% 4044 MHz:   0% 4104 MHz:   0% 4416 MHz:   0% 4512 MHz:  34%)
CPU 4 idle residency:  65.54%
CPU 4 down residency:   0.00%
CPU 5 frequency: 4512 MHz
CPU 5 active residency:  35.69% (1260 MHz:   0% 1512 MHz:   0% 1800 MHz:   0% 2088 MHz:   0% 2352 MHz:   0% 2616 MHz:   0% 2868 MHz:   0% 3096 MHz:   0% 3300 MHz:   0% 3468 MHz:   0% 3624 MHz:   0% 3756 MHz:   0% 3852 MHz:   0% 3924 MHz:   0% 3996 MHz:   0% 4044 MHz:   0% 4104 MHz:   0% 4416 MHz:   0% 4512 MHz:  36%)
CPU 5 idle residency:  64.31%
CPU 5 down residency:   0.00%
CPU 6 frequency: 4512 MHz
CPU 6 active residency:   6.83% (1260 MHz:   0% 1512 MHz:   0% 1800 MHz:   0% 2088 MHz:   0% 2352 MHz:   0% 2616 MHz:   0% 2868 MHz:   0% 3096 MHz:   0% 3300 MHz:   0% 3468 MHz:   0% 3624 MHz:   0% 3756 MHz:   0% 3852 MHz:   0% 3924 MHz:   0% 3996 MHz:   0% 4044 MHz:   0% 4104 MHz:   0% 4416 MHz:   0% 4512 MHz: 6.8%)
CPU 6 idle residency:  93.17%
CPU 6 down residency:   0.00%
CPU 7 frequency: 4512 MHz
CPU 7 active residency:  26.67% (1260 MHz:   0% 1512 MHz:   0% 1800 MHz:   0% 2088 MHz:   0% 2352 MHz:   0% 2616 MHz:   0% 2868 MHz:   0% 3096 MHz:   0% 3300 MHz:   0% 3468 MHz:   0% 3624 MHz:   0% 3756 MHz:   0% 3852 MHz:   0% 3924 MHz:   0% 3996 MHz:   0% 4044 MHz:   0% 4104 MHz:   0% 4416 MHz:   0% 4512 MHz:  27%)
CPU 7 idle residency:  73.33%
CPU 7 down residency:   0.00%

P1-Cluster HW active frequency: 0 MHz
P1-Cluster HW active residency:   0.00% (1260 MHz:   0% 1512 MHz:   0% 1800 MHz:   0% 2088 MHz:   0% 2352 MHz:   0% 2616 MHz:   0% 2868 MHz:   0% 3096 MHz:   0% 3300 MHz:   0% 3468 MHz:   0% 3624 MHz:   0% 3756 MHz:   0% 3852 MHz:   0% 3924 MHz:   0% 3996 MHz:   0% 4044 MHz:   0% 4104 MHz:   0% 4416 MHz:   0% 4512 MHz:   0%)
P1-Cluster idle residency:   0.00%
P1-Cluster down residency: 100.00%
CPU 8 frequency: 0 MHz
CPU 8 active residency:   0.00% (1260 MHz:   0% 1512 MHz:   0% 1800 MHz:   0% 2088 MHz:   0% 2352 MHz:   0% 2616 MHz:   0% 2868 MHz:   0% 3096 MHz:   0% 3300 MHz:   0% 3468 MHz:   0% 3624 MHz:   0% 3756 MHz:   0% 3852 MHz:   0% 3924 MHz:   0% 3996 MHz:   0% 4044 MHz:   0% 4104 MHz:   0% 4416 MHz:   0% 4512 MHz:   0%)
CPU 8 idle residency:   0.00%
CPU 8 down residency: 100.00%
CPU 9 frequency: 0 MHz
CPU 9 active residency:   0.00% (1260 MHz:   0% 1512 MHz:   0% 1800 MHz:   0% 2088 MHz:   0% 2352 MHz:   0% 2616 MHz:   0% 2868 MHz:   0% 3096 MHz:   0% 3300 MHz:   0% 3468 MHz:   0% 3624 MHz:   0% 3756 MHz:   0% 3852 MHz:   0% 3924 MHz:   0% 3996 MHz:   0% 4044 MHz:   0% 4104 MHz:   0% 4416 MHz:   0% 4512 MHz:   0%)
CPU 9 idle residency:   0.00%
CPU 9 down residency: 100.00%
CPU 10 frequency: 0 MHz
CPU 10 active residency:   0.00% (1260 MHz:   0% 1512 MHz:   0% 1800 MHz:   0% 2088 MHz:   0% 2352 MHz:   0% 2616 MHz:   0% 2868 MHz:   0% 3096 MHz:   0% 3300 MHz:   0% 3468 MHz:   0% 3624 MHz:   0% 3756 MHz:   0% 3852 MHz:   0% 3924 MHz:   0% 3996 MHz:   0% 4044 MHz:   0% 4104 MHz:   0% 4416 MHz:   0% 4512 MHz:   0%)
CPU 10 idle residency:   0.00%
CPU 10 down residency: 100.00%
CPU 11 frequency: 0 MHz
CPU 11 active residency:   0.00% (1260 MHz:   0% 1512 MHz:   0% 1800 MHz:   0% 2088 MHz:   0% 2352 MHz:   0% 2616 MHz:   0% 2868 MHz:   0% 3096 MHz:   0% 3300 MHz:   0% 3468 MHz:   0% 3624 MHz:   0% 3756 MHz:   0% 3852 MHz:   0% 3924 MHz:   0% 3996 MHz:   0% 4044 MHz:   0% 4104 MHz:   0% 4416 MHz:   0% 4512 MHz:   0%)
CPU 11 idle residency:   0.00%
CPU 11 down residency: 100.00%

CPU Power: 5032 mW
GPU Power: 0 mW
ANE Power: 0 mW
Combined Power (CPU + GPU + ANE): 5032 mW


*** Sampled system activity (Tue Sep 29 16:59:27 2026 -0300) (514.69ms elapsed) ***


**** Processor usage ****

E-Cluster Online: 100%
E-Cluster HW active frequency: 1333 MHz
E-Cluster HW active residency:  17.55% (1020 MHz:  12% 1404 MHz: 1.6% 1788 MHz: 2.0% 2112 MHz: .77% 2352 MHz:   0% 2532 MHz: .79% 2592 MHz: .85%)
E-Cluster idle residency:  82.45%
E-Cluster down residency:   0.00%
CPU 0 frequency: 1462 MHz
CPU 0 active residency:  11.19% (1020 MHz: 5.9% 1404 MHz: 1.3% 1788 MHz: 1.8% 2112 MHz: .77% 2352 MHz:   0% 2532 MHz: .78% 2592 MHz: .69%)
CPU 0 idle residency:  88.81%
CPU 0 down residency:   0.00%
CPU 1 frequency: 1179 MHz
CPU 1 active residency:   4.44% (1020 MHz: 3.5% 1404 MHz: .50% 1788 MHz: .29% 2112 MHz: .05% 2352 MHz:   0% 2532 MHz: .04% 2592 MHz: .12%)
CPU 1 idle residency:  95.56%
CPU 1 down residency:   0.00%
CPU 2 frequency: 1092 MHz
CPU 2 active residency:   2.68% (1020 MHz: 2.5% 1404 MHz: .05% 1788 MHz: .07% 2112 MHz: .00% 2352 MHz:   0% 2532 MHz: .02% 2592 MHz: .06%)
CPU 2 idle residency:  97.32%
CPU 2 down residency:   0.00%
CPU 3 frequency: 1097 MHz
CPU 3 active residency:   0.50% (1020 MHz: .45% 1404 MHz: .03% 1788 MHz: .00% 2112 MHz:   0% 2352 MHz:   0% 2532 MHz: .01% 2592 MHz: .00%)
CPU 3 idle residency:  99.50%
CPU 3 down residency:   0.00%

P0-Cluster Online: 100%
P0-Cluster HW active frequency: 4465 MHz
P0-Cluster HW active residency: 100.00% (1260 MHz:   0% 1512 MHz:   0% 1800 MHz:   0% 2088 MHz:   0% 2352 MHz:   0% 2616 MHz:   0% 2868 MHz:   0% 3096 MHz:   0% 3300 MHz:   0% 3468 MHz:   0% 3624 MHz:   0% 3756 MHz:   0% 3852 MHz:   0% 3924 MHz: .40% 3996 MHz: .09% 4044 MHz: 8.8% 4104 MHz:   0% 4416 MHz: 3.9% 4512 MHz:  87%)
P0-Cluster idle residency:   0.00%
P0-Cluster down residency:   0.00%
CPU 4 frequency: 4512 MHz
CPU 4 active residency:  15.57% (1260 MHz:   0% 1512 MHz:   0% 1800 MHz:   0% 2088 MHz:   0% 2352 MHz:   0% 2616 MHz:   0% 2868 MHz:   0% 3096 MHz:   0% 3300 MHz:   0% 3468 MHz:   0% 3624 MHz:   0% 3756 MHz:   0% 3852 MHz:   0% 3924 MHz:   0% 3996 MHz:   0% 4044 MHz:   0% 4104 MHz:   0% 4416 MHz:   0% 4512 MHz:  16%)
CPU 4 idle residency:  84.43%
CPU 4 down residency:   0.00%
CPU 5 frequency: 4512 MHz
CPU 5 active residency:  24.84% (1260 MHz:   0% 1512 MHz:   0% 1800 MHz:   0% 2088 MHz:   0% 2352 MHz:   0% 2616 MHz:   0% 2868 MHz:   0% 3096 MHz:   0% 3300 MHz:   0% 3468 MHz:   0% 3624 MHz:   0% 3756 MHz:   0% 3852 MHz:   0% 3924 MHz:   0% 3996 MHz:   0% 4044 MHz:   0% 4104 MHz:   0% 4416 MHz:   0% 4512 MHz:  25%)
CPU 5 idle residency:  75.16%
CPU 5 down residency:   0.00%
CPU 6 frequency: 4512 MHz
CPU 6 active residency:  34.71% (1260 MHz:   0% 1512 MHz:   0% 1800 MHz:   0% 2088 MHz:   0% 2352 MHz:   0% 2616 MHz:   0% 2868 MHz:   0% 3096 MHz:   0% 3300 MHz:   0% 3468 MHz:   0% 3624 MHz:   0% 3756 MHz:   0% 3852 MHz:   0% 3924 MHz:   0% 3996 MHz:   0% 4044 MHz:   0% 4104 MHz:   0% 4416 MHz:   0% 4512 MHz:  35%)
CPU 6 idle residency:  65.29%
CPU 6 down residency:   0.00%
CPU 7 frequency: 4512 MHz
CPU 7 active residency:  29.34% (1260 MHz:   0% 1512 MHz:   0% 1800 MHz:   0% 2088 MHz:   0% 2352 MHz:   0% 2616 MHz:   0% 2868 MHz:   0% 3096 MHz:   0% 3300 MHz:   0% 3468 MHz:   0% 3624 MHz:   0% 3756 MHz:   0% 3852 MHz:   0% 3924 MHz:   0% 3996 MHz:   0% 4044 MHz:   0% 4104 MHz:   0% 4416 MHz:   0% 4512 MHz:  29%)
CPU 7 idle residency:  70.66%
CPU 7 down residency:   0.00%

P1-Cluster HW active frequency: 2417 MHz
P1-Cluster HW active residency:   0.16% (1260 MHz: .10% 1512 MHz:   0% 1800 MHz:   0% 2088 MHz:   0% 2352 MHz:   0% 2616 MHz:   0% 2868 MHz:   0% 3096 MHz:   0% 3300 MHz:   0% 3468 MHz:   0% 3624 MHz:   0% 3756 MHz:   0% 3852 MHz:   0% 3924 MHz: .00% 3996 MHz:   0% 4044 MHz:   0% 4104 MHz:   0% 4416 MHz: .01% 4512 MHz: .04%)
P1-Cluster idle residency:   1.48%
P1-Cluster down residency:  98.36%
CPU 8 frequency: 0 MHz
CPU 8 active residency:   0.00% (1260 MHz:   0% 1512 MHz:   0% 1800 MHz:   0% 2088 MHz:   0% 2352 MHz:   0% 2616 MHz:   0% 2868 MHz:   0% 3096 MHz:   0% 3300 MHz:   0% 3468 MHz:   0% 3624 MHz:   0% 3756 MHz:   0% 3852 MHz:   0% 3924 MHz:   0% 3996 MHz:   0% 4044 MHz:   0% 4104 MHz:   0% 4416 MHz:   0% 4512 MHz:   0%)
CPU 8 idle residency:   1.55%
CPU 8 down residency:  98.45%
CPU 9 frequency: 0 MHz
CPU 9 active residency:   0.00% (1260 MHz:   0% 1512 MHz:   0% 1800 MHz:   0% 2088 MHz:   0% 2352 MHz:   0% 2616 MHz:   0% 2868 MHz:   0% 3096 MHz:   0% 3300 MHz:   0% 3468 MHz:   0% 3624 MHz:   0% 3756 MHz:   0% 3852 MHz:   0% 3924 MHz:   0% 3996 MHz:   0% 4044 MHz:   0% 4104 MHz:   0% 4416 MHz:   0% 4512 MHz:   0%)
CPU 9 idle residency:   1.55%
CPU 9 down residency:  98.45%
CPU 10 frequency: 0 MHz
CPU 10 active residency:   0.00% (1260 MHz:   0% 1512 MHz:   0% 1800 MHz:   0% 2088 MHz:   0% 2352 MHz:   0% 2616 MHz:   0% 2868 MHz:   0% 3096 MHz:   0% 3300 MHz:   0% 3468 MHz:   0% 3624 MHz:   0% 3756 MHz:   0% 3852 MHz:   0% 3924 MHz:   0% 3996 MHz:   0% 4044 MHz:   0% 4104 MHz:   0% 4416 MHz:   0% 4512 MHz:   0%)
CPU 10 idle residency:   1.55%
CPU 10 down residency:  98.45%
CPU 11 frequency: 0 MHz
CPU 11 active residency:   0.00% (1260 MHz:   0% 1512 MHz:   0% 1800 MHz:   0% 2088 MHz:   0% 2352 MHz:   0% 2616 MHz:   0% 2868 MHz:   0% 3096 MHz:   0% 3300 MHz:   0% 3468 MHz:   0% 3624 MHz:   0% 3756 MHz:   0% 3852 MHz:   0% 3924 MHz:   0% 3996 MHz:   0% 4044 MHz:   0% 4104 MHz:   0% 4416 MHz:   0% 4512 MHz:   0%)
CPU 11 idle residency:   1.55%
CPU 11 down residency:  98.45%

CPU Power: 5030 mW
GPU Power: 0 mW
ANE Power: 0 mW
Combined Power (CPU + GPU + ANE): 5030 mW


*** Sampled system activity (Tue Sep 29 16:59:27 2026 -0300) (513.51ms elapsed) ***


**** Processor usage ****

E-Cluster Online: 100%
E-Cluster HW active frequency: 1096 MHz
E-Cluster HW active residency:  11.10% (1020 MHz:  10% 1404 MHz:   0% 1788 MHz: .74% 2112 MHz:   0% 2352 MHz: .08% 2532 MHz:   0% 2592 MHz: .11%)
E-Cluster idle residency:  88.90%
E-Cluster down residency:   0.00%
CPU 0 frequency: 1079 MHz
CPU 0 active residency:   6.96% (1020 MHz: 6.5% 1404 MHz:   0% 1788 MHz: .33% 2112 MHz:   0% 2352 MHz: .03% 2532 MHz:   0% 2592 MHz: .08%)
CPU 0 idle residency:  93.04%
CPU 0 down residency:   0.00%
CPU 1 frequency: 1170 MHz
CPU 1 active residency:   3.92% (1020 MHz: 3.3% 1404 MHz:   0% 1788 MHz: .53% 2112 MHz:   0% 2352 MHz: .05% 2532 MHz:   0% 2592 MHz: .07%)
CPU 1 idle residency:  96.08%
CPU 1 down residency:   0.00%
CPU 2 frequency: 1210 MHz
CPU 2 active residency:   0.65% (1020 MHz: .56% 1404 MHz:   0% 1788 MHz: .03% 2112 MHz:   0% 2352 MHz: .00% 2532 MHz:   0% 2592 MHz: .06%)
CPU 2 idle residency:  99.35%
CPU 2 down residency:   0.00%
CPU 3 frequency: 1198 MHz
CPU 3 active residency:   0.49% (1020 MHz: .43% 1404 MHz:   0% 1788 MHz:   0% 2112 MHz:   0% 2352 MHz:   0% 2532 MHz:   0% 2592 MHz: .06%)
CPU 3 idle residency:  99.51%
CPU 3 down residency:   0.00%

P0-Cluster Online: 100%
P0-Cluster HW active frequency: 4463 MHz
P0-Cluster HW active residency: 100.00% (1260 MHz:   0% 1512 MHz:   0% 1800 MHz:   0% 2088 MHz:   0% 2352 MHz:   0% 2616 MHz:   0% 2868 MHz:   0% 3096 MHz:   0% 3300 MHz:   0% 3468 MHz:   0% 3624 MHz:   0% 3756 MHz:   0% 3852 MHz:   0% 3924 MHz: .33% 3996 MHz: .13% 4044 MHz: 9.3% 4104 MHz:   0% 4416 MHz: 3.3% 4512 MHz:  87%)
P0-Cluster idle residency:   0.00%
P0-Cluster down residency:   0.00%
CPU 4 frequency: 4512 MHz
CPU 4 active residency:  20.41% (1260 MHz:   0% 1512 MHz:   0% 1800 MHz:   0% 2088 MHz:   0% 2352 MHz:   0% 2616 MHz:   0% 2868 MHz:   0% 3096 MHz:   0% 3300 MHz:   0% 3468 MHz:   0% 3624 MHz:   0% 3756 MHz:   0% 3852 MHz:   0% 3924 MHz:   0% 3996 MHz:   0% 4044 MHz:   0% 4104 MHz:   0% 4416 MHz:   0% 4512 MHz:  20%)
CPU 4 idle residency:  79.59%
CPU 4 down residency:   0.00%
CPU 5 frequency: 4512 MHz
CPU 5 active residency:  31.12% (1260 MHz:   0% 1512 MHz:   0% 1800 MHz:   0% 2088 MHz:   0% 2352 MHz:   0% 2616 MHz:   0% 2868 MHz:   0% 3096 MHz:   0% 3300 MHz:   0% 3468 MHz:   0% 3624 MHz:   0% 3756 MHz:   0% 3852 MHz:   0% 3924 MHz:   0% 3996 MHz:   0% 4044 MHz:   0% 4104 MHz:   0% 4416 MHz:   0% 4512 MHz:  31%)
CPU 5 idle residency:  68.88%
CPU 5 down residency:   0.00%
CPU 6 frequency: 4512 MHz
CPU 6 active residency:  24.42% (1260 MHz:   0% 1512 MHz:   0% 1800 MHz:   0% 2088 MHz:   0% 2352 MHz:   0% 2616 MHz:   0% 2868 MHz:   0% 3096 MHz:   0% 3300 MHz:   0% 3468 MHz:   0% 3624 MHz:   0% 3756 MHz:   0% 3852 MHz:   0% 3924 MHz:   0% 3996 MHz:   0% 4044 MHz:   0% 4104 MHz:   0% 4416 MHz:   0% 4512 MHz:  24%)
CPU 6 idle residency:  75.58%
CPU 6 down residency:   0.00%
CPU 7 frequency: 4512 MHz
CPU 7 active residency:  27.69% (1260 MHz:   0% 1512 MHz:   0% 1800 MHz:   0% 2088 MHz:   0% 2352 MHz:   0% 2616 MHz:   0% 2868 MHz:   0% 3096 MHz:   0% 3300 MHz:   0% 3468 MHz:   0% 3624 MHz:   0% 3756 MHz:   0% 3852 MHz:   0% 3924 MHz:   0% 3996 MHz:   0% 4044 MHz:   0% 4104 MHz:   0% 4416 MHz:   0% 4512 MHz:  28%)
CPU 7 idle residency:  72.31%
CPU 7 down residency:   0.00%

P1-Cluster HW active frequency: 1260 MHz
P1-Cluster HW active residency:   0.10% (1260 MHz: .10% 1512 MHz:   0% 1800 MHz:   0% 2088 MHz:   0% 2352 MHz:   0% 2616 MHz:   0% 2868 MHz:   0% 3096 MHz:   0% 3300 MHz:   0% 3468 MHz:   0% 3624 MHz:   0% 3756 MHz:   0% 3852 MHz:   0% 3924 MHz:   0% 3996 MHz:   0% 4044 MHz:   0% 4104 MHz:   0% 4416 MHz:   0% 4512 MHz:   0%)
P1-Cluster idle residency:   0.89%
P1-Cluster down residency:  99.01%
CPU 8 frequency: 0 MHz
CPU 8 active residency:   0.00% (1260 MHz:   0% 1512 MHz:   0% 1800 MHz:   0% 2088 MHz:   0% 2352 MHz:   0% 2616 MHz:   0% 2868 MHz:   0% 3096 MHz:   0% 3300 MHz:   0% 3468 MHz:   0% 3624 MHz:   0% 3756 MHz:   0% 3852 MHz:   0% 3924 MHz:   0% 3996 MHz:   0% 4044 MHz:   0% 4104 MHz:   0% 4416 MHz:   0% 4512 MHz:   0%)
CPU 8 idle residency:   0.92%
CPU 8 down residency:  99.08%
CPU 9 frequency: 0 MHz
CPU 9 active residency:   0.00% (1260 MHz:   0% 1512 MHz:   0% 1800 MHz:   0% 2088 MHz:   0% 2352 MHz:   0% 2616 MHz:   0% 2868 MHz:   0% 3096 MHz:   0% 3300 MHz:   0% 3468 MHz:   0% 3624 MHz:   0% 3756 MHz:   0% 3852 MHz:   0% 3924 MHz:   0% 3996 MHz:   0% 4044 MHz:   0% 4104 MHz:   0% 4416 MHz:   0% 4512 MHz:   0%)
CPU 9 idle residency:   0.92%
CPU 9 down residency:  99.08%
CPU 10 frequency: 0 MHz
CPU 10 active residency:   0.00% (1260 MHz:   0% 1512 MHz:   0% 1800 MHz:   0% 2088 MHz:   0% 2352 MHz:   0% 2616 MHz:   0% 2868 MHz:   0% 3096 MHz:   0% 3300 MHz:   0% 3468 MHz:   0% 3624 MHz:   0% 3756 MHz:   0% 3852 MHz:   0% 3924 MHz:   0% 3996 MHz:   0% 4044 MHz:   0% 4104 MHz:   0% 4416 MHz:   0% 4512 MHz:   0%)
CPU 10 idle residency:   0.92%
CPU 10 down residency:  99.08%
CPU 11 frequency: 0 MHz
CPU 11 active residency:   0.00% (1260 MHz:   0% 1512 MHz:   0% 1800 MHz:   0% 2088 MHz:   0% 2352 MHz:   0% 2616 MHz:   0% 2868 MHz:   0% 3096 MHz:   0% 3300 MHz:   0% 3468 MHz:   0% 3624 MHz:   0% 3756 MHz:   0% 3852 MHz:   0% 3924 MHz:   0% 3996 MHz:   0% 4044 MHz:   0% 4104 MHz:   0% 4416 MHz:   0% 4512 MHz:   0%)
CPU 11 idle residency:   0.92%
CPU 11 down residency:  99.08%

CPU Power: 5001 mW
GPU Power: 0 mW
ANE Power: 0 mW
Combined Power (CPU + GPU + ANE): 5001 mW


*** Sampled system activity (Tue Sep 29 16:59:28 2026 -0300) (514.81ms elapsed) ***


**** Processor usage ****

E-Cluster Online: 100%
E-Cluster HW active frequency: 1103 MHz
E-Cluster HW active residency:  11.43% (1020 MHz:  11% 1404 MHz:   0% 1788 MHz: .16% 2112 MHz:   0% 2352 MHz:   0% 2532 MHz:   0% 2592 MHz: .52%)
E-Cluster idle residency:  88.57%
E-Cluster down residency:   0.00%
CPU 0 frequency: 1099 MHz
CPU 0 active residency:   4.22% (1020 MHz: 3.9% 1404 MHz:   0% 1788 MHz: .14% 2112 MHz:   0% 2352 MHz:   0% 2532 MHz:   0% 2592 MHz: .14%)
CPU 0 idle residency:  95.78%
CPU 0 down residency:   0.00%
CPU 1 frequency: 1101 MHz
CPU 1 active residency:   3.09% (1020 MHz: 2.9% 1404 MHz:   0% 1788 MHz: .11% 2112 MHz:   0% 2352 MHz:   0% 2532 MHz:   0% 2592 MHz: .11%)
CPU 1 idle residency:  96.91%
CPU 1 down residency:   0.00%
CPU 2 frequency: 1069 MHz
CPU 2 active residency:   3.99% (1020 MHz: 3.8% 1404 MHz:   0% 1788 MHz: .05% 2112 MHz:   0% 2352 MHz:   0% 2532 MHz:   0% 2592 MHz: .10%)
CPU 2 idle residency:  96.01%
CPU 2 down residency:   0.00%
CPU 3 frequency: 1124 MHz
CPU 3 active residency:   0.58% (1020 MHz: .54% 1404 MHz:   0% 1788 MHz: .01% 2112 MHz:   0% 2352 MHz:   0% 2532 MHz:   0% 2592 MHz: .03%)
CPU 3 idle residency:  99.42%
CPU 3 down residency:   0.00%

P0-Cluster Online: 100%
P0-Cluster HW active frequency: 4448 MHz
P0-Cluster HW active residency: 100.00% (1260 MHz:   0% 1512 MHz:   0% 1800 MHz:   0% 2088 MHz:   0% 2352 MHz:   0% 2616 MHz:   0% 2868 MHz:   0% 3096 MHz:   0% 3300 MHz:   0% 3468 MHz:   0% 3624 MHz:   0% 3756 MHz:   0% 3852 MHz:   0% 3924 MHz: .76% 3996 MHz: .06% 4044 MHz:  12% 4104 MHz:   0% 4416 MHz: 5.6% 4512 MHz:  82%)
P0-Cluster idle residency:   0.00%
P0-Cluster down residency:   0.00%
CPU 4 frequency: 4512 MHz
CPU 4 active residency:  28.16% (1260 MHz:   0% 1512 MHz:   0% 1800 MHz:   0% 2088 MHz:   0% 2352 MHz:   0% 2616 MHz:   0% 2868 MHz:   0% 3096 MHz:   0% 3300 MHz:   0% 3468 MHz:   0% 3624 MHz:   0% 3756 MHz:   0% 3852 MHz:   0% 3924 MHz:   0% 3996 MHz:   0% 4044 MHz:   0% 4104 MHz:   0% 4416 MHz:   0% 4512 MHz:  28%)
CPU 4 idle residency:  71.84%
CPU 4 down residency:   0.00%
CPU 5 frequency: 4512 MHz
CPU 5 active residency:  36.55% (1260 MHz:   0% 1512 MHz:   0% 1800 MHz:   0% 2088 MHz:   0% 2352 MHz:   0% 2616 MHz:   0% 2868 MHz:   0% 3096 MHz:   0% 3300 MHz:   0% 3468 MHz:   0% 3624 MHz:   0% 3756 MHz:   0% 3852 MHz:   0% 3924 MHz:   0% 3996 MHz:   0% 4044 MHz:   0% 4104 MHz:   0% 4416 MHz:   0% 4512 MHz:  37%)
CPU 5 idle residency:  63.45%
CPU 5 down residency:   0.00%
CPU 6 frequency: 4512 MHz
CPU 6 active residency:  29.62% (1260 MHz:   0% 1512 MHz:   0% 1800 MHz:   0% 2088 MHz:   0% 2352 MHz:   0% 2616 MHz:   0% 2868 MHz:   0% 3096 MHz:   0% 3300 MHz:   0% 3468 MHz:   0% 3624 MHz:   0% 3756 MHz:   0% 3852 MHz:   0% 3924 MHz:   0% 3996 MHz:   0% 4044 MHz:   0% 4104 MHz:   0% 4416 MHz:   0% 4512 MHz:  30%)
CPU 6 idle residency:  70.38%
CPU 6 down residency:   0.00%
CPU 7 frequency: 4512 MHz
CPU 7 active residency:  12.53% (1260 MHz:   0% 1512 MHz:   0% 1800 MHz:   0% 2088 MHz:   0% 2352 MHz:   0% 2616 MHz:   0% 2868 MHz:   0% 3096 MHz:   0% 3300 MHz:   0% 3468 MHz:   0% 3624 MHz:   0% 3756 MHz:   0% 3852 MHz:   0% 3924 MHz:   0% 3996 MHz:   0% 4044 MHz:   0% 4104 MHz:   0% 4416 MHz:   0% 4512 MHz:  13%)
CPU 7 idle residency:  87.47%
CPU 7 down residency:   0.00%

P1-Cluster HW active frequency: 3651 MHz
P1-Cluster HW active residency:   0.85% (1260 MHz: .22% 1512 MHz:   0% 1800 MHz:   0% 2088 MHz:   0% 2352 MHz:   0% 2616 MHz:   0% 2868 MHz:   0% 3096 MHz:   0% 3300 MHz:   0% 3468 MHz:   0% 3624 MHz:   0% 3756 MHz:   0% 3852 MHz:   0% 3924 MHz: .03% 3996 MHz:   0% 4044 MHz:   0% 4104 MHz:   0% 4416 MHz: .02% 4512 MHz: .58%)
P1-Cluster idle residency:   1.46%
P1-Cluster down residency:  97.69%
CPU 8 frequency: 0 MHz
CPU 8 active residency:   0.00% (1260 MHz:   0% 1512 MHz:   0% 1800 MHz:   0% 2088 MHz:   0% 2352 MHz:   0% 2616 MHz:   0% 2868 MHz:   0% 3096 MHz:   0% 3300 MHz:   0% 3468 MHz:   0% 3624 MHz:   0% 3756 MHz:   0% 3852 MHz:   0% 3924 MHz:   0% 3996 MHz:   0% 4044 MHz:   0% 4104 MHz:   0% 4416 MHz:   0% 4512 MHz:   0%)
CPU 8 idle residency:   1.69%
CPU 8 down residency:  98.31%
CPU 9 frequency: 0 MHz
CPU 9 active residency:   0.00% (1260 MHz:   0% 1512 MHz:   0% 1800 MHz:   0% 2088 MHz:   0% 2352 MHz:   0% 2616 MHz:   0% 2868 MHz:   0% 3096 MHz:   0% 3300 MHz:   0% 3468 MHz:   0% 3624 MHz:   0% 3756 MHz:   0% 3852 MHz:   0% 3924 MHz:   0% 3996 MHz:   0% 4044 MHz:   0% 4104 MHz:   0% 4416 MHz:   0% 4512 MHz:   0%)
CPU 9 idle residency:   2.17%
CPU 9 down residency:  97.83%
CPU 10 frequency: 0 MHz
CPU 10 active residency:   0.00% (1260 MHz:   0% 1512 MHz:   0% 1800 MHz:   0% 2088 MHz:   0% 2352 MHz:   0% 2616 MHz:   0% 2868 MHz:   0% 3096 MHz:   0% 3300 MHz:   0% 3468 MHz:   0% 3624 MHz:   0% 3756 MHz:   0% 3852 MHz:   0% 3924 MHz:   0% 3996 MHz:   0% 4044 MHz:   0% 4104 MHz:   0% 4416 MHz:   0% 4512 MHz:   0%)
CPU 10 idle residency:   2.14%
CPU 10 down residency:  97.86%
CPU 11 frequency: 0 MHz
CPU 11 active residency:   0.00% (1260 MHz:   0% 1512 MHz:   0% 1800 MHz:   0% 2088 MHz:   0% 2352 MHz:   0% 2616 MHz:   0% 2868 MHz:   0% 3096 MHz:   0% 3300 MHz:   0% 3468 MHz:   0% 3624 MHz:   0% 3756 MHz:   0% 3852 MHz:   0% 3924 MHz:   0% 3996 MHz:   0% 4044 MHz:   0% 4104 MHz:   0% 4416 MHz:   0% 4512 MHz:   0%)
CPU 11 idle residency:   2.20%
CPU 11 down residency:  97.80%

CPU Power: 5076 mW
GPU Power: 0 mW
ANE Power: 0 mW
Combined Power (CPU + GPU + ANE): 5076 mW


*** Sampled system activity (Tue Sep 29 16:59:29 2026 -0300) (515.21ms elapsed) ***


**** Processor usage ****

E-Cluster Online: 100%
E-Cluster HW active frequency: 1088 MHz
E-Cluster HW active residency:  15.08% (1020 MHz:  14% 1404 MHz:   0% 1788 MHz: .82% 2112 MHz:   0% 2352 MHz: .25% 2532 MHz:   0% 2592 MHz: .04%)
E-Cluster idle residency:  84.92%
E-Cluster down residency:   0.00%
CPU 0 frequency: 1104 MHz
CPU 0 active residency:   8.68% (1020 MHz: 7.9% 1404 MHz:   0% 1788 MHz: .51% 2112 MHz:   0% 2352 MHz: .23% 2532 MHz:   0% 2592 MHz: .02%)
CPU 0 idle residency:  91.32%
CPU 0 down residency:   0.00%
CPU 1 frequency: 1114 MHz
CPU 1 active residency:   5.11% (1020 MHz: 4.6% 1404 MHz:   0% 1788 MHz: .40% 2112 MHz:   0% 2352 MHz: .10% 2532 MHz:   0% 2592 MHz: .03%)
CPU 1 idle residency:  94.89%
CPU 1 down residency:   0.00%
CPU 2 frequency: 1108 MHz
CPU 2 active residency:   3.51% (1020 MHz: 3.2% 1404 MHz:   0% 1788 MHz: .19% 2112 MHz:   0% 2352 MHz: .11% 2532 MHz:   0% 2592 MHz: .01%)
CPU 2 idle residency:  96.49%
CPU 2 down residency:   0.00%
CPU 3 frequency: 1267 MHz
CPU 3 active residency:   2.66% (1020 MHz: 2.0% 1404 MHz:   0% 1788 MHz: .43% 2112 MHz:   0% 2352 MHz: .23% 2532 MHz:   0% 2592 MHz: .01%)
CPU 3 idle residency:  97.34%
CPU 3 down residency:   0.00%

P0-Cluster Online: 100%
P0-Cluster HW active frequency: 4464 MHz
P0-Cluster HW active residency: 100.00% (1260 MHz:   0% 1512 MHz:   0% 1800 MHz:   0% 2088 MHz:   0% 2352 MHz:   0% 2616 MHz:   0% 2868 MHz:   0% 3096 MHz:   0% 3300 MHz:   0% 3468 MHz:   0% 3624 MHz:   0% 3756 MHz:   0% 3852 MHz:   0% 3924 MHz: .32% 3996 MHz: .07% 4044 MHz: 9.1% 4104 MHz:   0% 4416 MHz: 3.6% 4512 MHz:  87%)
P0-Cluster idle residency:   0.00%
P0-Cluster down residency:   0.00%
CPU 4 frequency: 4512 MHz
CPU 4 active residency:  28.22% (1260 MHz:   0% 1512 MHz:   0% 1800 MHz:   0% 2088 MHz:   0% 2352 MHz:   0% 2616 MHz:   0% 2868 MHz:   0% 3096 MHz:   0% 3300 MHz:   0% 3468 MHz:   0% 3624 MHz:   0% 3756 MHz:   0% 3852 MHz:   0% 3924 MHz:   0% 3996 MHz:   0% 4044 MHz:   0% 4104 MHz:   0% 4416 MHz:   0% 4512 MHz:  28%)
CPU 4 idle residency:  71.78%
CPU 4 down residency:   0.00%
CPU 5 frequency: 4512 MHz
CPU 5 active residency:  13.05% (1260 MHz:   0% 1512 MHz:   0% 1800 MHz:   0% 2088 MHz:   0% 2352 MHz:   0% 2616 MHz:   0% 2868 MHz:   0% 3096 MHz:   0% 3300 MHz:   0% 3468 MHz:   0% 3624 MHz:   0% 3756 MHz:   0% 3852 MHz:   0% 3924 MHz:   0% 3996 MHz:   0% 4044 MHz:   0% 4104 MHz:   0% 4416 MHz:   0% 4512 MHz:  13%)
CPU 5 idle residency:  86.95%
CPU 5 down residency:   0.00%
CPU 6 frequency: 4512 MHz
CPU 6 active residency:  35.27% (1260 MHz:   0% 1512 MHz:   0% 1800 MHz:   0% 2088 MHz:   0% 2352 MHz:   0% 2616 MHz:   0% 2868 MHz:   0% 3096 MHz:   0% 3300 MHz:   0% 3468 MHz:   0% 3624 MHz:   0% 3756 MHz:   0% 3852 MHz:   0% 3924 MHz:   0% 3996 MHz:   0% 4044 MHz:   0% 4104 MHz:   0% 4416 MHz:   0% 4512 MHz:  35%)
CPU 6 idle residency:  64.73%
CPU 6 down residency:   0.00%
CPU 7 frequency: 4512 MHz
CPU 7 active residency:  27.30% (1260 MHz:   0% 1512 MHz:   0% 1800 MHz:   0% 2088 MHz:   0% 2352 MHz:   0% 2616 MHz:   0% 2868 MHz:   0% 3096 MHz:   0% 3300 MHz:   0% 3468 MHz:   0% 3624 MHz:   0% 3756 MHz:   0% 3852 MHz:   0% 3924 MHz:   0% 3996 MHz:   0% 4044 MHz:   0% 4104 MHz:   0% 4416 MHz:   0% 4512 MHz:  27%)
CPU 7 idle residency:  72.70%
CPU 7 down residency:   0.00%

P1-Cluster HW active frequency: 1260 MHz
P1-Cluster HW active residency:   0.17% (1260 MHz: .17% 1512 MHz:   0% 1800 MHz:   0% 2088 MHz:   0% 2352 MHz:   0% 2616 MHz:   0% 2868 MHz:   0% 3096 MHz:   0% 3300 MHz:   0% 3468 MHz:   0% 3624 MHz:   0% 3756 MHz:   0% 3852 MHz:   0% 3924 MHz:   0% 3996 MHz:   0% 4044 MHz:   0% 4104 MHz:   0% 4416 MHz:   0% 4512 MHz:   0%)
P1-Cluster idle residency:   1.29%
P1-Cluster down residency:  98.54%
CPU 8 frequency: 0 MHz
CPU 8 active residency:   0.00% (1260 MHz:   0% 1512 MHz:   0% 1800 MHz:   0% 2088 MHz:   0% 2352 MHz:   0% 2616 MHz:   0% 2868 MHz:   0% 3096 MHz:   0% 3300 MHz:   0% 3468 MHz:   0% 3624 MHz:   0% 3756 MHz:   0% 3852 MHz:   0% 3924 MHz:   0% 3996 MHz:   0% 4044 MHz:   0% 4104 MHz:   0% 4416 MHz:   0% 4512 MHz:   0%)
CPU 8 idle residency:   1.38%
CPU 8 down residency:  98.62%
CPU 9 frequency: 0 MHz
CPU 9 active residency:   0.00% (1260 MHz:   0% 1512 MHz:   0% 1800 MHz:   0% 2088 MHz:   0% 2352 MHz:   0% 2616 MHz:   0% 2868 MHz:   0% 3096 MHz:   0% 3300 MHz:   0% 3468 MHz:   0% 3624 MHz:   0% 3756 MHz:   0% 3852 MHz:   0% 3924 MHz:   0% 3996 MHz:   0% 4044 MHz:   0% 4104 MHz:   0% 4416 MHz:   0% 4512 MHz:   0%)
CPU 9 idle residency:   1.39%
CPU 9 down residency:  98.61%
CPU 10 frequency: 0 MHz
CPU 10 active residency:   0.00% (1260 MHz:   0% 1512 MHz:   0% 1800 MHz:   0% 2088 MHz:   0% 2352 MHz:   0% 2616 MHz:   0% 2868 MHz:   0% 3096 MHz:   0% 3300 MHz:   0% 3468 MHz:   0% 3624 MHz:   0% 3756 MHz:   0% 3852 MHz:   0% 3924 MHz:   0% 3996 MHz:   0% 4044 MHz:   0% 4104 MHz:   0% 4416 MHz:   0% 4512 MHz:   0%)
CPU 10 idle residency:   1.39%
CPU 10 down residency:  98.61%
CPU 11 frequency: 0 MHz
CPU 11 active residency:   0.00% (1260 MHz:   0% 1512 MHz:   0% 1800 MHz:   0% 2088 MHz:   0% 2352 MHz:   0% 2616 MHz:   0% 2868 MHz:   0% 3096 MHz:   0% 3300 MHz:   0% 3468 MHz:   0% 3624 MHz:   0% 3756 MHz:   0% 3852 MHz:   0% 3924 MHz:   0% 3996 MHz:   0% 4044 MHz:   0% 4104 MHz:   0% 4416 MHz:   0% 4512 MHz:   0%)
CPU 11 idle residency:   1.39%
CPU 11 down residency:  98.61%

CPU Power: 4996 mW
GPU Power: 0 mW
ANE Power: 0 mW
Combined Power (CPU + GPU + ANE): 4996 mW


*** Sampled system activity (Tue Sep 29 16:59:29 2026 -0300) (514.98ms elapsed) ***


**** Processor usage ****

E-Cluster Online: 100%
E-Cluster HW active frequency: 1076 MHz
E-Cluster HW active residency:  12.57% (1020 MHz:  11% 1404 MHz: .81% 1788 MHz: .51% 2112 MHz:   0% 2352 MHz:   0% 2532 MHz:   0% 2592 MHz:   0%)
E-Cluster idle residency:  87.43%
E-Cluster down residency:   0.00%
CPU 0 frequency: 1092 MHz
CPU 0 active residency:   6.63% (1020 MHz: 5.7% 1404 MHz: .71% 1788 MHz: .26% 2112 MHz:   0% 2352 MHz:   0% 2532 MHz:   0% 2592 MHz:   0%)
CPU 0 idle residency:  93.37%
CPU 0 down residency:   0.00%
CPU 1 frequency: 1107 MHz
CPU 1 active residency:   5.46% (1020 MHz: 4.6% 1404 MHz: .49% 1788 MHz: .37% 2112 MHz:   0% 2352 MHz:   0% 2532 MHz:   0% 2592 MHz:   0%)
CPU 1 idle residency:  94.54%
CPU 1 down residency:   0.00%
CPU 2 frequency: 1129 MHz
CPU 2 active residency:   2.98% (1020 MHz: 2.3% 1404 MHz: .48% 1788 MHz: .18% 2112 MHz:   0% 2352 MHz:   0% 2532 MHz:   0% 2592 MHz:   0%)
CPU 2 idle residency:  97.02%
CPU 2 down residency:   0.00%
CPU 3 frequency: 1125 MHz
CPU 3 active residency:   1.33% (1020 MHz: 1.0% 1404 MHz: .27% 1788 MHz: .05% 2112 MHz:   0% 2352 MHz:   0% 2532 MHz:   0% 2592 MHz:   0%)
CPU 3 idle residency:  98.67%
CPU 3 down residency:   0.00%

P0-Cluster Online: 66%
P0-Cluster HW active frequency: 4447 MHz
P0-Cluster HW active residency:  67.64% (1260 MHz:   0% 1512 MHz:   0% 1800 MHz:   0% 2088 MHz:   0% 2352 MHz:   0% 2616 MHz:   0% 2868 MHz:   0% 3096 MHz:   0% 3300 MHz:   0% 3468 MHz:   0% 3624 MHz:   0% 3756 MHz:   0% 3852 MHz:   0% 3924 MHz: .19% 3996 MHz: .12% 4044 MHz: 8.6% 4104 MHz:   0% 4416 MHz: 2.6% 4512 MHz:  56%)
P0-Cluster idle residency:   0.00%
P0-Cluster down residency:  32.36%
CPU 4 frequency: 4512 MHz
CPU 4 active residency:   1.84% (1260 MHz:   0% 1512 MHz:   0% 1800 MHz:   0% 2088 MHz:   0% 2352 MHz:   0% 2616 MHz:   0% 2868 MHz:   0% 3096 MHz:   0% 3300 MHz:   0% 3468 MHz:   0% 3624 MHz:   0% 3756 MHz:   0% 3852 MHz:   0% 3924 MHz:   0% 3996 MHz:   0% 4044 MHz:   0% 4104 MHz:   0% 4416 MHz:   0% 4512 MHz: 1.8%)
CPU 4 idle residency:  54.23%
CPU 4 down residency:  43.93%
CPU 5 frequency: 4512 MHz
CPU 5 active residency:   1.62% (1260 MHz:   0% 1512 MHz:   0% 1800 MHz:   0% 2088 MHz:   0% 2352 MHz:   0% 2616 MHz:   0% 2868 MHz:   0% 3096 MHz:   0% 3300 MHz:   0% 3468 MHz:   0% 3624 MHz:   0% 3756 MHz:   0% 3852 MHz:   0% 3924 MHz:   0% 3996 MHz:   0% 4044 MHz:   0% 4104 MHz:   0% 4416 MHz:   0% 4512 MHz: 1.6%)
CPU 5 idle residency:  60.21%
CPU 5 down residency:  38.17%
CPU 6 frequency: 4512 MHz
CPU 6 active residency:   0.01% (1260 MHz:   0% 1512 MHz:   0% 1800 MHz:   0% 2088 MHz:   0% 2352 MHz:   0% 2616 MHz:   0% 2868 MHz:   0% 3096 MHz:   0% 3300 MHz:   0% 3468 MHz:   0% 3624 MHz:   0% 3756 MHz:   0% 3852 MHz:   0% 3924 MHz:   0% 3996 MHz:   0% 4044 MHz:   0% 4104 MHz:   0% 4416 MHz:   0% 4512 MHz: .01%)
CPU 6 idle residency:  67.48%
CPU 6 down residency:  32.51%
CPU 7 frequency: 4512 MHz
CPU 7 active residency:   0.02% (1260 MHz:   0% 1512 MHz:   0% 1800 MHz:   0% 2088 MHz:   0% 2352 MHz:   0% 2616 MHz:   0% 2868 MHz:   0% 3096 MHz:   0% 3300 MHz:   0% 3468 MHz:   0% 3624 MHz:   0% 3756 MHz:   0% 3852 MHz:   0% 3924 MHz:   0% 3996 MHz:   0% 4044 MHz:   0% 4104 MHz:   0% 4416 MHz:   0% 4512 MHz: .02%)
CPU 7 idle residency:  56.13%
CPU 7 down residency:  43.85%

P1-Cluster HW active frequency: 4473 MHz
P1-Cluster HW active residency:  32.51% (1260 MHz: .14% 1512 MHz:   0% 1800 MHz:   0% 2088 MHz:   0% 2352 MHz:   0% 2616 MHz:   0% 2868 MHz:   0% 3096 MHz:   0% 3300 MHz:   0% 3468 MHz:   0% 3624 MHz:   0% 3756 MHz:   0% 3852 MHz:   0% 3924 MHz: .10% 3996 MHz: .01% 4044 MHz: 1.4% 4104 MHz:   0% 4416 MHz: .99% 4512 MHz:  30%)
P1-Cluster idle residency:   0.87%
P1-Cluster down residency:  66.62%
CPU 8 frequency: 4477 MHz
CPU 8 active residency:  45.95% (1260 MHz: .50% 1512 MHz:   0% 1800 MHz:   0% 2088 MHz:   0% 2352 MHz:   0% 2616 MHz:   0% 2868 MHz:   0% 3096 MHz:   0% 3300 MHz:   0% 3468 MHz:   0% 3624 MHz:   0% 3756 MHz:   0% 3852 MHz:   0% 3924 MHz:   0% 3996 MHz:   0% 4044 MHz:   0% 4104 MHz:   0% 4416 MHz:   0% 4512 MHz:  45%)
CPU 8 idle residency:   0.68%
CPU 8 down residency:  53.36%
CPU 9 frequency: 4348 MHz
CPU 9 active residency:  10.58% (1260 MHz: .53% 1512 MHz:   0% 1800 MHz:   0% 2088 MHz:   0% 2352 MHz:   0% 2616 MHz:   0% 2868 MHz:   0% 3096 MHz:   0% 3300 MHz:   0% 3468 MHz:   0% 3624 MHz:   0% 3756 MHz:   0% 3852 MHz:   0% 3924 MHz:   0% 3996 MHz:   0% 4044 MHz:   0% 4104 MHz:   0% 4416 MHz:   0% 4512 MHz:  10%)
CPU 9 idle residency:  29.65%
CPU 9 down residency:  59.77%
CPU 10 frequency: 4198 MHz
CPU 10 active residency:   5.74% (1260 MHz: .56% 1512 MHz:   0% 1800 MHz:   0% 2088 MHz:   0% 2352 MHz:   0% 2616 MHz:   0% 2868 MHz:   0% 3096 MHz:   0% 3300 MHz:   0% 3468 MHz:   0% 3624 MHz:   0% 3756 MHz:   0% 3852 MHz:   0% 3924 MHz:   0% 3996 MHz:   0% 4044 MHz:   0% 4104 MHz:   0% 4416 MHz:   0% 4512 MHz: 5.2%)
CPU 10 idle residency:  31.39%
CPU 10 down residency:  62.86%
CPU 11 frequency: 4153 MHz
CPU 11 active residency:   5.08% (1260 MHz: .56% 1512 MHz:   0% 1800 MHz:   0% 2088 MHz:   0% 2352 MHz:   0% 2616 MHz:   0% 2868 MHz:   0% 3096 MHz:   0% 3300 MHz:   0% 3468 MHz:   0% 3624 MHz:   0% 3756 MHz:   0% 3852 MHz:   0% 3924 MHz:   0% 3996 MHz:   0% 4044 MHz:   0% 4104 MHz:   0% 4416 MHz:   0% 4512 MHz: 4.5%)
CPU 11 idle residency:  31.16%
CPU 11 down residency:  63.76%

CPU Power: 4979 mW
GPU Power: 0 mW
ANE Power: 0 mW
Combined Power (CPU + GPU + ANE): 4979 mW


*** Sampled system activity (Tue Sep 29 16:59:30 2026 -0300) (515.15ms elapsed) ***


**** Processor usage ****

E-Cluster Online: 100%
E-Cluster HW active frequency: 1059 MHz
E-Cluster HW active residency:  10.73% (1020 MHz:  10% 1404 MHz:   0% 1788 MHz: .39% 2112 MHz:   0% 2352 MHz: .09% 2532 MHz:   0% 2592 MHz:   0%)
E-Cluster idle residency:  89.27%
E-Cluster down residency:   0.00%
CPU 0 frequency: 1059 MHz
CPU 0 active residency:   5.43% (1020 MHz: 5.2% 1404 MHz:   0% 1788 MHz: .23% 2112 MHz:   0% 2352 MHz: .03% 2532 MHz:   0% 2592 MHz:   0%)
CPU 0 idle residency:  94.57%
CPU 0 down residency:   0.00%
CPU 1 frequency: 1067 MHz
CPU 1 active residency:   4.45% (1020 MHz: 4.2% 1404 MHz:   0% 1788 MHz: .23% 2112 MHz:   0% 2352 MHz: .02% 2532 MHz:   0% 2592 MHz:   0%)
CPU 1 idle residency:  95.55%
CPU 1 down residency:   0.00%
CPU 2 frequency: 1032 MHz
CPU 2 active residency:   1.28% (1020 MHz: 1.3% 1404 MHz:   0% 1788 MHz: .02% 2112 MHz:   0% 2352 MHz: .00% 2532 MHz:   0% 2592 MHz:   0%)
CPU 2 idle residency:  98.72%
CPU 2 down residency:   0.00%
CPU 3 frequency: 1050 MHz
CPU 3 active residency:   0.94% (1020 MHz: .91% 1404 MHz:   0% 1788 MHz: .02% 2112 MHz:   0% 2352 MHz: .01% 2532 MHz:   0% 2592 MHz:   0%)
CPU 3 idle residency:  99.06%
CPU 3 down residency:   0.00%

P0-Cluster Online: 0%
P0-Cluster HW active frequency: 0 MHz
P0-Cluster HW active residency:   0.00% (1260 MHz:   0% 1512 MHz:   0% 1800 MHz:   0% 2088 MHz:   0% 2352 MHz:   0% 2616 MHz:   0% 2868 MHz:   0% 3096 MHz:   0% 3300 MHz:   0% 3468 MHz:   0% 3624 MHz:   0% 3756 MHz:   0% 3852 MHz:   0% 3924 MHz:   0% 3996 MHz:   0% 4044 MHz:   0% 4104 MHz:   0% 4416 MHz:   0% 4512 MHz:   0%)
P0-Cluster idle residency:   0.00%
P0-Cluster down residency: 100.00%
CPU 4 frequency: 0 MHz
CPU 4 active residency:   0.00% (1260 MHz:   0% 1512 MHz:   0% 1800 MHz:   0% 2088 MHz:   0% 2352 MHz:   0% 2616 MHz:   0% 2868 MHz:   0% 3096 MHz:   0% 3300 MHz:   0% 3468 MHz:   0% 3624 MHz:   0% 3756 MHz:   0% 3852 MHz:   0% 3924 MHz:   0% 3996 MHz:   0% 4044 MHz:   0% 4104 MHz:   0% 4416 MHz:   0% 4512 MHz:   0%)
CPU 4 idle residency:   0.00%
CPU 4 down residency: 100.00%
CPU 5 frequency: 0 MHz
CPU 5 active residency:   0.00% (1260 MHz:   0% 1512 MHz:   0% 1800 MHz:   0% 2088 MHz:   0% 2352 MHz:   0% 2616 MHz:   0% 2868 MHz:   0% 3096 MHz:   0% 3300 MHz:   0% 3468 MHz:   0% 3624 MHz:   0% 3756 MHz:   0% 3852 MHz:   0% 3924 MHz:   0% 3996 MHz:   0% 4044 MHz:   0% 4104 MHz:   0% 4416 MHz:   0% 4512 MHz:   0%)
CPU 5 idle residency:   0.00%
CPU 5 down residency: 100.00%
CPU 6 frequency: 0 MHz
CPU 6 active residency:   0.00% (1260 MHz:   0% 1512 MHz:   0% 1800 MHz:   0% 2088 MHz:   0% 2352 MHz:   0% 2616 MHz:   0% 2868 MHz:   0% 3096 MHz:   0% 3300 MHz:   0% 3468 MHz:   0% 3624 MHz:   0% 3756 MHz:   0% 3852 MHz:   0% 3924 MHz:   0% 3996 MHz:   0% 4044 MHz:   0% 4104 MHz:   0% 4416 MHz:   0% 4512 MHz:   0%)
CPU 6 idle residency:   0.00%
CPU 6 down residency: 100.00%
CPU 7 frequency: 0 MHz
CPU 7 active residency:   0.00% (1260 MHz:   0% 1512 MHz:   0% 1800 MHz:   0% 2088 MHz:   0% 2352 MHz:   0% 2616 MHz:   0% 2868 MHz:   0% 3096 MHz:   0% 3300 MHz:   0% 3468 MHz:   0% 3624 MHz:   0% 3756 MHz:   0% 3852 MHz:   0% 3924 MHz:   0% 3996 MHz:   0% 4044 MHz:   0% 4104 MHz:   0% 4416 MHz:   0% 4512 MHz:   0%)
CPU 7 idle residency:   0.00%
CPU 7 down residency: 100.00%

P1-Cluster HW active frequency: 4480 MHz
P1-Cluster HW active residency: 100.00% (1260 MHz:   0% 1512 MHz:   0% 1800 MHz:   0% 2088 MHz:   0% 2352 MHz:   0% 2616 MHz:   0% 2868 MHz:   0% 3096 MHz:   0% 3300 MHz:   0% 3468 MHz:   0% 3624 MHz:   0% 3756 MHz:   0% 3852 MHz:   0% 3924 MHz: .32% 3996 MHz: .04% 4044 MHz: 5.8% 4104 MHz:   0% 4416 MHz: 3.3% 4512 MHz:  91%)
P1-Cluster idle residency:   0.00%
P1-Cluster down residency:   0.00%
CPU 8 frequency: 4512 MHz
CPU 8 active residency:  10.70% (1260 MHz:   0% 1512 MHz:   0% 1800 MHz:   0% 2088 MHz:   0% 2352 MHz:   0% 2616 MHz:   0% 2868 MHz:   0% 3096 MHz:   0% 3300 MHz:   0% 3468 MHz:   0% 3624 MHz:   0% 3756 MHz:   0% 3852 MHz:   0% 3924 MHz:   0% 3996 MHz:   0% 4044 MHz:   0% 4104 MHz:   0% 4416 MHz:   0% 4512 MHz:  11%)
CPU 8 idle residency:  89.30%
CPU 8 down residency:   0.00%
CPU 9 frequency: 4512 MHz
CPU 9 active residency:  23.48% (1260 MHz:   0% 1512 MHz:   0% 1800 MHz:   0% 2088 MHz:   0% 2352 MHz:   0% 2616 MHz:   0% 2868 MHz:   0% 3096 MHz:   0% 3300 MHz:   0% 3468 MHz:   0% 3624 MHz:   0% 3756 MHz:   0% 3852 MHz:   0% 3924 MHz:   0% 3996 MHz:   0% 4044 MHz:   0% 4104 MHz:   0% 4416 MHz:   0% 4512 MHz:  23%)
CPU 9 idle residency:  76.52%
CPU 9 down residency:   0.00%
CPU 10 frequency: 4512 MHz
CPU 10 active residency:  25.70% (1260 MHz:   0% 1512 MHz:   0% 1800 MHz:   0% 2088 MHz:   0% 2352 MHz:   0% 2616 MHz:   0% 2868 MHz:   0% 3096 MHz:   0% 3300 MHz:   0% 3468 MHz:   0% 3624 MHz:   0% 3756 MHz:   0% 3852 MHz:   0% 3924 MHz:   0% 3996 MHz:   0% 4044 MHz:   0% 4104 MHz:   0% 4416 MHz:   0% 4512 MHz:  26%)
CPU 10 idle residency:  74.30%
CPU 10 down residency:   0.00%
CPU 11 frequency: 4512 MHz
CPU 11 active residency:  43.65% (1260 MHz:   0% 1512 MHz:   0% 1800 MHz:   0% 2088 MHz:   0% 2352 MHz:   0% 2616 MHz:   0% 2868 MHz:   0% 3096 MHz:   0% 3300 MHz:   0% 3468 MHz:   0% 3624 MHz:   0% 3756 MHz:   0% 3852 MHz:   0% 3924 MHz:   0% 3996 MHz:   0% 4044 MHz:   0% 4104 MHz:   0% 4416 MHz:   0% 4512 MHz:  44%)
CPU 11 idle residency:  56.35%
CPU 11 down residency:   0.00%

CPU Power: 5032 mW
GPU Power: 0 mW
ANE Power: 0 mW
Combined Power (CPU + GPU + ANE): 5032 mW


*** Sampled system activity (Tue Sep 29 16:59:30 2026 -0300) (514.85ms elapsed) ***


**** Processor usage ****

E-Cluster Online: 100%
E-Cluster HW active frequency: 1075 MHz
E-Cluster HW active residency:  11.04% (1020 MHz:  11% 1404 MHz:   0% 1788 MHz: .23% 2112 MHz:   0% 2352 MHz:   0% 2532 MHz:   0% 2592 MHz: .27%)
E-Cluster idle residency:  88.96%
E-Cluster down residency:   0.00%
CPU 0 frequency: 1087 MHz
CPU 0 active residency:   3.86% (1020 MHz: 3.6% 1404 MHz:   0% 1788 MHz: .13% 2112 MHz:   0% 2352 MHz:   0% 2532 MHz:   0% 2592 MHz: .10%)
CPU 0 idle residency:  96.14%
CPU 0 down residency:   0.00%
CPU 1 frequency: 1101 MHz
CPU 1 active residency:   3.61% (1020 MHz: 3.4% 1404 MHz:   0% 1788 MHz: .14% 2112 MHz:   0% 2352 MHz:   0% 2532 MHz:   0% 2592 MHz: .12%)
CPU 1 idle residency:  96.39%
CPU 1 down residency:   0.00%
CPU 2 frequency: 1094 MHz
CPU 2 active residency:   1.80% (1020 MHz: 1.7% 1404 MHz:   0% 1788 MHz: .01% 2112 MHz:   0% 2352 MHz:   0% 2532 MHz:   0% 2592 MHz: .08%)
CPU 2 idle residency:  98.20%
CPU 2 down residency:   0.00%
CPU 3 frequency: 1050 MHz
CPU 3 active residency:   2.33% (1020 MHz: 2.3% 1404 MHz:   0% 1788 MHz:   0% 2112 MHz:   0% 2352 MHz:   0% 2532 MHz:   0% 2592 MHz: .04%)
CPU 3 idle residency:  97.67%
CPU 3 down residency:   0.00%

P0-Cluster Online: 5%
P0-Cluster HW active frequency: 3397 MHz
P0-Cluster HW active residency:   0.67% (1260 MHz: .22% 1512 MHz:   0% 1800 MHz:   0% 2088 MHz:   0% 2352 MHz:   0% 2616 MHz:   0% 2868 MHz:   0% 3096 MHz:   0% 3300 MHz:   0% 3468 MHz:   0% 3624 MHz:   0% 3756 MHz:   0% 3852 MHz:   0% 3924 MHz: .03% 3996 MHz:   0% 4044 MHz:   0% 4104 MHz:   0% 4416 MHz: .03% 4512 MHz: .39%)
P0-Cluster idle residency:   3.03%
P0-Cluster down residency:  96.30%
CPU 4 frequency: 0 MHz
CPU 4 active residency:   0.00% (1260 MHz:   0% 1512 MHz:   0% 1800 MHz:   0% 2088 MHz:   0% 2352 MHz:   0% 2616 MHz:   0% 2868 MHz:   0% 3096 MHz:   0% 3300 MHz:   0% 3468 MHz:   0% 3624 MHz:   0% 3756 MHz:   0% 3852 MHz:   0% 3924 MHz:   0% 3996 MHz:   0% 4044 MHz:   0% 4104 MHz:   0% 4416 MHz:   0% 4512 MHz:   0%)
CPU 4 idle residency:   3.49%
CPU 4 down residency:  96.51%
CPU 5 frequency: 0 MHz
CPU 5 active residency:   0.00% (1260 MHz:   0% 1512 MHz:   0% 1800 MHz:   0% 2088 MHz:   0% 2352 MHz:   0% 2616 MHz:   0% 2868 MHz:   0% 3096 MHz:   0% 3300 MHz:   0% 3468 MHz:   0% 3624 MHz:   0% 3756 MHz:   0% 3852 MHz:   0% 3924 MHz:   0% 3996 MHz:   0% 4044 MHz:   0% 4104 MHz:   0% 4416 MHz:   0% 4512 MHz:   0%)
CPU 5 idle residency:   3.51%
CPU 5 down residency:  96.49%
CPU 6 frequency: 0 MHz
CPU 6 active residency:   0.00% (1260 MHz:   0% 1512 MHz:   0% 1800 MHz:   0% 2088 MHz:   0% 2352 MHz:   0% 2616 MHz:   0% 2868 MHz:   0% 3096 MHz:   0% 3300 MHz:   0% 3468 MHz:   0% 3624 MHz:   0% 3756 MHz:   0% 3852 MHz:   0% 3924 MHz:   0% 3996 MHz:   0% 4044 MHz:   0% 4104 MHz:   0% 4416 MHz:   0% 4512 MHz:   0%)
CPU 6 idle residency:   3.52%
CPU 6 down residency:  96.48%
CPU 7 frequency: 0 MHz
CPU 7 active residency:   0.00% (1260 MHz:   0% 1512 MHz:   0% 1800 MHz:   0% 2088 MHz:   0% 2352 MHz:   0% 2616 MHz:   0% 2868 MHz:   0% 3096 MHz:   0% 3300 MHz:   0% 3468 MHz:   0% 3624 MHz:   0% 3756 MHz:   0% 3852 MHz:   0% 3924 MHz:   0% 3996 MHz:   0% 4044 MHz:   0% 4104 MHz:   0% 4416 MHz:   0% 4512 MHz:   0%)
CPU 7 idle residency:   3.54%
CPU 7 down residency:  96.46%

P1-Cluster HW active frequency: 4464 MHz
P1-Cluster HW active residency: 100.00% (1260 MHz:   0% 1512 MHz:   0% 1800 MHz:   0% 2088 MHz:   0% 2352 MHz:   0% 2616 MHz:   0% 2868 MHz:   0% 3096 MHz:   0% 3300 MHz:   0% 3468 MHz:   0% 3624 MHz:   0% 3756 MHz:   0% 3852 MHz:   0% 3924 MHz: .98% 3996 MHz: .09% 4044 MHz: 7.8% 4104 MHz:   0% 4416 MHz: 5.6% 4512 MHz:  86%)
P1-Cluster idle residency:   0.00%
P1-Cluster down residency:   0.00%
CPU 8 frequency: 4512 MHz
CPU 8 active residency:  28.28% (1260 MHz:   0% 1512 MHz:   0% 1800 MHz:   0% 2088 MHz:   0% 2352 MHz:   0% 2616 MHz:   0% 2868 MHz:   0% 3096 MHz:   0% 3300 MHz:   0% 3468 MHz:   0% 3624 MHz:   0% 3756 MHz:   0% 3852 MHz:   0% 3924 MHz:   0% 3996 MHz:   0% 4044 MHz:   0% 4104 MHz:   0% 4416 MHz:   0% 4512 MHz:  28%)
CPU 8 idle residency:  71.72%
CPU 8 down residency:   0.00%
CPU 9 frequency: 4512 MHz
CPU 9 active residency:  44.91% (1260 MHz:   0% 1512 MHz:   0% 1800 MHz:   0% 2088 MHz:   0% 2352 MHz:   0% 2616 MHz:   0% 2868 MHz:   0% 3096 MHz:   0% 3300 MHz:   0% 3468 MHz:   0% 3624 MHz:   0% 3756 MHz:   0% 3852 MHz:   0% 3924 MHz:   0% 3996 MHz:   0% 4044 MHz:   0% 4104 MHz:   0% 4416 MHz:   0% 4512 MHz:  45%)
CPU 9 idle residency:  55.09%
CPU 9 down residency:   0.00%
CPU 10 frequency: 4512 MHz
CPU 10 active residency:  20.97% (1260 MHz:   0% 1512 MHz:   0% 1800 MHz:   0% 2088 MHz:   0% 2352 MHz:   0% 2616 MHz:   0% 2868 MHz:   0% 3096 MHz:   0% 3300 MHz:   0% 3468 MHz:   0% 3624 MHz:   0% 3756 MHz:   0% 3852 MHz:   0% 3924 MHz:   0% 3996 MHz:   0% 4044 MHz:   0% 4104 MHz:   0% 4416 MHz:   0% 4512 MHz:  21%)
CPU 10 idle residency:  79.03%
CPU 10 down residency:   0.00%
CPU 11 frequency: 4512 MHz
CPU 11 active residency:  13.29% (1260 MHz:   0% 1512 MHz:   0% 1800 MHz:   0% 2088 MHz:   0% 2352 MHz:   0% 2616 MHz:   0% 2868 MHz:   0% 3096 MHz:   0% 3300 MHz:   0% 3468 MHz:   0% 3624 MHz:   0% 3756 MHz:   0% 3852 MHz:   0% 3924 MHz:   0% 3996 MHz:   0% 4044 MHz:   0% 4104 MHz:   0% 4416 MHz:   0% 4512 MHz:  13%)
CPU 11 idle residency:  86.71%
CPU 11 down residency:   0.00%

CPU Power: 5120 mW
GPU Power: 0 mW
ANE Power: 0 mW
Combined Power (CPU + GPU + ANE): 5120 mW


*** Sampled system activity (Tue Sep 29 16:59:31 2026 -0300) (515.28ms elapsed) ***


**** Processor usage ****

E-Cluster Online: 100%
E-Cluster HW active frequency: 1306 MHz
E-Cluster HW active residency:  14.72% (1020 MHz: 9.8% 1404 MHz: 1.8% 1788 MHz: 1.6% 2112 MHz:   0% 2352 MHz: .38% 2532 MHz: .39% 2592 MHz: .73%)
E-Cluster idle residency:  85.28%
E-Cluster down residency:   0.00%
CPU 0 frequency: 1381 MHz
CPU 0 active residency:   7.73% (1020 MHz: 4.4% 1404 MHz: 1.2% 1788 MHz: 1.2% 2112 MHz:   0% 2352 MHz: .21% 2532 MHz: .22% 2592 MHz: .50%)
CPU 0 idle residency:  92.27%
CPU 0 down residency:   0.00%
CPU 1 frequency: 1332 MHz
CPU 1 active residency:   4.83% (1020 MHz: 3.0% 1404 MHz: .65% 1788 MHz: .56% 2112 MHz:   0% 2352 MHz: .23% 2532 MHz: .21% 2592 MHz: .12%)
CPU 1 idle residency:  95.17%
CPU 1 down residency:   0.00%
CPU 2 frequency: 1087 MHz
CPU 2 active residency:   2.28% (1020 MHz: 2.1% 1404 MHz: .04% 1788 MHz: .10% 2112 MHz:   0% 2352 MHz: .00% 2532 MHz: .02% 2592 MHz: .02%)
CPU 2 idle residency:  97.72%
CPU 2 down residency:   0.00%
CPU 3 frequency: 1106 MHz
CPU 3 active residency:   0.48% (1020 MHz: .40% 1404 MHz: .07% 1788 MHz: .01% 2112 MHz:   0% 2352 MHz:   0% 2532 MHz:   0% 2592 MHz: .00%)
CPU 3 idle residency:  99.52%
CPU 3 down residency:   0.00%

P0-Cluster Online: 3%
P0-Cluster HW active frequency: 4052 MHz
P0-Cluster HW active residency:   1.02% (1260 MHz: .14% 1512 MHz:   0% 1800 MHz:   0% 2088 MHz:   0% 2352 MHz:   0% 2616 MHz:   0% 2868 MHz:   0% 3096 MHz:   0% 3300 MHz:   0% 3468 MHz:   0% 3624 MHz:   0% 3756 MHz:   0% 3852 MHz:   0% 3924 MHz: .03% 3996 MHz:   0% 4044 MHz:   0% 4104 MHz:   0% 4416 MHz: .03% 4512 MHz: .83%)
P0-Cluster idle residency:   1.20%
P0-Cluster down residency:  97.78%
CPU 4 frequency: 0 MHz
CPU 4 active residency:   0.00% (1260 MHz:   0% 1512 MHz:   0% 1800 MHz:   0% 2088 MHz:   0% 2352 MHz:   0% 2616 MHz:   0% 2868 MHz:   0% 3096 MHz:   0% 3300 MHz:   0% 3468 MHz:   0% 3624 MHz:   0% 3756 MHz:   0% 3852 MHz:   0% 3924 MHz:   0% 3996 MHz:   0% 4044 MHz:   0% 4104 MHz:   0% 4416 MHz:   0% 4512 MHz:   0%)
CPU 4 idle residency:   1.37%
CPU 4 down residency:  98.63%
CPU 5 frequency: 0 MHz
CPU 5 active residency:   0.00% (1260 MHz:   0% 1512 MHz:   0% 1800 MHz:   0% 2088 MHz:   0% 2352 MHz:   0% 2616 MHz:   0% 2868 MHz:   0% 3096 MHz:   0% 3300 MHz:   0% 3468 MHz:   0% 3624 MHz:   0% 3756 MHz:   0% 3852 MHz:   0% 3924 MHz:   0% 3996 MHz:   0% 4044 MHz:   0% 4104 MHz:   0% 4416 MHz:   0% 4512 MHz:   0%)
CPU 5 idle residency:   2.05%
CPU 5 down residency:  97.95%
CPU 6 frequency: 0 MHz
CPU 6 active residency:   0.00% (1260 MHz:   0% 1512 MHz:   0% 1800 MHz:   0% 2088 MHz:   0% 2352 MHz:   0% 2616 MHz:   0% 2868 MHz:   0% 3096 MHz:   0% 3300 MHz:   0% 3468 MHz:   0% 3624 MHz:   0% 3756 MHz:   0% 3852 MHz:   0% 3924 MHz:   0% 3996 MHz:   0% 4044 MHz:   0% 4104 MHz:   0% 4416 MHz:   0% 4512 MHz:   0%)
CPU 6 idle residency:   2.05%
CPU 6 down residency:  97.95%
CPU 7 frequency: 0 MHz
CPU 7 active residency:   0.00% (1260 MHz:   0% 1512 MHz:   0% 1800 MHz:   0% 2088 MHz:   0% 2352 MHz:   0% 2616 MHz:   0% 2868 MHz:   0% 3096 MHz:   0% 3300 MHz:   0% 3468 MHz:   0% 3624 MHz:   0% 3756 MHz:   0% 3852 MHz:   0% 3924 MHz:   0% 3996 MHz:   0% 4044 MHz:   0% 4104 MHz:   0% 4416 MHz:   0% 4512 MHz:   0%)
CPU 7 idle residency:   2.08%
CPU 7 down residency:  97.92%

P1-Cluster HW active frequency: 4481 MHz
P1-Cluster HW active residency: 100.00% (1260 MHz:   0% 1512 MHz:   0% 1800 MHz:   0% 2088 MHz:   0% 2352 MHz:   0% 2616 MHz:   0% 2868 MHz:   0% 3096 MHz:   0% 3300 MHz:   0% 3468 MHz:   0% 3624 MHz:   0% 3756 MHz:   0% 3852 MHz:   0% 3924 MHz: .84% 3996 MHz: .09% 4044 MHz: 4.5% 4104 MHz:   0% 4416 MHz: 4.6% 4512 MHz:  90%)
P1-Cluster idle residency:   0.00%
P1-Cluster down residency:   0.00%
CPU 8 frequency: 4512 MHz
CPU 8 active residency:  29.88% (1260 MHz:   0% 1512 MHz:   0% 1800 MHz:   0% 2088 MHz:   0% 2352 MHz:   0% 2616 MHz:   0% 2868 MHz:   0% 3096 MHz:   0% 3300 MHz:   0% 3468 MHz:   0% 3624 MHz:   0% 3756 MHz:   0% 3852 MHz:   0% 3924 MHz:   0% 3996 MHz:   0% 4044 MHz:   0% 4104 MHz:   0% 4416 MHz:   0% 4512 MHz:  30%)
CPU 8 idle residency:  70.12%
CPU 8 down residency:   0.00%
CPU 9 frequency: 4512 MHz
CPU 9 active residency:  22.73% (1260 MHz:   0% 1512 MHz:   0% 1800 MHz:   0% 2088 MHz:   0% 2352 MHz:   0% 2616 MHz:   0% 2868 MHz:   0% 3096 MHz:   0% 3300 MHz:   0% 3468 MHz:   0% 3624 MHz:   0% 3756 MHz:   0% 3852 MHz:   0% 3924 MHz:   0% 3996 MHz:   0% 4044 MHz:   0% 4104 MHz:   0% 4416 MHz:   0% 4512 MHz:  23%)
CPU 9 idle residency:  77.27%
CPU 9 down residency:   0.00%
CPU 10 frequency: 4512 MHz
CPU 10 active residency:  27.17% (1260 MHz:   0% 1512 MHz:   0% 1800 MHz:   0% 2088 MHz:   0% 2352 MHz:   0% 2616 MHz:   0% 2868 MHz:   0% 3096 MHz:   0% 3300 MHz:   0% 3468 MHz:   0% 3624 MHz:   0% 3756 MHz:   0% 3852 MHz:   0% 3924 MHz:   0% 3996 MHz:   0% 4044 MHz:   0% 4104 MHz:   0% 4416 MHz:   0% 4512 MHz:  27%)
CPU 10 idle residency:  72.83%
CPU 10 down residency:   0.00%
CPU 11 frequency: 4512 MHz
CPU 11 active residency:  26.11% (1260 MHz:   0% 1512 MHz:   0% 1800 MHz:   0% 2088 MHz:   0% 2352 MHz:   0% 2616 MHz:   0% 2868 MHz:   0% 3096 MHz:   0% 3300 MHz:   0% 3468 MHz:   0% 3624 MHz:   0% 3756 MHz:   0% 3852 MHz:   0% 3924 MHz:   0% 3996 MHz:   0% 4044 MHz:   0% 4104 MHz:   0% 4416 MHz:   0% 4512 MHz:  26%)
CPU 11 idle residency:  73.89%
CPU 11 down residency:   0.00%

CPU Power: 5160 mW
GPU Power: 10 mW
ANE Power: 0 mW
Combined Power (CPU + GPU + ANE): 5170 mW


*** Sampled system activity (Tue Sep 29 16:59:31 2026 -0300) (515.16ms elapsed) ***


**** Processor usage ****

E-Cluster Online: 100%
E-Cluster HW active frequency: 1122 MHz
E-Cluster HW active residency:  11.10% (1020 MHz: 9.3% 1404 MHz: .77% 1788 MHz: 1.1% 2112 MHz:   0% 2352 MHz: .02% 2532 MHz:   0% 2592 MHz:   0%)
E-Cluster idle residency:  88.90%
E-Cluster down residency:   0.00%
CPU 0 frequency: 1160 MHz
CPU 0 active residency:   4.76% (1020 MHz: 3.6% 1404 MHz: .51% 1788 MHz: .62% 2112 MHz:   0% 2352 MHz: .00% 2532 MHz:   0% 2592 MHz:   0%)
CPU 0 idle residency:  95.24%
CPU 0 down residency:   0.00%
CPU 1 frequency: 1127 MHz
CPU 1 active residency:   6.23% (1020 MHz: 5.1% 1404 MHz: .48% 1788 MHz: .60% 2112 MHz:   0% 2352 MHz: .01% 2532 MHz:   0% 2592 MHz:   0%)
CPU 1 idle residency:  93.77%
CPU 1 down residency:   0.00%
CPU 2 frequency: 1121 MHz
CPU 2 active residency:   0.74% (1020 MHz: .56% 1404 MHz: .17% 1788 MHz: .01% 2112 MHz:   0% 2352 MHz:   0% 2532 MHz:   0% 2592 MHz:   0%)
CPU 2 idle residency:  99.26%
CPU 2 down residency:   0.00%
CPU 3 frequency: 1069 MHz
CPU 3 active residency:   0.55% (1020 MHz: .50% 1404 MHz: .03% 1788 MHz: .02% 2112 MHz:   0% 2352 MHz:   0% 2532 MHz:   0% 2592 MHz:   0%)
CPU 3 idle residency:  99.45%
CPU 3 down residency:   0.00%

P0-Cluster Online: 0%
P0-Cluster HW active frequency: 0 MHz
P0-Cluster HW active residency:   0.00% (1260 MHz:   0% 1512 MHz:   0% 1800 MHz:   0% 2088 MHz:   0% 2352 MHz:   0% 2616 MHz:   0% 2868 MHz:   0% 3096 MHz:   0% 3300 MHz:   0% 3468 MHz:   0% 3624 MHz:   0% 3756 MHz:   0% 3852 MHz:   0% 3924 MHz:   0% 3996 MHz:   0% 4044 MHz:   0% 4104 MHz:   0% 4416 MHz:   0% 4512 MHz:   0%)
P0-Cluster idle residency:   0.00%
P0-Cluster down residency: 100.00%
CPU 4 frequency: 0 MHz
CPU 4 active residency:   0.00% (1260 MHz:   0% 1512 MHz:   0% 1800 MHz:   0% 2088 MHz:   0% 2352 MHz:   0% 2616 MHz:   0% 2868 MHz:   0% 3096 MHz:   0% 3300 MHz:   0% 3468 MHz:   0% 3624 MHz:   0% 3756 MHz:   0% 3852 MHz:   0% 3924 MHz:   0% 3996 MHz:   0% 4044 MHz:   0% 4104 MHz:   0% 4416 MHz:   0% 4512 MHz:   0%)
CPU 4 idle residency:   0.00%
CPU 4 down residency: 100.00%
CPU 5 frequency: 0 MHz
CPU 5 active residency:   0.00% (1260 MHz:   0% 1512 MHz:   0% 1800 MHz:   0% 2088 MHz:   0% 2352 MHz:   0% 2616 MHz:   0% 2868 MHz:   0% 3096 MHz:   0% 3300 MHz:   0% 3468 MHz:   0% 3624 MHz:   0% 3756 MHz:   0% 3852 MHz:   0% 3924 MHz:   0% 3996 MHz:   0% 4044 MHz:   0% 4104 MHz:   0% 4416 MHz:   0% 4512 MHz:   0%)
CPU 5 idle residency:   0.00%
CPU 5 down residency: 100.00%
CPU 6 frequency: 0 MHz
CPU 6 active residency:   0.00% (1260 MHz:   0% 1512 MHz:   0% 1800 MHz:   0% 2088 MHz:   0% 2352 MHz:   0% 2616 MHz:   0% 2868 MHz:   0% 3096 MHz:   0% 3300 MHz:   0% 3468 MHz:   0% 3624 MHz:   0% 3756 MHz:   0% 3852 MHz:   0% 3924 MHz:   0% 3996 MHz:   0% 4044 MHz:   0% 4104 MHz:   0% 4416 MHz:   0% 4512 MHz:   0%)
CPU 6 idle residency:   0.00%
CPU 6 down residency: 100.00%
CPU 7 frequency: 0 MHz
CPU 7 active residency:   0.00% (1260 MHz:   0% 1512 MHz:   0% 1800 MHz:   0% 2088 MHz:   0% 2352 MHz:   0% 2616 MHz:   0% 2868 MHz:   0% 3096 MHz:   0% 3300 MHz:   0% 3468 MHz:   0% 3624 MHz:   0% 3756 MHz:   0% 3852 MHz:   0% 3924 MHz:   0% 3996 MHz:   0% 4044 MHz:   0% 4104 MHz:   0% 4416 MHz:   0% 4512 MHz:   0%)
CPU 7 idle residency:   0.00%
CPU 7 down residency: 100.00%

P1-Cluster HW active frequency: 4466 MHz
P1-Cluster HW active residency: 100.00% (1260 MHz:   0% 1512 MHz:   0% 1800 MHz:   0% 2088 MHz:   0% 2352 MHz:   0% 2616 MHz:   0% 2868 MHz:   0% 3096 MHz:   0% 3300 MHz:   0% 3468 MHz:   0% 3624 MHz:   0% 3756 MHz:   0% 3852 MHz:   0% 3924 MHz: .26% 3996 MHz: .10% 4044 MHz: 8.7% 4104 MHz:   0% 4416 MHz: 3.5% 4512 MHz:  87%)
P1-Cluster idle residency:   0.00%
P1-Cluster down residency:   0.00%
CPU 8 frequency: 4512 MHz
CPU 8 active residency:  33.33% (1260 MHz:   0% 1512 MHz:   0% 1800 MHz:   0% 2088 MHz:   0% 2352 MHz:   0% 2616 MHz:   0% 2868 MHz:   0% 3096 MHz:   0% 3300 MHz:   0% 3468 MHz:   0% 3624 MHz:   0% 3756 MHz:   0% 3852 MHz:   0% 3924 MHz:   0% 3996 MHz:   0% 4044 MHz:   0% 4104 MHz:   0% 4416 MHz:   0% 4512 MHz:  33%)
CPU 8 idle residency:  66.67%
CPU 8 down residency:   0.00%
CPU 9 frequency: 4512 MHz
CPU 9 active residency:  27.63% (1260 MHz:   0% 1512 MHz:   0% 1800 MHz:   0% 2088 MHz:   0% 2352 MHz:   0% 2616 MHz:   0% 2868 MHz:   0% 3096 MHz:   0% 3300 MHz:   0% 3468 MHz:   0% 3624 MHz:   0% 3756 MHz:   0% 3852 MHz:   0% 3924 MHz:   0% 3996 MHz:   0% 4044 MHz:   0% 4104 MHz:   0% 4416 MHz:   0% 4512 MHz:  28%)
CPU 9 idle residency:  72.37%
CPU 9 down residency:   0.00%
CPU 10 frequency: 4512 MHz
CPU 10 active residency:  28.12% (1260 MHz:   0% 1512 MHz:   0% 1800 MHz:   0% 2088 MHz:   0% 2352 MHz:   0% 2616 MHz:   0% 2868 MHz:   0% 3096 MHz:   0% 3300 MHz:   0% 3468 MHz:   0% 3624 MHz:   0% 3756 MHz:   0% 3852 MHz:   0% 3924 MHz:   0% 3996 MHz:   0% 4044 MHz:   0% 4104 MHz:   0% 4416 MHz:   0% 4512 MHz:  28%)
CPU 10 idle residency:  71.88%
CPU 10 down residency:   0.00%
CPU 11 frequency: 4512 MHz
CPU 11 active residency:  14.61% (1260 MHz:   0% 1512 MHz:   0% 1800 MHz:   0% 2088 MHz:   0% 2352 MHz:   0% 2616 MHz:   0% 2868 MHz:   0% 3096 MHz:   0% 3300 MHz:   0% 3468 MHz:   0% 3624 MHz:   0% 3756 MHz:   0% 3852 MHz:   0% 3924 MHz:   0% 3996 MHz:   0% 4044 MHz:   0% 4104 MHz:   0% 4416 MHz:   0% 4512 MHz:  15%)
CPU 11 idle residency:  85.39%
CPU 11 down residency:   0.00%

CPU Power: 4998 mW
GPU Power: 0 mW
ANE Power: 0 mW
Combined Power (CPU + GPU + ANE): 4998 mW


*** Sampled system activity (Tue Sep 29 16:59:32 2026 -0300) (514.46ms elapsed) ***


**** Processor usage ****

E-Cluster Online: 100%
E-Cluster HW active frequency: 1105 MHz
E-Cluster HW active residency:  13.86% (1020 MHz:  12% 1404 MHz: .78% 1788 MHz: .78% 2112 MHz:   0% 2352 MHz:   0% 2532 MHz:   0% 2592 MHz: .18%)
E-Cluster idle residency:  86.14%
E-Cluster down residency:   0.00%
CPU 0 frequency: 1063 MHz
CPU 0 active residency:   5.04% (1020 MHz: 4.8% 1404 MHz: .07% 1788 MHz: .11% 2112 MHz:   0% 2352 MHz:   0% 2532 MHz:   0% 2592 MHz: .07%)
CPU 0 idle residency:  94.96%
CPU 0 down residency:   0.00%
CPU 1 frequency: 1150 MHz
CPU 1 active residency:   6.68% (1020 MHz: 5.2% 1404 MHz: .78% 1788 MHz: .68% 2112 MHz:   0% 2352 MHz:   0% 2532 MHz:   0% 2592 MHz: .03%)
CPU 1 idle residency:  93.32%
CPU 1 down residency:   0.00%
CPU 2 frequency: 1063 MHz
CPU 2 active residency:   1.08% (1020 MHz: 1.0% 1404 MHz:   0% 1788 MHz: .01% 2112 MHz:   0% 2352 MHz:   0% 2532 MHz:   0% 2592 MHz: .02%)
CPU 2 idle residency:  98.92%
CPU 2 down residency:   0.00%
CPU 3 frequency: 1024 MHz
CPU 3 active residency:   0.58% (1020 MHz: .58% 1404 MHz:   0% 1788 MHz:   0% 2112 MHz:   0% 2352 MHz:   0% 2532 MHz:   0% 2592 MHz: .00%)
CPU 3 idle residency:  99.42%
CPU 3 down residency:   0.00%

P0-Cluster Online: 1%
P0-Cluster HW active frequency: 4318 MHz
P0-Cluster HW active residency:   0.92% (1260 MHz: .06% 1512 MHz:   0% 1800 MHz:   0% 2088 MHz:   0% 2352 MHz:   0% 2616 MHz:   0% 2868 MHz:   0% 3096 MHz:   0% 3300 MHz:   0% 3468 MHz:   0% 3624 MHz:   0% 3756 MHz:   0% 3852 MHz:   0% 3924 MHz:   0% 3996 MHz:   0% 4044 MHz:   0% 4104 MHz:   0% 4416 MHz:   0% 4512 MHz: .87%)
P0-Cluster idle residency:   0.13%
P0-Cluster down residency:  98.94%
CPU 4 frequency: 0 MHz
CPU 4 active residency:   0.00% (1260 MHz:   0% 1512 MHz:   0% 1800 MHz:   0% 2088 MHz:   0% 2352 MHz:   0% 2616 MHz:   0% 2868 MHz:   0% 3096 MHz:   0% 3300 MHz:   0% 3468 MHz:   0% 3624 MHz:   0% 3756 MHz:   0% 3852 MHz:   0% 3924 MHz:   0% 3996 MHz:   0% 4044 MHz:   0% 4104 MHz:   0% 4416 MHz:   0% 4512 MHz:   0%)
CPU 4 idle residency:   0.12%
CPU 4 down residency:  99.88%
CPU 5 frequency: 0 MHz
CPU 5 active residency:   0.00% (1260 MHz:   0% 1512 MHz:   0% 1800 MHz:   0% 2088 MHz:   0% 2352 MHz:   0% 2616 MHz:   0% 2868 MHz:   0% 3096 MHz:   0% 3300 MHz:   0% 3468 MHz:   0% 3624 MHz:   0% 3756 MHz:   0% 3852 MHz:   0% 3924 MHz:   0% 3996 MHz:   0% 4044 MHz:   0% 4104 MHz:   0% 4416 MHz:   0% 4512 MHz:   0%)
CPU 5 idle residency:   0.98%
CPU 5 down residency:  99.02%
CPU 6 frequency: 0 MHz
CPU 6 active residency:   0.00% (1260 MHz:   0% 1512 MHz:   0% 1800 MHz:   0% 2088 MHz:   0% 2352 MHz:   0% 2616 MHz:   0% 2868 MHz:   0% 3096 MHz:   0% 3300 MHz:   0% 3468 MHz:   0% 3624 MHz:   0% 3756 MHz:   0% 3852 MHz:   0% 3924 MHz:   0% 3996 MHz:   0% 4044 MHz:   0% 4104 MHz:   0% 4416 MHz:   0% 4512 MHz:   0%)
CPU 6 idle residency:   0.97%
CPU 6 down residency:  99.03%
CPU 7 frequency: 0 MHz
CPU 7 active residency:   0.00% (1260 MHz:   0% 1512 MHz:   0% 1800 MHz:   0% 2088 MHz:   0% 2352 MHz:   0% 2616 MHz:   0% 2868 MHz:   0% 3096 MHz:   0% 3300 MHz:   0% 3468 MHz:   0% 3624 MHz:   0% 3756 MHz:   0% 3852 MHz:   0% 3924 MHz:   0% 3996 MHz:   0% 4044 MHz:   0% 4104 MHz:   0% 4416 MHz:   0% 4512 MHz:   0%)
CPU 7 idle residency:   0.97%
CPU 7 down residency:  99.03%

P1-Cluster HW active frequency: 4464 MHz
P1-Cluster HW active residency: 100.00% (1260 MHz:   0% 1512 MHz:   0% 1800 MHz:   0% 2088 MHz:   0% 2352 MHz:   0% 2616 MHz:   0% 2868 MHz:   0% 3096 MHz:   0% 3300 MHz:   0% 3468 MHz:   0% 3624 MHz:   0% 3756 MHz:   0% 3852 MHz:   0% 3924 MHz: .54% 3996 MHz: .10% 4044 MHz: 7.7% 4104 MHz:   0% 4416 MHz: 8.5% 4512 MHz:  83%)
P1-Cluster idle residency:   0.00%
P1-Cluster down residency:   0.00%
CPU 8 frequency: 4512 MHz
CPU 8 active residency:  28.30% (1260 MHz:   0% 1512 MHz:   0% 1800 MHz:   0% 2088 MHz:   0% 2352 MHz:   0% 2616 MHz:   0% 2868 MHz:   0% 3096 MHz:   0% 3300 MHz:   0% 3468 MHz:   0% 3624 MHz:   0% 3756 MHz:   0% 3852 MHz:   0% 3924 MHz:   0% 3996 MHz:   0% 4044 MHz:   0% 4104 MHz:   0% 4416 MHz:   0% 4512 MHz:  28%)
CPU 8 idle residency:  71.70%
CPU 8 down residency:   0.00%
CPU 9 frequency: 4512 MHz
CPU 9 active residency:  26.42% (1260 MHz:   0% 1512 MHz:   0% 1800 MHz:   0% 2088 MHz:   0% 2352 MHz:   0% 2616 MHz:   0% 2868 MHz:   0% 3096 MHz:   0% 3300 MHz:   0% 3468 MHz:   0% 3624 MHz:   0% 3756 MHz:   0% 3852 MHz:   0% 3924 MHz:   0% 3996 MHz:   0% 4044 MHz:   0% 4104 MHz:   0% 4416 MHz:   0% 4512 MHz:  26%)
CPU 9 idle residency:  73.58%
CPU 9 down residency:   0.00%
CPU 10 frequency: 4512 MHz
CPU 10 active residency:  24.74% (1260 MHz:   0% 1512 MHz:   0% 1800 MHz:   0% 2088 MHz:   0% 2352 MHz:   0% 2616 MHz:   0% 2868 MHz:   0% 3096 MHz:   0% 3300 MHz:   0% 3468 MHz:   0% 3624 MHz:   0% 3756 MHz:   0% 3852 MHz:   0% 3924 MHz:   0% 3996 MHz:   0% 4044 MHz:   0% 4104 MHz:   0% 4416 MHz:   0% 4512 MHz:  25%)
CPU 10 idle residency:  75.26%
CPU 10 down residency:   0.00%
CPU 11 frequency: 4512 MHz
CPU 11 active residency:  29.83% (1260 MHz:   0% 1512 MHz:   0% 1800 MHz:   0% 2088 MHz:   0% 2352 MHz:   0% 2616 MHz:   0% 2868 MHz:   0% 3096 MHz:   0% 3300 MHz:   0% 3468 MHz:   0% 3624 MHz:   0% 3756 MHz:   0% 3852 MHz:   0% 3924 MHz:   0% 3996 MHz:   0% 4044 MHz:   0% 4104 MHz:   0% 4416 MHz:   0% 4512 MHz:  30%)
CPU 11 idle residency:  70.17%
CPU 11 down residency:   0.00%

CPU Power: 5314 mW
GPU Power: 0 mW
ANE Power: 0 mW
Combined Power (CPU + GPU + ANE): 5314 mW


*** Sampled system activity (Tue Sep 29 16:59:32 2026 -0300) (514.95ms elapsed) ***


**** Processor usage ****

E-Cluster Online: 100%
E-Cluster HW active frequency: 1107 MHz
E-Cluster HW active residency:  10.38% (1020 MHz: 9.7% 1404 MHz:   0% 1788 MHz: .22% 2112 MHz:   0% 2352 MHz:   0% 2532 MHz:   0% 2592 MHz: .47%)
E-Cluster idle residency:  89.62%
E-Cluster down residency:   0.00%
CPU 0 frequency: 1075 MHz
CPU 0 active residency:   5.64% (1020 MHz: 5.4% 1404 MHz:   0% 1788 MHz: .13% 2112 MHz:   0% 2352 MHz:   0% 2532 MHz:   0% 2592 MHz: .14%)
CPU 0 idle residency:  94.36%
CPU 0 down residency:   0.00%
CPU 1 frequency: 1116 MHz
CPU 1 active residency:   3.28% (1020 MHz: 3.0% 1404 MHz:   0% 1788 MHz: .13% 2112 MHz:   0% 2352 MHz:   0% 2532 MHz:   0% 2592 MHz: .14%)
CPU 1 idle residency:  96.72%
CPU 1 down residency:   0.00%
CPU 2 frequency: 1070 MHz
CPU 2 active residency:   1.28% (1020 MHz: 1.2% 1404 MHz:   0% 1788 MHz: .01% 2112 MHz:   0% 2352 MHz:   0% 2532 MHz:   0% 2592 MHz: .04%)
CPU 2 idle residency:  98.72%
CPU 2 down residency:   0.00%
CPU 3 frequency: 1122 MHz
CPU 3 active residency:   0.38% (1020 MHz: .36% 1404 MHz:   0% 1788 MHz:   0% 2112 MHz:   0% 2352 MHz:   0% 2532 MHz:   0% 2592 MHz: .02%)
CPU 3 idle residency:  99.62%
CPU 3 down residency:   0.00%

P0-Cluster Online: 3%
P0-Cluster HW active frequency: 3028 MHz
P0-Cluster HW active residency:   0.40% (1260 MHz: .17% 1512 MHz:   0% 1800 MHz:   0% 2088 MHz:   0% 2352 MHz:   0% 2616 MHz:   0% 2868 MHz:   0% 3096 MHz:   0% 3300 MHz:   0% 3468 MHz:   0% 3624 MHz:   0% 3756 MHz:   0% 3852 MHz:   0% 3924 MHz: .04% 3996 MHz:   0% 4044 MHz:   0% 4104 MHz:   0% 4416 MHz: .03% 4512 MHz: .16%)
P0-Cluster idle residency:   2.31%
P0-Cluster down residency:  97.29%
CPU 4 frequency: 0 MHz
CPU 4 active residency:   0.00% (1260 MHz:   0% 1512 MHz:   0% 1800 MHz:   0% 2088 MHz:   0% 2352 MHz:   0% 2616 MHz:   0% 2868 MHz:   0% 3096 MHz:   0% 3300 MHz:   0% 3468 MHz:   0% 3624 MHz:   0% 3756 MHz:   0% 3852 MHz:   0% 3924 MHz:   0% 3996 MHz:   0% 4044 MHz:   0% 4104 MHz:   0% 4416 MHz:   0% 4512 MHz:   0%)
CPU 4 idle residency:   2.54%
CPU 4 down residency:  97.46%
CPU 5 frequency: 0 MHz
CPU 5 active residency:   0.00% (1260 MHz:   0% 1512 MHz:   0% 1800 MHz:   0% 2088 MHz:   0% 2352 MHz:   0% 2616 MHz:   0% 2868 MHz:   0% 3096 MHz:   0% 3300 MHz:   0% 3468 MHz:   0% 3624 MHz:   0% 3756 MHz:   0% 3852 MHz:   0% 3924 MHz:   0% 3996 MHz:   0% 4044 MHz:   0% 4104 MHz:   0% 4416 MHz:   0% 4512 MHz:   0%)
CPU 5 idle residency:   2.56%
CPU 5 down residency:  97.44%
CPU 6 frequency: 0 MHz
CPU 6 active residency:   0.00% (1260 MHz:   0% 1512 MHz:   0% 1800 MHz:   0% 2088 MHz:   0% 2352 MHz:   0% 2616 MHz:   0% 2868 MHz:   0% 3096 MHz:   0% 3300 MHz:   0% 3468 MHz:   0% 3624 MHz:   0% 3756 MHz:   0% 3852 MHz:   0% 3924 MHz:   0% 3996 MHz:   0% 4044 MHz:   0% 4104 MHz:   0% 4416 MHz:   0% 4512 MHz:   0%)
CPU 6 idle residency:   2.56%
CPU 6 down residency:  97.44%
CPU 7 frequency: 0 MHz
CPU 7 active residency:   0.00% (1260 MHz:   0% 1512 MHz:   0% 1800 MHz:   0% 2088 MHz:   0% 2352 MHz:   0% 2616 MHz:   0% 2868 MHz:   0% 3096 MHz:   0% 3300 MHz:   0% 3468 MHz:   0% 3624 MHz:   0% 3756 MHz:   0% 3852 MHz:   0% 3924 MHz:   0% 3996 MHz:   0% 4044 MHz:   0% 4104 MHz:   0% 4416 MHz:   0% 4512 MHz:   0%)
CPU 7 idle residency:   2.57%
CPU 7 down residency:  97.43%

P1-Cluster HW active frequency: 4462 MHz
P1-Cluster HW active residency: 100.00% (1260 MHz:   0% 1512 MHz:   0% 1800 MHz:   0% 2088 MHz:   0% 2352 MHz:   0% 2616 MHz:   0% 2868 MHz:   0% 3096 MHz:   0% 3300 MHz:   0% 3468 MHz:   0% 3624 MHz:   0% 3756 MHz:   0% 3852 MHz:   0% 3924 MHz: 1.0% 3996 MHz: .19% 4044 MHz: 8.1% 4104 MHz:   0% 4416 MHz: 5.2% 4512 MHz:  86%)
P1-Cluster idle residency:   0.00%
P1-Cluster down residency:   0.00%
CPU 8 frequency: 4512 MHz
CPU 8 active residency:  31.92% (1260 MHz:   0% 1512 MHz:   0% 1800 MHz:   0% 2088 MHz:   0% 2352 MHz:   0% 2616 MHz:   0% 2868 MHz:   0% 3096 MHz:   0% 3300 MHz:   0% 3468 MHz:   0% 3624 MHz:   0% 3756 MHz:   0% 3852 MHz:   0% 3924 MHz:   0% 3996 MHz:   0% 4044 MHz:   0% 4104 MHz:   0% 4416 MHz:   0% 4512 MHz:  32%)
CPU 8 idle residency:  68.08%
CPU 8 down residency:   0.00%
CPU 9 frequency: 4512 MHz
CPU 9 active residency:   7.78% (1260 MHz:   0% 1512 MHz:   0% 1800 MHz:   0% 2088 MHz:   0% 2352 MHz:   0% 2616 MHz:   0% 2868 MHz:   0% 3096 MHz:   0% 3300 MHz:   0% 3468 MHz:   0% 3624 MHz:   0% 3756 MHz:   0% 3852 MHz:   0% 3924 MHz:   0% 3996 MHz:   0% 4044 MHz:   0% 4104 MHz:   0% 4416 MHz:   0% 4512 MHz: 7.8%)
CPU 9 idle residency:  92.22%
CPU 9 down residency:   0.00%
CPU 10 frequency: 4512 MHz
CPU 10 active residency:  31.52% (1260 MHz:   0% 1512 MHz:   0% 1800 MHz:   0% 2088 MHz:   0% 2352 MHz:   0% 2616 MHz:   0% 2868 MHz:   0% 3096 MHz:   0% 3300 MHz:   0% 3468 MHz:   0% 3624 MHz:   0% 3756 MHz:   0% 3852 MHz:   0% 3924 MHz:   0% 3996 MHz:   0% 4044 MHz:   0% 4104 MHz:   0% 4416 MHz:   0% 4512 MHz:  32%)
CPU 10 idle residency:  68.48%
CPU 10 down residency:   0.00%
CPU 11 frequency: 4512 MHz
CPU 11 active residency:  35.83% (1260 MHz:   0% 1512 MHz:   0% 1800 MHz:   0% 2088 MHz:   0% 2352 MHz:   0% 2616 MHz:   0% 2868 MHz:   0% 3096 MHz:   0% 3300 MHz:   0% 3468 MHz:   0% 3624 MHz:   0% 3756 MHz:   0% 3852 MHz:   0% 3924 MHz:   0% 3996 MHz:   0% 4044 MHz:   0% 4104 MHz:   0% 4416 MHz:   0% 4512 MHz:  36%)
CPU 11 idle residency:  64.17%
CPU 11 down residency:   0.00%

CPU Power: 5111 mW
GPU Power: 0 mW
ANE Power: 0 mW
Combined Power (CPU + GPU + ANE): 5111 mW


*** Sampled system activity (Tue Sep 29 16:59:33 2026 -0300) (514.83ms elapsed) ***


**** Processor usage ****

E-Cluster Online: 100%
E-Cluster HW active frequency: 2171 MHz
E-Cluster HW active residency:  59.69% (1020 MHz:  12% 1404 MHz: 2.3% 1788 MHz: 3.2% 2112 MHz: 1.5% 2352 MHz: .23% 2532 MHz: 1.5% 2592 MHz:  39%)
E-Cluster idle residency:  40.31%
E-Cluster down residency:   0.00%
CPU 0 frequency: 2198 MHz
CPU 0 active residency:  31.33% (1020 MHz: 5.3% 1404 MHz: 1.8% 1788 MHz: 1.9% 2112 MHz: .83% 2352 MHz: .07% 2532 MHz: .45% 2592 MHz:  21%)
CPU 0 idle residency:  68.67%
CPU 0 down residency:   0.00%
CPU 1 frequency: 2191 MHz
CPU 1 active residency:  33.91% (1020 MHz: 6.8% 1404 MHz: 1.1% 1788 MHz: 1.3% 2112 MHz: 1.0% 2352 MHz: .01% 2532 MHz: .62% 2592 MHz:  23%)
CPU 1 idle residency:  66.09%
CPU 1 down residency:   0.00%
CPU 2 frequency: 2223 MHz
CPU 2 active residency:  18.20% (1020 MHz: 2.4% 1404 MHz: .69% 1788 MHz: 2.1% 2112 MHz: .75% 2352 MHz:   0% 2532 MHz: .88% 2592 MHz:  11%)
CPU 2 idle residency:  81.80%
CPU 2 down residency:   0.00%
CPU 3 frequency: 2340 MHz
CPU 3 active residency:  14.44% (1020 MHz: 1.9% 1404 MHz: .15% 1788 MHz: .54% 2112 MHz: .12% 2352 MHz: .04% 2532 MHz: .16% 2592 MHz:  12%)
CPU 3 idle residency:  85.56%
CPU 3 down residency:   0.00%

P0-Cluster Online: 29%
P0-Cluster HW active frequency: 2108 MHz
P0-Cluster HW active residency:  10.46% (1260 MHz: 6.8% 1512 MHz:   0% 1800 MHz: .02% 2088 MHz: .09% 2352 MHz: .69% 2616 MHz: .35% 2868 MHz:   0% 3096 MHz:   0% 3300 MHz:   0% 3468 MHz: .12% 3624 MHz:   0% 3756 MHz:   0% 3852 MHz:   0% 3924 MHz: .78% 3996 MHz:   0% 4044 MHz:   0% 4104 MHz:   0% 4416 MHz: .47% 4512 MHz: 1.1%)
P0-Cluster idle residency:  17.52%
P0-Cluster down residency:  72.02%
CPU 4 frequency: 0 MHz
CPU 4 active residency:   0.00% (1260 MHz:   0% 1512 MHz:   0% 1800 MHz:   0% 2088 MHz:   0% 2352 MHz:   0% 2616 MHz:   0% 2868 MHz:   0% 3096 MHz:   0% 3300 MHz:   0% 3468 MHz:   0% 3624 MHz:   0% 3756 MHz:   0% 3852 MHz:   0% 3924 MHz:   0% 3996 MHz:   0% 4044 MHz:   0% 4104 MHz:   0% 4416 MHz:   0% 4512 MHz:   0%)
CPU 4 idle residency:  26.18%
CPU 4 down residency:  73.82%
CPU 5 frequency: 0 MHz
CPU 5 active residency:   0.00% (1260 MHz:   0% 1512 MHz:   0% 1800 MHz:   0% 2088 MHz:   0% 2352 MHz:   0% 2616 MHz:   0% 2868 MHz:   0% 3096 MHz:   0% 3300 MHz:   0% 3468 MHz:   0% 3624 MHz:   0% 3756 MHz:   0% 3852 MHz:   0% 3924 MHz:   0% 3996 MHz:   0% 4044 MHz:   0% 4104 MHz:   0% 4416 MHz:   0% 4512 MHz:   0%)
CPU 5 idle residency:  26.81%
CPU 5 down residency:  73.19%
CPU 6 frequency: 0 MHz
CPU 6 active residency:   0.00% (1260 MHz:   0% 1512 MHz:   0% 1800 MHz:   0% 2088 MHz:   0% 2352 MHz:   0% 2616 MHz:   0% 2868 MHz:   0% 3096 MHz:   0% 3300 MHz:   0% 3468 MHz:   0% 3624 MHz:   0% 3756 MHz:   0% 3852 MHz:   0% 3924 MHz:   0% 3996 MHz:   0% 4044 MHz:   0% 4104 MHz:   0% 4416 MHz:   0% 4512 MHz:   0%)
CPU 6 idle residency:  27.35%
CPU 6 down residency:  72.65%
CPU 7 frequency: 0 MHz
CPU 7 active residency:   0.00% (1260 MHz:   0% 1512 MHz:   0% 1800 MHz:   0% 2088 MHz:   0% 2352 MHz:   0% 2616 MHz:   0% 2868 MHz:   0% 3096 MHz:   0% 3300 MHz:   0% 3468 MHz:   0% 3624 MHz:   0% 3756 MHz:   0% 3852 MHz:   0% 3924 MHz:   0% 3996 MHz:   0% 4044 MHz:   0% 4104 MHz:   0% 4416 MHz:   0% 4512 MHz:   0%)
CPU 7 idle residency:  26.56%
CPU 7 down residency:  73.44%

P1-Cluster HW active frequency: 4397 MHz
P1-Cluster HW active residency: 100.00% (1260 MHz:   0% 1512 MHz:   0% 1800 MHz: .06% 2088 MHz: 1.3% 2352 MHz:   0% 2616 MHz: .26% 2868 MHz:   0% 3096 MHz:   0% 3300 MHz:   0% 3468 MHz:   0% 3624 MHz:   0% 3756 MHz:   0% 3852 MHz:   0% 3924 MHz: 3.9% 3996 MHz: .16% 4044 MHz: 9.4% 4104 MHz:   0% 4416 MHz: 9.8% 4512 MHz:  75%)
P1-Cluster idle residency:   0.00%
P1-Cluster down residency:   0.00%
CPU 8 frequency: 4079 MHz
CPU 8 active residency:   7.46% (1260 MHz:   0% 1512 MHz:   0% 1800 MHz: .06% 2088 MHz: 1.1% 2352 MHz:   0% 2616 MHz: .18% 2868 MHz:   0% 3096 MHz:   0% 3300 MHz:   0% 3468 MHz:   0% 3624 MHz:   0% 3756 MHz:   0% 3852 MHz:   0% 3924 MHz:   0% 3996 MHz:   0% 4044 MHz:   0% 4104 MHz:   0% 4416 MHz:   0% 4512 MHz: 6.1%)
CPU 8 idle residency:  92.54%
CPU 8 down residency:   0.00%
CPU 9 frequency: 4426 MHz
CPU 9 active residency:  40.12% (1260 MHz:   0% 1512 MHz:   0% 1800 MHz: .05% 2088 MHz: 1.2% 2352 MHz:   0% 2616 MHz: .26% 2868 MHz:   0% 3096 MHz:   0% 3300 MHz:   0% 3468 MHz:   0% 3624 MHz:   0% 3756 MHz:   0% 3852 MHz:   0% 3924 MHz:   0% 3996 MHz:   0% 4044 MHz:   0% 4104 MHz:   0% 4416 MHz:   0% 4512 MHz:  39%)
CPU 9 idle residency:  59.88%
CPU 9 down residency:   0.00%
CPU 10 frequency: 4420 MHz
CPU 10 active residency:  36.14% (1260 MHz:   0% 1512 MHz:   0% 1800 MHz: .06% 2088 MHz: 1.1% 2352 MHz:   0% 2616 MHz: .22% 2868 MHz:   0% 3096 MHz:   0% 3300 MHz:   0% 3468 MHz:   0% 3624 MHz:   0% 3756 MHz:   0% 3852 MHz:   0% 3924 MHz:   0% 3996 MHz:   0% 4044 MHz:   0% 4104 MHz:   0% 4416 MHz:   0% 4512 MHz:  35%)
CPU 10 idle residency:  63.86%
CPU 10 down residency:   0.00%
CPU 11 frequency: 4415 MHz
CPU 11 active residency:  39.21% (1260 MHz:   0% 1512 MHz:   0% 1800 MHz: .06% 2088 MHz: 1.3% 2352 MHz:   0% 2616 MHz: .25% 2868 MHz:   0% 3096 MHz:   0% 3300 MHz:   0% 3468 MHz:   0% 3624 MHz:   0% 3756 MHz:   0% 3852 MHz:   0% 3924 MHz:   0% 3996 MHz:   0% 4044 MHz:   0% 4104 MHz:   0% 4416 MHz:   0% 4512 MHz:  38%)
CPU 11 idle residency:  60.79%
CPU 11 down residency:   0.00%

CPU Power: 5726 mW
GPU Power: 0 mW
ANE Power: 0 mW
Combined Power (CPU + GPU + ANE): 5726 mW


*** Sampled system activity (Tue Sep 29 16:59:33 2026 -0300) (514.88ms elapsed) ***


**** Processor usage ****

E-Cluster Online: 100%
E-Cluster HW active frequency: 1988 MHz
E-Cluster HW active residency:  53.42% (1020 MHz:  15% 1404 MHz: 2.0% 1788 MHz: 3.2% 2112 MHz: 2.4% 2352 MHz: 6.2% 2532 MHz: 5.2% 2592 MHz:  19%)
E-Cluster idle residency:  46.58%
E-Cluster down residency:   0.00%
CPU 0 frequency: 1958 MHz
CPU 0 active residency:  30.97% (1020 MHz: 9.4% 1404 MHz: 1.1% 1788 MHz: 1.5% 2112 MHz: 1.6% 2352 MHz: 5.2% 2532 MHz: 4.2% 2592 MHz: 8.0%)
CPU 0 idle residency:  69.03%
CPU 0 down residency:   0.00%
CPU 1 frequency: 2031 MHz
CPU 1 active residency:  32.57% (1020 MHz: 7.9% 1404 MHz: 1.6% 1788 MHz: 2.7% 2112 MHz: 1.4% 2352 MHz: 3.9% 2532 MHz: 3.7% 2592 MHz:  11%)
CPU 1 idle residency:  67.43%
CPU 1 down residency:   0.00%
CPU 2 frequency: 1910 MHz
CPU 2 active residency:  19.49% (1020 MHz: 6.5% 1404 MHz: .76% 1788 MHz: 1.6% 2112 MHz: .33% 2352 MHz: 2.6% 2532 MHz: 2.4% 2592 MHz: 5.4%)
CPU 2 idle residency:  80.51%
CPU 2 down residency:   0.00%
CPU 3 frequency: 1982 MHz
CPU 3 active residency:  13.31% (1020 MHz: 3.5% 1404 MHz: .89% 1788 MHz: 1.0% 2112 MHz: .29% 2352 MHz: 1.8% 2532 MHz: 1.7% 2592 MHz: 4.0%)
CPU 3 idle residency:  86.69%
CPU 3 down residency:   0.00%

P0-Cluster Online: 19%
P0-Cluster HW active frequency: 3199 MHz
P0-Cluster HW active residency:   5.45% (1260 MHz: 1.7% 1512 MHz: .51% 1800 MHz:   0% 2088 MHz:   0% 2352 MHz:   0% 2616 MHz:   0% 2868 MHz:   0% 3096 MHz:   0% 3300 MHz:   0% 3468 MHz:   0% 3624 MHz:   0% 3756 MHz:   0% 3852 MHz:   0% 3924 MHz: .18% 3996 MHz:   0% 4044 MHz:   0% 4104 MHz:   0% 4416 MHz: .09% 4512 MHz: 3.0%)
P0-Cluster idle residency:   7.88%
P0-Cluster down residency:  86.67%
CPU 4 frequency: 3298 MHz
CPU 4 active residency:   4.96% (1260 MHz: .84% 1512 MHz: .41% 1800 MHz: .02% 2088 MHz: .09% 2352 MHz: .63% 2616 MHz: .23% 2868 MHz:   0% 3096 MHz:   0% 3300 MHz:   0% 3468 MHz: .01% 3624 MHz:   0% 3756 MHz:   0% 3852 MHz:   0% 3924 MHz:   0% 3996 MHz:   0% 4044 MHz:   0% 4104 MHz:   0% 4416 MHz:   0% 4512 MHz: 2.7%)
CPU 4 idle residency:  11.54%
CPU 4 down residency:  83.50%
CPU 5 frequency: 4346 MHz
CPU 5 active residency:  16.04% (1260 MHz: .65% 1512 MHz: .04% 1800 MHz: .00% 2088 MHz:   0% 2352 MHz: .06% 2616 MHz: .14% 2868 MHz:   0% 3096 MHz:   0% 3300 MHz:   0% 3468 MHz:   0% 3624 MHz:   0% 3756 MHz:   0% 3852 MHz:   0% 3924 MHz:   0% 3996 MHz:   0% 4044 MHz:   0% 4104 MHz:   0% 4416 MHz:   0% 4512 MHz:  15%)
CPU 5 idle residency:   9.76%
CPU 5 down residency:  74.19%
CPU 6 frequency: 3628 MHz
CPU 6 active residency:   3.00% (1260 MHz: .72% 1512 MHz: .03% 1800 MHz:   0% 2088 MHz:   0% 2352 MHz:   0% 2616 MHz: .12% 2868 MHz:   0% 3096 MHz:   0% 3300 MHz:   0% 3468 MHz:   0% 3624 MHz:   0% 3756 MHz:   0% 3852 MHz:   0% 3924 MHz:   0% 3996 MHz:   0% 4044 MHz:   0% 4104 MHz:   0% 4416 MHz:   0% 4512 MHz: 2.1%)
CPU 6 idle residency:  11.95%
CPU 6 down residency:  85.05%
CPU 7 frequency: 4422 MHz
CPU 7 active residency:  23.28% (1260 MHz: .63% 1512 MHz: .02% 1800 MHz:   0% 2088 MHz:   0% 2352 MHz:   0% 2616 MHz: .00% 2868 MHz:   0% 3096 MHz:   0% 3300 MHz:   0% 3468 MHz:   0% 3624 MHz:   0% 3756 MHz:   0% 3852 MHz:   0% 3924 MHz:   0% 3996 MHz:   0% 4044 MHz:   0% 4104 MHz:   0% 4416 MHz:   0% 4512 MHz:  23%)
CPU 7 idle residency:   9.17%
CPU 7 down residency:  67.54%

P1-Cluster HW active frequency: 4436 MHz
P1-Cluster HW active residency:  98.50% (1260 MHz: .47% 1512 MHz: .07% 1800 MHz:   0% 2088 MHz:   0% 2352 MHz:   0% 2616 MHz:   0% 2868 MHz:   0% 3096 MHz:   0% 3300 MHz:   0% 3468 MHz:   0% 3624 MHz:   0% 3756 MHz:   0% 3852 MHz:   0% 3924 MHz: 2.3% 3996 MHz: .11% 4044 MHz: 7.7% 4104 MHz:   0% 4416 MHz: 8.1% 4512 MHz:  80%)
P1-Cluster idle residency:   1.50%
P1-Cluster down residency:   0.00%
CPU 8 frequency: 4512 MHz
CPU 8 active residency:  42.42% (1260 MHz:   0% 1512 MHz:   0% 1800 MHz:   0% 2088 MHz:   0% 2352 MHz:   0% 2616 MHz:   0% 2868 MHz:   0% 3096 MHz:   0% 3300 MHz:   0% 3468 MHz:   0% 3624 MHz:   0% 3756 MHz:   0% 3852 MHz:   0% 3924 MHz:   0% 3996 MHz:   0% 4044 MHz:   0% 4104 MHz:   0% 4416 MHz:   0% 4512 MHz:  42%)
CPU 8 idle residency:  57.58%
CPU 8 down residency:   0.00%
CPU 9 frequency: 4512 MHz
CPU 9 active residency:  27.51% (1260 MHz:   0% 1512 MHz: .00% 1800 MHz:   0% 2088 MHz:   0% 2352 MHz:   0% 2616 MHz:   0% 2868 MHz:   0% 3096 MHz:   0% 3300 MHz:   0% 3468 MHz:   0% 3624 MHz:   0% 3756 MHz:   0% 3852 MHz:   0% 3924 MHz:   0% 3996 MHz:   0% 4044 MHz:   0% 4104 MHz:   0% 4416 MHz:   0% 4512 MHz:  28%)
CPU 9 idle residency:  72.49%
CPU 9 down residency:   0.00%
CPU 10 frequency: 4505 MHz
CPU 10 active residency:  21.89% (1260 MHz: .04% 1512 MHz: .01% 1800 MHz:   0% 2088 MHz:   0% 2352 MHz:   0% 2616 MHz:   0% 2868 MHz:   0% 3096 MHz:   0% 3300 MHz:   0% 3468 MHz:   0% 3624 MHz:   0% 3756 MHz:   0% 3852 MHz:   0% 3924 MHz:   0% 3996 MHz:   0% 4044 MHz:   0% 4104 MHz:   0% 4416 MHz:   0% 4512 MHz:  22%)
CPU 10 idle residency:  78.11%
CPU 10 down residency:   0.00%
CPU 11 frequency: 4504 MHz
CPU 11 active residency:  18.68% (1260 MHz: .03% 1512 MHz: .02% 1800 MHz:   0% 2088 MHz:   0% 2352 MHz:   0% 2616 MHz:   0% 2868 MHz:   0% 3096 MHz:   0% 3300 MHz:   0% 3468 MHz:   0% 3624 MHz:   0% 3756 MHz:   0% 3852 MHz:   0% 3924 MHz:   0% 3996 MHz:   0% 4044 MHz:   0% 4104 MHz:   0% 4416 MHz:   0% 4512 MHz:  19%)
CPU 11 idle residency:  81.32%
CPU 11 down residency:   0.00%

CPU Power: 5273 mW
GPU Power: 70 mW
ANE Power: 0 mW
Combined Power (CPU + GPU + ANE): 5343 mW


*** Sampled system activity (Tue Sep 29 16:59:34 2026 -0300) (514.15ms elapsed) ***


**** Processor usage ****

E-Cluster Online: 100%
E-Cluster HW active frequency: 2048 MHz
E-Cluster HW active residency:  61.01% (1020 MHz:  18% 1404 MHz: .85% 1788 MHz: .22% 2112 MHz: .44% 2352 MHz:  12% 2532 MHz:  15% 2592 MHz:  15%)
E-Cluster idle residency:  38.99%
E-Cluster down residency:   0.00%
CPU 0 frequency: 2127 MHz
CPU 0 active residency:  43.87% (1020 MHz:  10% 1404 MHz: .47% 1788 MHz: .20% 2112 MHz: .40% 2352 MHz:  10% 2532 MHz:  12% 2592 MHz:  10%)
CPU 0 idle residency:  56.13%
CPU 0 down residency:   0.00%
CPU 1 frequency: 2096 MHz
CPU 1 active residency:  34.01% (1020 MHz: 8.6% 1404 MHz: .66% 1788 MHz: .20% 2112 MHz: .25% 2352 MHz: 7.5% 2532 MHz: 7.1% 2592 MHz: 9.6%)
CPU 1 idle residency:  65.99%
CPU 1 down residency:   0.00%
CPU 2 frequency: 2122 MHz
CPU 2 active residency:  27.90% (1020 MHz: 6.6% 1404 MHz: .27% 1788 MHz: .20% 2112 MHz: .30% 2352 MHz: 7.0% 2532 MHz: 6.5% 2592 MHz: 7.0%)
CPU 2 idle residency:  72.10%
CPU 2 down residency:   0.00%
CPU 3 frequency: 2131 MHz
CPU 3 active residency:  19.14% (1020 MHz: 4.3% 1404 MHz: .21% 1788 MHz: .21% 2112 MHz: .43% 2352 MHz: 5.0% 2532 MHz: 3.7% 2592 MHz: 5.3%)
CPU 3 idle residency:  80.86%
CPU 3 down residency:   0.00%

P0-Cluster Online: 55%
P0-Cluster HW active frequency: 2457 MHz
P0-Cluster HW active residency:  10.46% (1260 MHz: 6.0% 1512 MHz: .57% 1800 MHz:   0% 2088 MHz:   0% 2352 MHz:   0% 2616 MHz:   0% 2868 MHz:   0% 3096 MHz:   0% 3300 MHz:   0% 3468 MHz:   0% 3624 MHz:   0% 3756 MHz:   0% 3852 MHz:   0% 3924 MHz: .31% 3996 MHz:   0% 4044 MHz:   0% 4104 MHz:   0% 4416 MHz: .15% 4512 MHz: 3.4%)
P0-Cluster idle residency:  33.46%
P0-Cluster down residency:  56.08%
CPU 4 frequency: 2466 MHz
CPU 4 active residency:   2.01% (1260 MHz: 1.1% 1512 MHz: .22% 1800 MHz:   0% 2088 MHz:   0% 2352 MHz:   0% 2616 MHz:   0% 2868 MHz:   0% 3096 MHz:   0% 3300 MHz:   0% 3468 MHz:   0% 3624 MHz:   0% 3756 MHz:   0% 3852 MHz:   0% 3924 MHz:   0% 3996 MHz:   0% 4044 MHz:   0% 4104 MHz:   0% 4416 MHz:   0% 4512 MHz: .73%)
CPU 4 idle residency:  40.98%
CPU 4 down residency:  57.01%
CPU 5 frequency: 2460 MHz
CPU 5 active residency:   1.87% (1260 MHz: 1.0% 1512 MHz: .20% 1800 MHz:   0% 2088 MHz:   0% 2352 MHz:   0% 2616 MHz:   0% 2868 MHz:   0% 3096 MHz:   0% 3300 MHz:   0% 3468 MHz:   0% 3624 MHz:   0% 3756 MHz:   0% 3852 MHz:   0% 3924 MHz:   0% 3996 MHz:   0% 4044 MHz:   0% 4104 MHz:   0% 4416 MHz:   0% 4512 MHz: .67%)
CPU 5 idle residency:  41.67%
CPU 5 down residency:  56.46%
CPU 6 frequency: 2476 MHz
CPU 6 active residency:   1.80% (1260 MHz: .97% 1512 MHz: .18% 1800 MHz:   0% 2088 MHz:   0% 2352 MHz:   0% 2616 MHz:   0% 2868 MHz:   0% 3096 MHz:   0% 3300 MHz:   0% 3468 MHz:   0% 3624 MHz:   0% 3756 MHz:   0% 3852 MHz:   0% 3924 MHz:   0% 3996 MHz:   0% 4044 MHz:   0% 4104 MHz:   0% 4416 MHz:   0% 4512 MHz: .66%)
CPU 6 idle residency:  41.25%
CPU 6 down residency:  56.95%
CPU 7 frequency: 2650 MHz
CPU 7 active residency:   1.91% (1260 MHz: .94% 1512 MHz: .16% 1800 MHz:   0% 2088 MHz:   0% 2352 MHz:   0% 2616 MHz:   0% 2868 MHz:   0% 3096 MHz:   0% 3300 MHz:   0% 3468 MHz:   0% 3624 MHz:   0% 3756 MHz:   0% 3852 MHz:   0% 3924 MHz:   0% 3996 MHz:   0% 4044 MHz:   0% 4104 MHz:   0% 4416 MHz:   0% 4512 MHz: .81%)
CPU 7 idle residency:  41.76%
CPU 7 down residency:  56.33%

P1-Cluster HW active frequency: 4468 MHz
P1-Cluster HW active residency:  99.00% (1260 MHz: .11% 1512 MHz: .14% 1800 MHz:   0% 2088 MHz:   0% 2352 MHz:   0% 2616 MHz:   0% 2868 MHz:   0% 3096 MHz:   0% 3300 MHz:   0% 3468 MHz:   0% 3624 MHz:   0% 3756 MHz:   0% 3852 MHz:   0% 3924 MHz: 4.6% 3996 MHz:   0% 4044 MHz:   0% 4104 MHz:   0% 4416 MHz: 9.7% 4512 MHz:  85%)
P1-Cluster idle residency:   1.00%
P1-Cluster down residency:   0.00%
CPU 8 frequency: 4512 MHz
CPU 8 active residency:  17.24% (1260 MHz:   0% 1512 MHz:   0% 1800 MHz:   0% 2088 MHz:   0% 2352 MHz:   0% 2616 MHz:   0% 2868 MHz:   0% 3096 MHz:   0% 3300 MHz:   0% 3468 MHz:   0% 3624 MHz:   0% 3756 MHz:   0% 3852 MHz:   0% 3924 MHz:   0% 3996 MHz:   0% 4044 MHz:   0% 4104 MHz:   0% 4416 MHz:   0% 4512 MHz:  17%)
CPU 8 idle residency:  82.76%
CPU 8 down residency:   0.00%
CPU 9 frequency: 4508 MHz
CPU 9 active residency:  27.76% (1260 MHz: .03% 1512 MHz: .00% 1800 MHz:   0% 2088 MHz:   0% 2352 MHz:   0% 2616 MHz:   0% 2868 MHz:   0% 3096 MHz:   0% 3300 MHz:   0% 3468 MHz:   0% 3624 MHz:   0% 3756 MHz:   0% 3852 MHz:   0% 3924 MHz:   0% 3996 MHz:   0% 4044 MHz:   0% 4104 MHz:   0% 4416 MHz:   0% 4512 MHz:  28%)
CPU 9 idle residency:  72.24%
CPU 9 down residency:   0.00%
CPU 10 frequency: 4505 MHz
CPU 10 active residency:  38.84% (1260 MHz: .05% 1512 MHz: .04% 1800 MHz:   0% 2088 MHz:   0% 2352 MHz:   0% 2616 MHz:   0% 2868 MHz:   0% 3096 MHz:   0% 3300 MHz:   0% 3468 MHz:   0% 3624 MHz:   0% 3756 MHz:   0% 3852 MHz:   0% 3924 MHz:   0% 3996 MHz:   0% 4044 MHz:   0% 4104 MHz:   0% 4416 MHz:   0% 4512 MHz:  39%)
CPU 10 idle residency:  61.16%
CPU 10 down residency:   0.00%
CPU 11 frequency: 4509 MHz
CPU 11 active residency:  33.34% (1260 MHz: .00% 1512 MHz: .04% 1800 MHz:   0% 2088 MHz:   0% 2352 MHz:   0% 2616 MHz:   0% 2868 MHz:   0% 3096 MHz:   0% 3300 MHz:   0% 3468 MHz:   0% 3624 MHz:   0% 3756 MHz:   0% 3852 MHz:   0% 3924 MHz:   0% 3996 MHz:   0% 4044 MHz:   0% 4104 MHz:   0% 4416 MHz:   0% 4512 MHz:  33%)
CPU 11 idle residency:  66.66%
CPU 11 down residency:   0.00%

CPU Power: 5500 mW
GPU Power: 154 mW
ANE Power: 0 mW
Combined Power (CPU + GPU + ANE): 5654 mW


*** Sampled system activity (Tue Sep 29 16:59:34 2026 -0300) (513.60ms elapsed) ***


**** Processor usage ****

E-Cluster Online: 100%
E-Cluster HW active frequency: 1981 MHz
E-Cluster HW active residency:  65.66% (1020 MHz:  23% 1404 MHz: .35% 1788 MHz: .61% 2112 MHz: .69% 2352 MHz: 6.9% 2532 MHz:  15% 2592 MHz:  19%)
E-Cluster idle residency:  34.34%
E-Cluster down residency:   0.00%
CPU 0 frequency: 2078 MHz
CPU 0 active residency:  44.23% (1020 MHz:  13% 1404 MHz: .19% 1788 MHz: .09% 2112 MHz: .46% 2352 MHz: 5.6% 2532 MHz:  11% 2592 MHz:  14%)
CPU 0 idle residency:  55.77%
CPU 0 down residency:   0.00%
CPU 1 frequency: 1994 MHz
CPU 1 active residency:  35.33% (1020 MHz:  12% 1404 MHz: .13% 1788 MHz: .00% 2112 MHz: .41% 2352 MHz: 3.7% 2532 MHz: 6.7% 2592 MHz:  12%)
CPU 1 idle residency:  64.67%
CPU 1 down residency:   0.00%
CPU 2 frequency: 2035 MHz
CPU 2 active residency:  26.79% (1020 MHz: 8.4% 1404 MHz: .17% 1788 MHz: .61% 2112 MHz: .08% 2352 MHz: 3.0% 2532 MHz: 5.1% 2592 MHz: 9.4%)
CPU 2 idle residency:  73.21%
CPU 2 down residency:   0.00%
CPU 3 frequency: 2127 MHz
CPU 3 active residency:  17.70% (1020 MHz: 4.8% 1404 MHz: .07% 1788 MHz:   0% 2112 MHz: .04% 2352 MHz: 1.7% 2532 MHz: 3.4% 2592 MHz: 7.8%)
CPU 3 idle residency:  82.30%
CPU 3 down residency:   0.00%

P0-Cluster Online: 74%
P0-Cluster HW active frequency: 3892 MHz
P0-Cluster HW active residency:  35.60% (1260 MHz: 5.8% 1512 MHz: .54% 1800 MHz:   0% 2088 MHz:   0% 2352 MHz:   0% 2616 MHz:   0% 2868 MHz:   0% 3096 MHz:   0% 3300 MHz:   0% 3468 MHz:   0% 3624 MHz:   0% 3756 MHz:   0% 3852 MHz:   0% 3924 MHz: 2.2% 3996 MHz:   0% 4044 MHz:   0% 4104 MHz:   0% 4416 MHz: 3.7% 4512 MHz:  23%)
P0-Cluster idle residency:  27.74%
P0-Cluster down residency:  36.66%
CPU 4 frequency: 4102 MHz
CPU 4 active residency:  11.19% (1260 MHz: 1.2% 1512 MHz: .24% 1800 MHz:   0% 2088 MHz:   0% 2352 MHz:   0% 2616 MHz:   0% 2868 MHz:   0% 3096 MHz:   0% 3300 MHz:   0% 3468 MHz:   0% 3624 MHz:   0% 3756 MHz:   0% 3852 MHz:   0% 3924 MHz:   0% 3996 MHz:   0% 4044 MHz:   0% 4104 MHz:   0% 4416 MHz:   0% 4512 MHz: 9.8%)
CPU 4 idle residency:  50.63%
CPU 4 down residency:  38.18%
CPU 5 frequency: 4081 MHz
CPU 5 active residency:   9.67% (1260 MHz: 1.1% 1512 MHz: .22% 1800 MHz:   0% 2088 MHz:   0% 2352 MHz:   0% 2616 MHz:   0% 2868 MHz:   0% 3096 MHz:   0% 3300 MHz:   0% 3468 MHz:   0% 3624 MHz:   0% 3756 MHz:   0% 3852 MHz:   0% 3924 MHz:   0% 3996 MHz:   0% 4044 MHz:   0% 4104 MHz:   0% 4416 MHz:   0% 4512 MHz: 8.4%)
CPU 5 idle residency:  53.46%
CPU 5 down residency:  36.87%
CPU 6 frequency: 4055 MHz
CPU 6 active residency:   8.50% (1260 MHz: 1.0% 1512 MHz: .19% 1800 MHz:   0% 2088 MHz:   0% 2352 MHz:   0% 2616 MHz:   0% 2868 MHz:   0% 3096 MHz:   0% 3300 MHz:   0% 3468 MHz:   0% 3624 MHz:   0% 3756 MHz:   0% 3852 MHz:   0% 3924 MHz:   0% 3996 MHz:   0% 4044 MHz:   0% 4104 MHz:   0% 4416 MHz:   0% 4512 MHz: 7.3%)
CPU 6 idle residency:  54.50%
CPU 6 down residency:  37.00%
CPU 7 frequency: 4089 MHz
CPU 7 active residency:   9.18% (1260 MHz: 1.0% 1512 MHz: .20% 1800 MHz:   0% 2088 MHz:   0% 2352 MHz:   0% 2616 MHz:   0% 2868 MHz:   0% 3096 MHz:   0% 3300 MHz:   0% 3468 MHz:   0% 3624 MHz:   0% 3756 MHz:   0% 3852 MHz:   0% 3924 MHz:   0% 3996 MHz:   0% 4044 MHz:   0% 4104 MHz:   0% 4416 MHz:   0% 4512 MHz: 8.0%)
CPU 7 idle residency:  54.06%
CPU 7 down residency:  36.76%

P1-Cluster HW active frequency: 4315 MHz
P1-Cluster HW active residency:  78.90% (1260 MHz: 3.0% 1512 MHz: .55% 1800 MHz:   0% 2088 MHz:   0% 2352 MHz:   0% 2616 MHz:   0% 2868 MHz:   0% 3096 MHz:   0% 3300 MHz:   0% 3468 MHz:   0% 3624 MHz:   0% 3756 MHz: .00% 3852 MHz: .00% 3924 MHz: 5.2% 3996 MHz:   0% 4044 MHz:   0% 4104 MHz:   0% 4416 MHz: 9.9% 4512 MHz:  60%)
P1-Cluster idle residency:  10.54%
P1-Cluster down residency:  10.56%
CPU 8 frequency: 4430 MHz
CPU 8 active residency:  28.54% (1260 MHz: .38% 1512 MHz: .37% 1800 MHz:   0% 2088 MHz:   0% 2352 MHz:   0% 2616 MHz:   0% 2868 MHz:   0% 3096 MHz:   0% 3300 MHz:   0% 3468 MHz:   0% 3624 MHz:   0% 3756 MHz:   0% 3852 MHz:   0% 3924 MHz:   0% 3996 MHz:   0% 4044 MHz:   0% 4104 MHz:   0% 4416 MHz:   0% 4512 MHz:  28%)
CPU 8 idle residency:  60.93%
CPU 8 down residency:  10.53%
CPU 9 frequency: 4466 MHz
CPU 9 active residency:  27.30% (1260 MHz: .33% 1512 MHz: .06% 1800 MHz:   0% 2088 MHz:   0% 2352 MHz:   0% 2616 MHz:   0% 2868 MHz:   0% 3096 MHz:   0% 3300 MHz:   0% 3468 MHz:   0% 3624 MHz:   0% 3756 MHz:   0% 3852 MHz:   0% 3924 MHz:   0% 3996 MHz:   0% 4044 MHz:   0% 4104 MHz:   0% 4416 MHz:   0% 4512 MHz:  27%)
CPU 9 idle residency:  62.24%
CPU 9 down residency:  10.46%
CPU 10 frequency: 4468 MHz
CPU 10 active residency:  22.81% (1260 MHz: .30% 1512 MHz: .02% 1800 MHz:   0% 2088 MHz:   0% 2352 MHz:   0% 2616 MHz:   0% 2868 MHz:   0% 3096 MHz:   0% 3300 MHz:   0% 3468 MHz:   0% 3624 MHz:   0% 3756 MHz:   0% 3852 MHz:   0% 3924 MHz:   0% 3996 MHz:   0% 4044 MHz:   0% 4104 MHz:   0% 4416 MHz:   0% 4512 MHz:  23%)
CPU 10 idle residency:  66.64%
CPU 10 down residency:  10.54%
CPU 11 frequency: 4453 MHz
CPU 11 active residency:  19.39% (1260 MHz: .31% 1512 MHz: .05% 1800 MHz:   0% 2088 MHz:   0% 2352 MHz:   0% 2616 MHz:   0% 2868 MHz:   0% 3096 MHz:   0% 3300 MHz:   0% 3468 MHz:   0% 3624 MHz:   0% 3756 MHz:   0% 3852 MHz:   0% 3924 MHz:   0% 3996 MHz:   0% 4044 MHz:   0% 4104 MHz:   0% 4416 MHz:   0% 4512 MHz:  19%)
CPU 11 idle residency:  70.04%
CPU 11 down residency:  10.57%

CPU Power: 5713 mW
GPU Power: 140 mW
ANE Power: 0 mW
Combined Power (CPU + GPU + ANE): 5853 mW


*** Sampled system activity (Tue Sep 29 16:59:35 2026 -0300) (514.24ms elapsed) ***


**** Processor usage ****

E-Cluster Online: 100%
E-Cluster HW active frequency: 1883 MHz
E-Cluster HW active residency:  63.80% (1020 MHz:  26% 1404 MHz: .81% 1788 MHz:   0% 2112 MHz:   0% 2352 MHz: 9.8% 2532 MHz:  10% 2592 MHz:  17%)
E-Cluster idle residency:  36.20%
E-Cluster down residency:   0.00%
CPU 0 frequency: 1962 MHz
CPU 0 active residency:  41.74% (1020 MHz:  15% 1404 MHz: .53% 1788 MHz:   0% 2112 MHz:   0% 2352 MHz: 8.0% 2532 MHz: 6.9% 2592 MHz:  11%)
CPU 0 idle residency:  58.26%
CPU 0 down residency:   0.00%
CPU 1 frequency: 1919 MHz
CPU 1 active residency:  32.62% (1020 MHz:  13% 1404 MHz: .48% 1788 MHz:   0% 2112 MHz:   0% 2352 MHz: 4.5% 2532 MHz: 5.0% 2592 MHz:  10%)
CPU 1 idle residency:  67.38%
CPU 1 down residency:   0.00%
CPU 2 frequency: 1922 MHz
CPU 2 active residency:  24.27% (1020 MHz: 9.6% 1404 MHz: .16% 1788 MHz:   0% 2112 MHz:   0% 2352 MHz: 3.2% 2532 MHz: 2.9% 2592 MHz: 8.4%)
CPU 2 idle residency:  75.73%
CPU 2 down residency:   0.00%
CPU 3 frequency: 2012 MHz
CPU 3 active residency:  18.14% (1020 MHz: 6.2% 1404 MHz: .09% 1788 MHz:   0% 2112 MHz:   0% 2352 MHz: 2.4% 2532 MHz: 2.1% 2592 MHz: 7.4%)
CPU 3 idle residency:  81.86%
CPU 3 down residency:   0.00%

P0-Cluster Online: 100%
P0-Cluster HW active frequency: 4445 MHz
P0-Cluster HW active residency:  99.37% (1260 MHz: .08% 1512 MHz: .45% 1800 MHz:   0% 2088 MHz:   0% 2352 MHz:   0% 2616 MHz:   0% 2868 MHz:   0% 3096 MHz:   0% 3300 MHz:   0% 3468 MHz:   0% 3624 MHz:   0% 3756 MHz:   0% 3852 MHz: .00% 3924 MHz: 6.7% 3996 MHz:   0% 4044 MHz:   0% 4104 MHz:   0% 4416 MHz:  12% 4512 MHz:  80%)
P0-Cluster idle residency:   0.63%
P0-Cluster down residency:   0.00%
CPU 4 frequency: 4509 MHz
CPU 4 active residency:  30.20% (1260 MHz: .02% 1512 MHz: .01% 1800 MHz:   0% 2088 MHz:   0% 2352 MHz:   0% 2616 MHz:   0% 2868 MHz:   0% 3096 MHz:   0% 3300 MHz:   0% 3468 MHz:   0% 3624 MHz:   0% 3756 MHz:   0% 3852 MHz:   0% 3924 MHz:   0% 3996 MHz:   0% 4044 MHz:   0% 4104 MHz:   0% 4416 MHz:   0% 4512 MHz:  30%)
CPU 4 idle residency:  69.80%
CPU 4 down residency:   0.00%
CPU 5 frequency: 4483 MHz
CPU 5 active residency:  29.69% (1260 MHz: .02% 1512 MHz: .27% 1800 MHz:   0% 2088 MHz:   0% 2352 MHz:   0% 2616 MHz:   0% 2868 MHz:   0% 3096 MHz:   0% 3300 MHz:   0% 3468 MHz:   0% 3624 MHz:   0% 3756 MHz:   0% 3852 MHz:   0% 3924 MHz:   0% 3996 MHz:   0% 4044 MHz:   0% 4104 MHz:   0% 4416 MHz:   0% 4512 MHz:  29%)
CPU 5 idle residency:  70.31%
CPU 5 down residency:   0.00%
CPU 6 frequency: 4505 MHz
CPU 6 active residency:  35.01% (1260 MHz: .02% 1512 MHz: .06% 1800 MHz:   0% 2088 MHz:   0% 2352 MHz:   0% 2616 MHz:   0% 2868 MHz:   0% 3096 MHz:   0% 3300 MHz:   0% 3468 MHz:   0% 3624 MHz:   0% 3756 MHz:   0% 3852 MHz:   0% 3924 MHz:   0% 3996 MHz:   0% 4044 MHz:   0% 4104 MHz:   0% 4416 MHz:   0% 4512 MHz:  35%)
CPU 6 idle residency:  64.99%
CPU 6 down residency:   0.00%
CPU 7 frequency: 4509 MHz
CPU 7 active residency:  29.60% (1260 MHz: .03% 1512 MHz: .00% 1800 MHz:   0% 2088 MHz:   0% 2352 MHz:   0% 2616 MHz:   0% 2868 MHz:   0% 3096 MHz:   0% 3300 MHz:   0% 3468 MHz:   0% 3624 MHz:   0% 3756 MHz:   0% 3852 MHz:   0% 3924 MHz:   0% 3996 MHz:   0% 4044 MHz:   0% 4104 MHz:   0% 4416 MHz:   0% 4512 MHz:  30%)
CPU 7 idle residency:  70.40%
CPU 7 down residency:   0.00%

P1-Cluster HW active frequency: 2146 MHz
P1-Cluster HW active residency:  13.19% (1260 MHz: 8.8% 1512 MHz: .74% 1800 MHz:   0% 2088 MHz:   0% 2352 MHz:   0% 2616 MHz:   0% 2868 MHz:   0% 3096 MHz:   0% 3300 MHz:   0% 3468 MHz:   0% 3624 MHz:   0% 3756 MHz:   0% 3852 MHz:   0% 3924 MHz: .29% 3996 MHz:   0% 4044 MHz:   0% 4104 MHz:   0% 4416 MHz: .35% 4512 MHz: 3.0%)
P1-Cluster idle residency:  35.55%
P1-Cluster down residency:  51.26%
CPU 8 frequency: 3307 MHz
CPU 8 active residency:   0.04% (1260 MHz: .01% 1512 MHz: .00% 1800 MHz:   0% 2088 MHz:   0% 2352 MHz:   0% 2616 MHz:   0% 2868 MHz:   0% 3096 MHz:   0% 3300 MHz:   0% 3468 MHz:   0% 3624 MHz:   0% 3756 MHz:   0% 3852 MHz:   0% 3924 MHz:   0% 3996 MHz:   0% 4044 MHz:   0% 4104 MHz:   0% 4416 MHz:   0% 4512 MHz: .02%)
CPU 8 idle residency:  46.20%
CPU 8 down residency:  53.76%
CPU 9 frequency: 4233 MHz
CPU 9 active residency:   0.02% (1260 MHz: .00% 1512 MHz:   0% 1800 MHz:   0% 2088 MHz:   0% 2352 MHz:   0% 2616 MHz:   0% 2868 MHz:   0% 3096 MHz:   0% 3300 MHz:   0% 3468 MHz:   0% 3624 MHz:   0% 3756 MHz:   0% 3852 MHz:   0% 3924 MHz:   0% 3996 MHz:   0% 4044 MHz:   0% 4104 MHz:   0% 4416 MHz:   0% 4512 MHz: .02%)
CPU 9 idle residency:  47.13%
CPU 9 down residency:  52.85%
CPU 10 frequency: 4424 MHz
CPU 10 active residency:   0.04% (1260 MHz: .00% 1512 MHz:   0% 1800 MHz:   0% 2088 MHz:   0% 2352 MHz:   0% 2616 MHz:   0% 2868 MHz:   0% 3096 MHz:   0% 3300 MHz:   0% 3468 MHz:   0% 3624 MHz:   0% 3756 MHz:   0% 3852 MHz:   0% 3924 MHz:   0% 3996 MHz:   0% 4044 MHz:   0% 4104 MHz:   0% 4416 MHz:   0% 4512 MHz: .04%)
CPU 10 idle residency:  47.19%
CPU 10 down residency:  52.78%
CPU 11 frequency: 3758 MHz
CPU 11 active residency:   0.03% (1260 MHz:   0% 1512 MHz: .01% 1800 MHz:   0% 2088 MHz:   0% 2352 MHz:   0% 2616 MHz:   0% 2868 MHz:   0% 3096 MHz:   0% 3300 MHz:   0% 3468 MHz:   0% 3624 MHz:   0% 3756 MHz:   0% 3852 MHz:   0% 3924 MHz:   0% 3996 MHz:   0% 4044 MHz:   0% 4104 MHz:   0% 4416 MHz:   0% 4512 MHz: .02%)
CPU 11 idle residency:  47.17%
CPU 11 down residency:  52.80%

CPU Power: 5552 mW
GPU Power: 140 mW
ANE Power: 0 mW
Combined Power (CPU + GPU + ANE): 5692 mW


*** Sampled system activity (Tue Sep 29 16:59:35 2026 -0300) (513.59ms elapsed) ***


**** Processor usage ****

E-Cluster Online: 100%
E-Cluster HW active frequency: 1901 MHz
E-Cluster HW active residency:  43.10% (1020 MHz:  16% 1404 MHz: 1.0% 1788 MHz: .64% 2112 MHz: .11% 2352 MHz: 8.1% 2532 MHz: 7.0% 2592 MHz: 9.9%)
E-Cluster idle residency:  56.90%
E-Cluster down residency:   0.00%
CPU 0 frequency: 1992 MHz
CPU 0 active residency:  31.29% (1020 MHz:  10% 1404 MHz: .74% 1788 MHz: .34% 2112 MHz: .05% 2352 MHz: 6.7% 2532 MHz: 5.7% 2592 MHz: 7.9%)
CPU 0 idle residency:  68.71%
CPU 0 down residency:   0.00%
CPU 1 frequency: 2009 MHz
CPU 1 active residency:  21.91% (1020 MHz: 6.6% 1404 MHz: .64% 1788 MHz: .31% 2112 MHz: .03% 2352 MHz: 4.9% 2532 MHz: 3.6% 2592 MHz: 5.8%)
CPU 1 idle residency:  78.09%
CPU 1 down residency:   0.00%
CPU 2 frequency: 2050 MHz
CPU 2 active residency:  16.46% (1020 MHz: 4.6% 1404 MHz: .55% 1788 MHz: .10% 2112 MHz: .03% 2352 MHz: 3.5% 2532 MHz: 2.7% 2592 MHz: 5.1%)
CPU 2 idle residency:  83.54%
CPU 2 down residency:   0.00%
CPU 3 frequency: 2182 MHz
CPU 3 active residency:  11.67% (1020 MHz: 2.2% 1404 MHz: .39% 1788 MHz:   0% 2112 MHz: .00% 2352 MHz: 3.0% 2532 MHz: 1.8% 2592 MHz: 4.2%)
CPU 3 idle residency:  88.33%
CPU 3 down residency:   0.00%

P0-Cluster Online: 100%
P0-Cluster HW active frequency: 4446 MHz
P0-Cluster HW active residency:  97.72% (1260 MHz: .49% 1512 MHz: .43% 1800 MHz:   0% 2088 MHz:   0% 2352 MHz:   0% 2616 MHz:   0% 2868 MHz:   0% 3096 MHz:   0% 3300 MHz:   0% 3468 MHz:   0% 3624 MHz:   0% 3756 MHz:   0% 3852 MHz:   0% 3924 MHz: 3.7% 3996 MHz: .01% 4044 MHz: 1.1% 4104 MHz:   0% 4416 MHz: 9.7% 4512 MHz:  82%)
P0-Cluster idle residency:   2.28%
P0-Cluster down residency:   0.00%
CPU 4 frequency: 4478 MHz
CPU 4 active residency:  30.13% (1260 MHz: .12% 1512 MHz: .21% 1800 MHz:   0% 2088 MHz:   0% 2352 MHz:   0% 2616 MHz:   0% 2868 MHz:   0% 3096 MHz:   0% 3300 MHz:   0% 3468 MHz:   0% 3624 MHz:   0% 3756 MHz:   0% 3852 MHz:   0% 3924 MHz:   0% 3996 MHz:   0% 4044 MHz:   0% 4104 MHz:   0% 4416 MHz:   0% 4512 MHz:  30%)
CPU 4 idle residency:  69.87%
CPU 4 down residency:   0.00%
CPU 5 frequency: 4509 MHz
CPU 5 active residency:  30.23% (1260 MHz: .02% 1512 MHz: .01% 1800 MHz:   0% 2088 MHz:   0% 2352 MHz:   0% 2616 MHz:   0% 2868 MHz:   0% 3096 MHz:   0% 3300 MHz:   0% 3468 MHz:   0% 3624 MHz:   0% 3756 MHz:   0% 3852 MHz:   0% 3924 MHz:   0% 3996 MHz:   0% 4044 MHz:   0% 4104 MHz:   0% 4416 MHz:   0% 4512 MHz:  30%)
CPU 5 idle residency:  69.77%
CPU 5 down residency:   0.00%
CPU 6 frequency: 4510 MHz
CPU 6 active residency:  32.33% (1260 MHz: .01% 1512 MHz: .01% 1800 MHz:   0% 2088 MHz:   0% 2352 MHz:   0% 2616 MHz:   0% 2868 MHz:   0% 3096 MHz:   0% 3300 MHz:   0% 3468 MHz:   0% 3624 MHz:   0% 3756 MHz:   0% 3852 MHz:   0% 3924 MHz:   0% 3996 MHz:   0% 4044 MHz:   0% 4104 MHz:   0% 4416 MHz:   0% 4512 MHz:  32%)
CPU 6 idle residency:  67.67%
CPU 6 down residency:   0.00%
CPU 7 frequency: 4504 MHz
CPU 7 active residency:  20.77% (1260 MHz: .02% 1512 MHz: .03% 1800 MHz:   0% 2088 MHz:   0% 2352 MHz:   0% 2616 MHz:   0% 2868 MHz:   0% 3096 MHz:   0% 3300 MHz:   0% 3468 MHz:   0% 3624 MHz:   0% 3756 MHz:   0% 3852 MHz:   0% 3924 MHz:   0% 3996 MHz:   0% 4044 MHz:   0% 4104 MHz:   0% 4416 MHz:   0% 4512 MHz:  21%)
CPU 7 idle residency:  79.23%
CPU 7 down residency:   0.00%

P1-Cluster HW active frequency: 3031 MHz
P1-Cluster HW active residency:  10.07% (1260 MHz: 4.4% 1512 MHz: .18% 1800 MHz:   0% 2088 MHz:   0% 2352 MHz:   0% 2616 MHz:   0% 2868 MHz:   0% 3096 MHz:   0% 3300 MHz:   0% 3468 MHz:   0% 3624 MHz:   0% 3756 MHz:   0% 3852 MHz:   0% 3924 MHz: .23% 3996 MHz:   0% 4044 MHz:   0% 4104 MHz:   0% 4416 MHz: .40% 4512 MHz: 4.9%)
P1-Cluster idle residency:  21.41%
P1-Cluster down residency:  68.52%
CPU 8 frequency: 0 MHz
CPU 8 active residency:   0.00% (1260 MHz:   0% 1512 MHz:   0% 1800 MHz:   0% 2088 MHz:   0% 2352 MHz:   0% 2616 MHz:   0% 2868 MHz:   0% 3096 MHz:   0% 3300 MHz:   0% 3468 MHz:   0% 3624 MHz:   0% 3756 MHz:   0% 3852 MHz:   0% 3924 MHz:   0% 3996 MHz:   0% 4044 MHz:   0% 4104 MHz:   0% 4416 MHz:   0% 4512 MHz:   0%)
CPU 8 idle residency:  29.22%
CPU 8 down residency:  70.78%
CPU 9 frequency: 0 MHz
CPU 9 active residency:   0.00% (1260 MHz:   0% 1512 MHz:   0% 1800 MHz:   0% 2088 MHz:   0% 2352 MHz:   0% 2616 MHz:   0% 2868 MHz:   0% 3096 MHz:   0% 3300 MHz:   0% 3468 MHz:   0% 3624 MHz:   0% 3756 MHz:   0% 3852 MHz:   0% 3924 MHz:   0% 3996 MHz:   0% 4044 MHz:   0% 4104 MHz:   0% 4416 MHz:   0% 4512 MHz:   0%)
CPU 9 idle residency:  28.85%
CPU 9 down residency:  71.15%
CPU 10 frequency: 0 MHz
CPU 10 active residency:   0.00% (1260 MHz:   0% 1512 MHz:   0% 1800 MHz:   0% 2088 MHz:   0% 2352 MHz:   0% 2616 MHz:   0% 2868 MHz:   0% 3096 MHz:   0% 3300 MHz:   0% 3468 MHz:   0% 3624 MHz:   0% 3756 MHz:   0% 3852 MHz:   0% 3924 MHz:   0% 3996 MHz:   0% 4044 MHz:   0% 4104 MHz:   0% 4416 MHz:   0% 4512 MHz:   0%)
CPU 10 idle residency:  30.14%
CPU 10 down residency:  69.86%
CPU 11 frequency: 0 MHz
CPU 11 active residency:   0.00% (1260 MHz:   0% 1512 MHz:   0% 1800 MHz:   0% 2088 MHz:   0% 2352 MHz:   0% 2616 MHz:   0% 2868 MHz:   0% 3096 MHz:   0% 3300 MHz:   0% 3468 MHz:   0% 3624 MHz:   0% 3756 MHz:   0% 3852 MHz:   0% 3924 MHz:   0% 3996 MHz:   0% 4044 MHz:   0% 4104 MHz:   0% 4416 MHz:   0% 4512 MHz:   0%)
CPU 11 idle residency:  29.70%
CPU 11 down residency:  70.30%

CPU Power: 5425 mW
GPU Power: 76 mW
ANE Power: 0 mW
Combined Power (CPU + GPU + ANE): 5500 mW


*** Sampled system activity (Tue Sep 29 16:59:36 2026 -0300) (514.57ms elapsed) ***


**** Processor usage ****

E-Cluster Online: 100%
E-Cluster HW active frequency: 1448 MHz
E-Cluster HW active residency:  21.88% (1020 MHz:  14% 1404 MHz: .76% 1788 MHz: 2.3% 2112 MHz: .77% 2352 MHz: .76% 2532 MHz: 1.2% 2592 MHz: 2.3%)
E-Cluster idle residency:  78.12%
E-Cluster down residency:   0.00%
CPU 0 frequency: 1610 MHz
CPU 0 active residency:  13.22% (1020 MHz: 6.4% 1404 MHz: .76% 1788 MHz: 1.9% 2112 MHz: .76% 2352 MHz: .31% 2532 MHz: .98% 2592 MHz: 2.1%)
CPU 0 idle residency:  86.78%
CPU 0 down residency:   0.00%
CPU 1 frequency: 1426 MHz
CPU 1 active residency:   5.59% (1020 MHz: 3.9% 1404 MHz: .00% 1788 MHz: .27% 2112 MHz: .18% 2352 MHz: .29% 2532 MHz: .62% 2592 MHz: .34%)
CPU 1 idle residency:  94.41%
CPU 1 down residency:   0.00%
CPU 2 frequency: 1352 MHz
CPU 2 active residency:   4.30% (1020 MHz: 3.1% 1404 MHz: .00% 1788 MHz: .39% 2112 MHz: .25% 2352 MHz: .31% 2532 MHz: .15% 2592 MHz: .14%)
CPU 2 idle residency:  95.70%
CPU 2 down residency:   0.00%
CPU 3 frequency: 1376 MHz
CPU 3 active residency:   3.25% (1020 MHz: 2.3% 1404 MHz: .03% 1788 MHz: .16% 2112 MHz: .45% 2352 MHz: .06% 2532 MHz: .20% 2592 MHz: .10%)
CPU 3 idle residency:  96.75%
CPU 3 down residency:   0.00%

P0-Cluster Online: 100%
P0-Cluster HW active frequency: 4440 MHz
P0-Cluster HW active residency: 100.00% (1260 MHz:   0% 1512 MHz:   0% 1800 MHz:   0% 2088 MHz:   0% 2352 MHz:   0% 2616 MHz:   0% 2868 MHz:   0% 3096 MHz:   0% 3300 MHz:   0% 3468 MHz:   0% 3624 MHz:   0% 3756 MHz:   0% 3852 MHz:   0% 3924 MHz: .51% 3996 MHz: .17% 4044 MHz:  14% 4104 MHz:   0% 4416 MHz: 3.6% 4512 MHz:  82%)
P0-Cluster idle residency:   0.00%
P0-Cluster down residency:   0.00%
CPU 4 frequency: 4512 MHz
CPU 4 active residency:  31.96% (1260 MHz:   0% 1512 MHz:   0% 1800 MHz:   0% 2088 MHz:   0% 2352 MHz:   0% 2616 MHz:   0% 2868 MHz:   0% 3096 MHz:   0% 3300 MHz:   0% 3468 MHz:   0% 3624 MHz:   0% 3756 MHz:   0% 3852 MHz:   0% 3924 MHz:   0% 3996 MHz:   0% 4044 MHz:   0% 4104 MHz:   0% 4416 MHz:   0% 4512 MHz:  32%)
CPU 4 idle residency:  68.04%
CPU 4 down residency:   0.00%
CPU 5 frequency: 4512 MHz
CPU 5 active residency:  30.73% (1260 MHz:   0% 1512 MHz:   0% 1800 MHz:   0% 2088 MHz:   0% 2352 MHz:   0% 2616 MHz:   0% 2868 MHz:   0% 3096 MHz:   0% 3300 MHz:   0% 3468 MHz:   0% 3624 MHz:   0% 3756 MHz:   0% 3852 MHz:   0% 3924 MHz:   0% 3996 MHz:   0% 4044 MHz:   0% 4104 MHz:   0% 4416 MHz:   0% 4512 MHz:  31%)
CPU 5 idle residency:  69.27%
CPU 5 down residency:   0.00%
CPU 6 frequency: 4512 MHz
CPU 6 active residency:   6.21% (1260 MHz:   0% 1512 MHz:   0% 1800 MHz:   0% 2088 MHz:   0% 2352 MHz:   0% 2616 MHz:   0% 2868 MHz:   0% 3096 MHz:   0% 3300 MHz:   0% 3468 MHz:   0% 3624 MHz:   0% 3756 MHz:   0% 3852 MHz:   0% 3924 MHz:   0% 3996 MHz:   0% 4044 MHz:   0% 4104 MHz:   0% 4416 MHz:   0% 4512 MHz: 6.2%)
CPU 6 idle residency:  93.79%
CPU 6 down residency:   0.00%
CPU 7 frequency: 4512 MHz
CPU 7 active residency:  35.31% (1260 MHz:   0% 1512 MHz:   0% 1800 MHz:   0% 2088 MHz:   0% 2352 MHz:   0% 2616 MHz:   0% 2868 MHz:   0% 3096 MHz:   0% 3300 MHz:   0% 3468 MHz:   0% 3624 MHz:   0% 3756 MHz:   0% 3852 MHz:   0% 3924 MHz:   0% 3996 MHz:   0% 4044 MHz:   0% 4104 MHz:   0% 4416 MHz:   0% 4512 MHz:  35%)
CPU 7 idle residency:  64.69%
CPU 7 down residency:   0.00%

P1-Cluster HW active frequency: 0 MHz
P1-Cluster HW active residency:   0.00% (1260 MHz:   0% 1512 MHz:   0% 1800 MHz:   0% 2088 MHz:   0% 2352 MHz:   0% 2616 MHz:   0% 2868 MHz:   0% 3096 MHz:   0% 3300 MHz:   0% 3468 MHz:   0% 3624 MHz:   0% 3756 MHz:   0% 3852 MHz:   0% 3924 MHz:   0% 3996 MHz:   0% 4044 MHz:   0% 4104 MHz:   0% 4416 MHz:   0% 4512 MHz:   0%)
P1-Cluster idle residency:   0.00%
P1-Cluster down residency: 100.00%
CPU 8 frequency: 0 MHz
CPU 8 active residency:   0.00% (1260 MHz:   0% 1512 MHz:   0% 1800 MHz:   0% 2088 MHz:   0% 2352 MHz:   0% 2616 MHz:   0% 2868 MHz:   0% 3096 MHz:   0% 3300 MHz:   0% 3468 MHz:   0% 3624 MHz:   0% 3756 MHz:   0% 3852 MHz:   0% 3924 MHz:   0% 3996 MHz:   0% 4044 MHz:   0% 4104 MHz:   0% 4416 MHz:   0% 4512 MHz:   0%)
CPU 8 idle residency:   0.00%
CPU 8 down residency: 100.00%
CPU 9 frequency: 0 MHz
CPU 9 active residency:   0.00% (1260 MHz:   0% 1512 MHz:   0% 1800 MHz:   0% 2088 MHz:   0% 2352 MHz:   0% 2616 MHz:   0% 2868 MHz:   0% 3096 MHz:   0% 3300 MHz:   0% 3468 MHz:   0% 3624 MHz:   0% 3756 MHz:   0% 3852 MHz:   0% 3924 MHz:   0% 3996 MHz:   0% 4044 MHz:   0% 4104 MHz:   0% 4416 MHz:   0% 4512 MHz:   0%)
CPU 9 idle residency:   0.00%
CPU 9 down residency: 100.00%
CPU 10 frequency: 0 MHz
CPU 10 active residency:   0.00% (1260 MHz:   0% 1512 MHz:   0% 1800 MHz:   0% 2088 MHz:   0% 2352 MHz:   0% 2616 MHz:   0% 2868 MHz:   0% 3096 MHz:   0% 3300 MHz:   0% 3468 MHz:   0% 3624 MHz:   0% 3756 MHz:   0% 3852 MHz:   0% 3924 MHz:   0% 3996 MHz:   0% 4044 MHz:   0% 4104 MHz:   0% 4416 MHz:   0% 4512 MHz:   0%)
CPU 10 idle residency:   0.00%
CPU 10 down residency: 100.00%
CPU 11 frequency: 0 MHz
CPU 11 active residency:   0.00% (1260 MHz:   0% 1512 MHz:   0% 1800 MHz:   0% 2088 MHz:   0% 2352 MHz:   0% 2616 MHz:   0% 2868 MHz:   0% 3096 MHz:   0% 3300 MHz:   0% 3468 MHz:   0% 3624 MHz:   0% 3756 MHz:   0% 3852 MHz:   0% 3924 MHz:   0% 3996 MHz:   0% 4044 MHz:   0% 4104 MHz:   0% 4416 MHz:   0% 4512 MHz:   0%)
CPU 11 idle residency:   0.00%
CPU 11 down residency: 100.00%

CPU Power: 4928 mW
GPU Power: 0 mW
ANE Power: 0 mW
Combined Power (CPU + GPU + ANE): 4928 mW


*** Sampled system activity (Tue Sep 29 16:59:36 2026 -0300) (515.01ms elapsed) ***


**** Processor usage ****

E-Cluster Online: 100%
E-Cluster HW active frequency: 1086 MHz
E-Cluster HW active residency:  15.65% (1020 MHz:  14% 1404 MHz: .79% 1788 MHz: .39% 2112 MHz:   0% 2352 MHz: .02% 2532 MHz:   0% 2592 MHz: .26%)
E-Cluster idle residency:  84.35%
E-Cluster down residency:   0.00%
CPU 0 frequency: 1067 MHz
CPU 0 active residency:   6.76% (1020 MHz: 6.4% 1404 MHz: .06% 1788 MHz: .23% 2112 MHz:   0% 2352 MHz: .01% 2532 MHz:   0% 2592 MHz: .06%)
CPU 0 idle residency:  93.24%
CPU 0 down residency:   0.00%
CPU 1 frequency: 1071 MHz
CPU 1 active residency:   5.19% (1020 MHz: 4.8% 1404 MHz: .10% 1788 MHz: .23% 2112 MHz:   0% 2352 MHz: .00% 2532 MHz:   0% 2592 MHz: .03%)
CPU 1 idle residency:  94.81%
CPU 1 down residency:   0.00%
CPU 2 frequency: 1090 MHz
CPU 2 active residency:   4.42% (1020 MHz: 3.7% 1404 MHz: .70% 1788 MHz: .02% 2112 MHz:   0% 2352 MHz:   0% 2532 MHz:   0% 2592 MHz: .01%)
CPU 2 idle residency:  95.58%
CPU 2 down residency:   0.00%
CPU 3 frequency: 1035 MHz
CPU 3 active residency:   1.63% (1020 MHz: 1.6% 1404 MHz: .00% 1788 MHz:   0% 2112 MHz:   0% 2352 MHz:   0% 2532 MHz:   0% 2592 MHz: .01%)
CPU 3 idle residency:  98.37%
CPU 3 down residency:   0.00%

P0-Cluster Online: 100%
P0-Cluster HW active frequency: 4439 MHz
P0-Cluster HW active residency: 100.00% (1260 MHz:   0% 1512 MHz:   0% 1800 MHz:   0% 2088 MHz:   0% 2352 MHz:   0% 2616 MHz:   0% 2868 MHz:   0% 3096 MHz:   0% 3300 MHz:   0% 3468 MHz:   0% 3624 MHz:   0% 3756 MHz:   0% 3852 MHz:   0% 3924 MHz: .98% 3996 MHz: .32% 4044 MHz:  13% 4104 MHz:   0% 4416 MHz: 5.0% 4512 MHz:  81%)
P0-Cluster idle residency:   0.00%
P0-Cluster down residency:   0.00%
CPU 4 frequency: 4512 MHz
CPU 4 active residency:  24.85% (1260 MHz:   0% 1512 MHz:   0% 1800 MHz:   0% 2088 MHz:   0% 2352 MHz:   0% 2616 MHz:   0% 2868 MHz:   0% 3096 MHz:   0% 3300 MHz:   0% 3468 MHz:   0% 3624 MHz:   0% 3756 MHz:   0% 3852 MHz:   0% 3924 MHz:   0% 3996 MHz:   0% 4044 MHz:   0% 4104 MHz:   0% 4416 MHz:   0% 4512 MHz:  25%)
CPU 4 idle residency:  75.15%
CPU 4 down residency:   0.00%
CPU 5 frequency: 4512 MHz
CPU 5 active residency:  13.96% (1260 MHz:   0% 1512 MHz:   0% 1800 MHz:   0% 2088 MHz:   0% 2352 MHz:   0% 2616 MHz:   0% 2868 MHz:   0% 3096 MHz:   0% 3300 MHz:   0% 3468 MHz:   0% 3624 MHz:   0% 3756 MHz:   0% 3852 MHz:   0% 3924 MHz:   0% 3996 MHz:   0% 4044 MHz:   0% 4104 MHz:   0% 4416 MHz:   0% 4512 MHz:  14%)
CPU 5 idle residency:  86.04%
CPU 5 down residency:   0.00%
CPU 6 frequency: 4512 MHz
CPU 6 active residency:  36.16% (1260 MHz:   0% 1512 MHz:   0% 1800 MHz:   0% 2088 MHz:   0% 2352 MHz:   0% 2616 MHz:   0% 2868 MHz:   0% 3096 MHz:   0% 3300 MHz:   0% 3468 MHz:   0% 3624 MHz:   0% 3756 MHz:   0% 3852 MHz:   0% 3924 MHz:   0% 3996 MHz:   0% 4044 MHz:   0% 4104 MHz:   0% 4416 MHz:   0% 4512 MHz:  36%)
CPU 6 idle residency:  63.84%
CPU 6 down residency:   0.00%
CPU 7 frequency: 4512 MHz
CPU 7 active residency:  32.06% (1260 MHz:   0% 1512 MHz:   0% 1800 MHz:   0% 2088 MHz:   0% 2352 MHz:   0% 2616 MHz:   0% 2868 MHz:   0% 3096 MHz:   0% 3300 MHz:   0% 3468 MHz:   0% 3624 MHz:   0% 3756 MHz:   0% 3852 MHz:   0% 3924 MHz:   0% 3996 MHz:   0% 4044 MHz:   0% 4104 MHz:   0% 4416 MHz:   0% 4512 MHz:  32%)
CPU 7 idle residency:  67.94%
CPU 7 down residency:   0.00%

P1-Cluster HW active frequency: 3309 MHz
P1-Cluster HW active residency:   0.61% (1260 MHz: .21% 1512 MHz:   0% 1800 MHz:   0% 2088 MHz:   0% 2352 MHz:   0% 2616 MHz:   0% 2868 MHz:   0% 3096 MHz:   0% 3300 MHz:   0% 3468 MHz:   0% 3624 MHz:   0% 3756 MHz:   0% 3852 MHz:   0% 3924 MHz: .07% 3996 MHz:   0% 4044 MHz:   0% 4104 MHz:   0% 4416 MHz: .04% 4512 MHz: .29%)
P1-Cluster idle residency:   0.85%
P1-Cluster down residency:  98.54%
CPU 8 frequency: 0 MHz
CPU 8 active residency:   0.00% (1260 MHz:   0% 1512 MHz:   0% 1800 MHz:   0% 2088 MHz:   0% 2352 MHz:   0% 2616 MHz:   0% 2868 MHz:   0% 3096 MHz:   0% 3300 MHz:   0% 3468 MHz:   0% 3624 MHz:   0% 3756 MHz:   0% 3852 MHz:   0% 3924 MHz:   0% 3996 MHz:   0% 4044 MHz:   0% 4104 MHz:   0% 4416 MHz:   0% 4512 MHz:   0%)
CPU 8 idle residency:   1.28%
CPU 8 down residency:  98.72%
CPU 9 frequency: 0 MHz
CPU 9 active residency:   0.00% (1260 MHz:   0% 1512 MHz:   0% 1800 MHz:   0% 2088 MHz:   0% 2352 MHz:   0% 2616 MHz:   0% 2868 MHz:   0% 3096 MHz:   0% 3300 MHz:   0% 3468 MHz:   0% 3624 MHz:   0% 3756 MHz:   0% 3852 MHz:   0% 3924 MHz:   0% 3996 MHz:   0% 4044 MHz:   0% 4104 MHz:   0% 4416 MHz:   0% 4512 MHz:   0%)
CPU 9 idle residency:   1.33%
CPU 9 down residency:  98.67%
CPU 10 frequency: 0 MHz
CPU 10 active residency:   0.00% (1260 MHz:   0% 1512 MHz:   0% 1800 MHz:   0% 2088 MHz:   0% 2352 MHz:   0% 2616 MHz:   0% 2868 MHz:   0% 3096 MHz:   0% 3300 MHz:   0% 3468 MHz:   0% 3624 MHz:   0% 3756 MHz:   0% 3852 MHz:   0% 3924 MHz:   0% 3996 MHz:   0% 4044 MHz:   0% 4104 MHz:   0% 4416 MHz:   0% 4512 MHz:   0%)
CPU 10 idle residency:   1.34%
CPU 10 down residency:  98.66%
CPU 11 frequency: 0 MHz
CPU 11 active residency:   0.00% (1260 MHz:   0% 1512 MHz:   0% 1800 MHz:   0% 2088 MHz:   0% 2352 MHz:   0% 2616 MHz:   0% 2868 MHz:   0% 3096 MHz:   0% 3300 MHz:   0% 3468 MHz:   0% 3624 MHz:   0% 3756 MHz:   0% 3852 MHz:   0% 3924 MHz:   0% 3996 MHz:   0% 4044 MHz:   0% 4104 MHz:   0% 4416 MHz:   0% 4512 MHz:   0%)
CPU 11 idle residency:   1.37%
CPU 11 down residency:  98.63%

CPU Power: 5029 mW
GPU Power: 0 mW
ANE Power: 0 mW
Combined Power (CPU + GPU + ANE): 5029 mW


*** Sampled system activity (Tue Sep 29 16:59:37 2026 -0300) (514.18ms elapsed) ***


**** Processor usage ****

E-Cluster Online: 100%
E-Cluster HW active frequency: 1031 MHz
E-Cluster HW active residency:  10.15% (1020 MHz:  10% 1404 MHz:   0% 1788 MHz:   0% 2112 MHz:   0% 2352 MHz:   0% 2532 MHz:   0% 2592 MHz: .07%)
E-Cluster idle residency:  89.85%
E-Cluster down residency:   0.00%
CPU 0 frequency: 1022 MHz
CPU 0 active residency:   6.46% (1020 MHz: 6.5% 1404 MHz:   0% 1788 MHz:   0% 2112 MHz:   0% 2352 MHz:   0% 2532 MHz:   0% 2592 MHz: .01%)
CPU 0 idle residency:  93.54%
CPU 0 down residency:   0.00%
CPU 1 frequency: 1024 MHz
CPU 1 active residency:   3.01% (1020 MHz: 3.0% 1404 MHz:   0% 1788 MHz:   0% 2112 MHz:   0% 2352 MHz:   0% 2532 MHz:   0% 2592 MHz: .01%)
CPU 1 idle residency:  96.99%
CPU 1 down residency:   0.00%
CPU 2 frequency: 1035 MHz
CPU 2 active residency:   1.14% (1020 MHz: 1.1% 1404 MHz:   0% 1788 MHz:   0% 2112 MHz:   0% 2352 MHz:   0% 2532 MHz:   0% 2592 MHz: .01%)
CPU 2 idle residency:  98.86%
CPU 2 down residency:   0.00%
CPU 3 frequency: 1031 MHz
CPU 3 active residency:   0.86% (1020 MHz: .85% 1404 MHz:   0% 1788 MHz:   0% 2112 MHz:   0% 2352 MHz:   0% 2532 MHz:   0% 2592 MHz: .01%)
CPU 3 idle residency:  99.14%
CPU 3 down residency:   0.00%

P0-Cluster Online: 100%
P0-Cluster HW active frequency: 4430 MHz
P0-Cluster HW active residency: 100.00% (1260 MHz:   0% 1512 MHz:   0% 1800 MHz:   0% 2088 MHz:   0% 2352 MHz:   0% 2616 MHz:   0% 2868 MHz:   0% 3096 MHz:   0% 3300 MHz:   0% 3468 MHz:   0% 3624 MHz:   0% 3756 MHz:   0% 3852 MHz:   0% 3924 MHz: .34% 3996 MHz: .22% 4044 MHz:  16% 4104 MHz:   0% 4416 MHz: 3.5% 4512 MHz:  80%)
P0-Cluster idle residency:   0.00%
P0-Cluster down residency:   0.00%
CPU 4 frequency: 4512 MHz
CPU 4 active residency:  21.21% (1260 MHz:   0% 1512 MHz:   0% 1800 MHz:   0% 2088 MHz:   0% 2352 MHz:   0% 2616 MHz:   0% 2868 MHz:   0% 3096 MHz:   0% 3300 MHz:   0% 3468 MHz:   0% 3624 MHz:   0% 3756 MHz:   0% 3852 MHz:   0% 3924 MHz:   0% 3996 MHz:   0% 4044 MHz:   0% 4104 MHz:   0% 4416 MHz:   0% 4512 MHz:  21%)
CPU 4 idle residency:  78.79%
CPU 4 down residency:   0.00%
CPU 5 frequency: 4512 MHz
CPU 5 active residency:  29.06% (1260 MHz:   0% 1512 MHz:   0% 1800 MHz:   0% 2088 MHz:   0% 2352 MHz:   0% 2616 MHz:   0% 2868 MHz:   0% 3096 MHz:   0% 3300 MHz:   0% 3468 MHz:   0% 3624 MHz:   0% 3756 MHz:   0% 3852 MHz:   0% 3924 MHz:   0% 3996 MHz:   0% 4044 MHz:   0% 4104 MHz:   0% 4416 MHz:   0% 4512 MHz:  29%)
CPU 5 idle residency:  70.94%
CPU 5 down residency:   0.00%
CPU 6 frequency: 4512 MHz
CPU 6 active residency:  30.12% (1260 MHz:   0% 1512 MHz:   0% 1800 MHz:   0% 2088 MHz:   0% 2352 MHz:   0% 2616 MHz:   0% 2868 MHz:   0% 3096 MHz:   0% 3300 MHz:   0% 3468 MHz:   0% 3624 MHz:   0% 3756 MHz:   0% 3852 MHz:   0% 3924 MHz:   0% 3996 MHz:   0% 4044 MHz:   0% 4104 MHz:   0% 4416 MHz:   0% 4512 MHz:  30%)
CPU 6 idle residency:  69.88%
CPU 6 down residency:   0.00%
CPU 7 frequency: 4512 MHz
CPU 7 active residency:  23.57% (1260 MHz:   0% 1512 MHz:   0% 1800 MHz:   0% 2088 MHz:   0% 2352 MHz:   0% 2616 MHz:   0% 2868 MHz:   0% 3096 MHz:   0% 3300 MHz:   0% 3468 MHz:   0% 3624 MHz:   0% 3756 MHz:   0% 3852 MHz:   0% 3924 MHz:   0% 3996 MHz:   0% 4044 MHz:   0% 4104 MHz:   0% 4416 MHz:   0% 4512 MHz:  24%)
CPU 7 idle residency:  76.43%
CPU 7 down residency:   0.00%

P1-Cluster HW active frequency: 1260 MHz
P1-Cluster HW active residency:   0.08% (1260 MHz: .08% 1512 MHz:   0% 1800 MHz:   0% 2088 MHz:   0% 2352 MHz:   0% 2616 MHz:   0% 2868 MHz:   0% 3096 MHz:   0% 3300 MHz:   0% 3468 MHz:   0% 3624 MHz:   0% 3756 MHz:   0% 3852 MHz:   0% 3924 MHz:   0% 3996 MHz:   0% 4044 MHz:   0% 4104 MHz:   0% 4416 MHz:   0% 4512 MHz:   0%)
P1-Cluster idle residency:   1.46%
P1-Cluster down residency:  98.46%
CPU 8 frequency: 0 MHz
CPU 8 active residency:   0.00% (1260 MHz:   0% 1512 MHz:   0% 1800 MHz:   0% 2088 MHz:   0% 2352 MHz:   0% 2616 MHz:   0% 2868 MHz:   0% 3096 MHz:   0% 3300 MHz:   0% 3468 MHz:   0% 3624 MHz:   0% 3756 MHz:   0% 3852 MHz:   0% 3924 MHz:   0% 3996 MHz:   0% 4044 MHz:   0% 4104 MHz:   0% 4416 MHz:   0% 4512 MHz:   0%)
CPU 8 idle residency:   1.47%
CPU 8 down residency:  98.53%
CPU 9 frequency: 0 MHz
CPU 9 active residency:   0.00% (1260 MHz:   0% 1512 MHz:   0% 1800 MHz:   0% 2088 MHz:   0% 2352 MHz:   0% 2616 MHz:   0% 2868 MHz:   0% 3096 MHz:   0% 3300 MHz:   0% 3468 MHz:   0% 3624 MHz:   0% 3756 MHz:   0% 3852 MHz:   0% 3924 MHz:   0% 3996 MHz:   0% 4044 MHz:   0% 4104 MHz:   0% 4416 MHz:   0% 4512 MHz:   0%)
CPU 9 idle residency:   1.47%
CPU 9 down residency:  98.53%
CPU 10 frequency: 0 MHz
CPU 10 active residency:   0.00% (1260 MHz:   0% 1512 MHz:   0% 1800 MHz:   0% 2088 MHz:   0% 2352 MHz:   0% 2616 MHz:   0% 2868 MHz:   0% 3096 MHz:   0% 3300 MHz:   0% 3468 MHz:   0% 3624 MHz:   0% 3756 MHz:   0% 3852 MHz:   0% 3924 MHz:   0% 3996 MHz:   0% 4044 MHz:   0% 4104 MHz:   0% 4416 MHz:   0% 4512 MHz:   0%)
CPU 10 idle residency:   1.47%
CPU 10 down residency:  98.53%
CPU 11 frequency: 0 MHz
CPU 11 active residency:   0.00% (1260 MHz:   0% 1512 MHz:   0% 1800 MHz:   0% 2088 MHz:   0% 2352 MHz:   0% 2616 MHz:   0% 2868 MHz:   0% 3096 MHz:   0% 3300 MHz:   0% 3468 MHz:   0% 3624 MHz:   0% 3756 MHz:   0% 3852 MHz:   0% 3924 MHz:   0% 3996 MHz:   0% 4044 MHz:   0% 4104 MHz:   0% 4416 MHz:   0% 4512 MHz:   0%)
CPU 11 idle residency:   1.47%
CPU 11 down residency:  98.53%

CPU Power: 4866 mW
GPU Power: 0 mW
ANE Power: 0 mW
Combined Power (CPU + GPU + ANE): 4866 mW


*** Sampled system activity (Tue Sep 29 16:59:37 2026 -0300) (515.06ms elapsed) ***


**** Processor usage ****

E-Cluster Online: 100%
E-Cluster HW active frequency: 1095 MHz
E-Cluster HW active residency:  13.26% (1020 MHz:  12% 1404 MHz: .77% 1788 MHz: .86% 2112 MHz:   0% 2352 MHz:   0% 2532 MHz:   0% 2592 MHz: .03%)
E-Cluster idle residency:  86.74%
E-Cluster down residency:   0.00%
CPU 0 frequency: 1124 MHz
CPU 0 active residency:   5.90% (1020 MHz: 4.9% 1404 MHz: .50% 1788 MHz: .52% 2112 MHz:   0% 2352 MHz:   0% 2532 MHz:   0% 2592 MHz: .02%)
CPU 0 idle residency:  94.10%
CPU 0 down residency:   0.00%
CPU 1 frequency: 1124 MHz
CPU 1 active residency:   5.17% (1020 MHz: 4.2% 1404 MHz: .47% 1788 MHz: .46% 2112 MHz:   0% 2352 MHz:   0% 2532 MHz:   0% 2592 MHz: .00%)
CPU 1 idle residency:  94.83%
CPU 1 down residency:   0.00%
CPU 2 frequency: 1052 MHz
CPU 2 active residency:   3.47% (1020 MHz: 3.2% 1404 MHz: .18% 1788 MHz: .05% 2112 MHz:   0% 2352 MHz:   0% 2532 MHz:   0% 2592 MHz:   0%)
CPU 2 idle residency:  96.53%
CPU 2 down residency:   0.00%
CPU 3 frequency: 1077 MHz
CPU 3 active residency:   0.79% (1020 MHz: .69% 1404 MHz: .08% 1788 MHz: .02% 2112 MHz:   0% 2352 MHz:   0% 2532 MHz:   0% 2592 MHz:   0%)
CPU 3 idle residency:  99.21%
CPU 3 down residency:   0.00%

P0-Cluster Online: 100%
P0-Cluster HW active frequency: 4443 MHz
P0-Cluster HW active residency: 100.00% (1260 MHz:   0% 1512 MHz:   0% 1800 MHz:   0% 2088 MHz:   0% 2352 MHz:   0% 2616 MHz:   0% 2868 MHz:   0% 3096 MHz:   0% 3300 MHz:   0% 3468 MHz:   0% 3624 MHz:   0% 3756 MHz:   0% 3852 MHz:   0% 3924 MHz: .37% 3996 MHz: .24% 4044 MHz:  13% 4104 MHz:   0% 4416 MHz: 4.3% 4512 MHz:  82%)
P0-Cluster idle residency:   0.00%
P0-Cluster down residency:   0.00%
CPU 4 frequency: 4512 MHz
CPU 4 active residency:  17.52% (1260 MHz:   0% 1512 MHz:   0% 1800 MHz:   0% 2088 MHz:   0% 2352 MHz:   0% 2616 MHz:   0% 2868 MHz:   0% 3096 MHz:   0% 3300 MHz:   0% 3468 MHz:   0% 3624 MHz:   0% 3756 MHz:   0% 3852 MHz:   0% 3924 MHz:   0% 3996 MHz:   0% 4044 MHz:   0% 4104 MHz:   0% 4416 MHz:   0% 4512 MHz:  18%)
CPU 4 idle residency:  82.48%
CPU 4 down residency:   0.00%
CPU 5 frequency: 4512 MHz
CPU 5 active residency:  28.84% (1260 MHz:   0% 1512 MHz:   0% 1800 MHz:   0% 2088 MHz:   0% 2352 MHz:   0% 2616 MHz:   0% 2868 MHz:   0% 3096 MHz:   0% 3300 MHz:   0% 3468 MHz:   0% 3624 MHz:   0% 3756 MHz:   0% 3852 MHz:   0% 3924 MHz:   0% 3996 MHz:   0% 4044 MHz:   0% 4104 MHz:   0% 4416 MHz:   0% 4512 MHz:  29%)
CPU 5 idle residency:  71.16%
CPU 5 down residency:   0.00%
CPU 6 frequency: 4512 MHz
CPU 6 active residency:  34.62% (1260 MHz:   0% 1512 MHz:   0% 1800 MHz:   0% 2088 MHz:   0% 2352 MHz:   0% 2616 MHz:   0% 2868 MHz:   0% 3096 MHz:   0% 3300 MHz:   0% 3468 MHz:   0% 3624 MHz:   0% 3756 MHz:   0% 3852 MHz:   0% 3924 MHz:   0% 3996 MHz:   0% 4044 MHz:   0% 4104 MHz:   0% 4416 MHz:   0% 4512 MHz:  35%)
CPU 6 idle residency:  65.38%
CPU 6 down residency:   0.00%
CPU 7 frequency: 4512 MHz
CPU 7 active residency:  23.72% (1260 MHz:   0% 1512 MHz:   0% 1800 MHz:   0% 2088 MHz:   0% 2352 MHz:   0% 2616 MHz:   0% 2868 MHz:   0% 3096 MHz:   0% 3300 MHz:   0% 3468 MHz:   0% 3624 MHz:   0% 3756 MHz:   0% 3852 MHz:   0% 3924 MHz:   0% 3996 MHz:   0% 4044 MHz:   0% 4104 MHz:   0% 4416 MHz:   0% 4512 MHz:  24%)
CPU 7 idle residency:  76.28%
CPU 7 down residency:   0.00%

P1-Cluster HW active frequency: 1260 MHz
P1-Cluster HW active residency:   0.10% (1260 MHz: .10% 1512 MHz:   0% 1800 MHz:   0% 2088 MHz:   0% 2352 MHz:   0% 2616 MHz:   0% 2868 MHz:   0% 3096 MHz:   0% 3300 MHz:   0% 3468 MHz:   0% 3624 MHz:   0% 3756 MHz:   0% 3852 MHz:   0% 3924 MHz:   0% 3996 MHz:   0% 4044 MHz:   0% 4104 MHz:   0% 4416 MHz:   0% 4512 MHz:   0%)
P1-Cluster idle residency:   1.01%
P1-Cluster down residency:  98.89%
CPU 8 frequency: 0 MHz
CPU 8 active residency:   0.00% (1260 MHz:   0% 1512 MHz:   0% 1800 MHz:   0% 2088 MHz:   0% 2352 MHz:   0% 2616 MHz:   0% 2868 MHz:   0% 3096 MHz:   0% 3300 MHz:   0% 3468 MHz:   0% 3624 MHz:   0% 3756 MHz:   0% 3852 MHz:   0% 3924 MHz:   0% 3996 MHz:   0% 4044 MHz:   0% 4104 MHz:   0% 4416 MHz:   0% 4512 MHz:   0%)
CPU 8 idle residency:   1.06%
CPU 8 down residency:  98.94%
CPU 9 frequency: 0 MHz
CPU 9 active residency:   0.00% (1260 MHz:   0% 1512 MHz:   0% 1800 MHz:   0% 2088 MHz:   0% 2352 MHz:   0% 2616 MHz:   0% 2868 MHz:   0% 3096 MHz:   0% 3300 MHz:   0% 3468 MHz:   0% 3624 MHz:   0% 3756 MHz:   0% 3852 MHz:   0% 3924 MHz:   0% 3996 MHz:   0% 4044 MHz:   0% 4104 MHz:   0% 4416 MHz:   0% 4512 MHz:   0%)
CPU 9 idle residency:   1.07%
CPU 9 down residency:  98.93%
CPU 10 frequency: 0 MHz
CPU 10 active residency:   0.00% (1260 MHz:   0% 1512 MHz:   0% 1800 MHz:   0% 2088 MHz:   0% 2352 MHz:   0% 2616 MHz:   0% 2868 MHz:   0% 3096 MHz:   0% 3300 MHz:   0% 3468 MHz:   0% 3624 MHz:   0% 3756 MHz:   0% 3852 MHz:   0% 3924 MHz:   0% 3996 MHz:   0% 4044 MHz:   0% 4104 MHz:   0% 4416 MHz:   0% 4512 MHz:   0%)
CPU 10 idle residency:   1.07%
CPU 10 down residency:  98.93%
CPU 11 frequency: 0 MHz
CPU 11 active residency:   0.00% (1260 MHz:   0% 1512 MHz:   0% 1800 MHz:   0% 2088 MHz:   0% 2352 MHz:   0% 2616 MHz:   0% 2868 MHz:   0% 3096 MHz:   0% 3300 MHz:   0% 3468 MHz:   0% 3624 MHz:   0% 3756 MHz:   0% 3852 MHz:   0% 3924 MHz:   0% 3996 MHz:   0% 4044 MHz:   0% 4104 MHz:   0% 4416 MHz:   0% 4512 MHz:   0%)
CPU 11 idle residency:   1.07%
CPU 11 down residency:  98.93%

CPU Power: 4937 mW
GPU Power: 0 mW
ANE Power: 0 mW
Combined Power (CPU + GPU + ANE): 4937 mW


*** Sampled system activity (Tue Sep 29 16:59:38 2026 -0300) (514.25ms elapsed) ***


**** Processor usage ****

E-Cluster Online: 100%
E-Cluster HW active frequency: 1158 MHz
E-Cluster HW active residency:  25.13% (1020 MHz:  21% 1404 MHz: .95% 1788 MHz: 2.0% 2112 MHz: .78% 2352 MHz: .38% 2532 MHz: .17% 2592 MHz:   0%)
E-Cluster idle residency:  74.87%
E-Cluster down residency:   0.00%
CPU 0 frequency: 1140 MHz
CPU 0 active residency:  14.41% (1020 MHz:  13% 1404 MHz: .16% 1788 MHz: .60% 2112 MHz: .54% 2352 MHz: .38% 2532 MHz: .07% 2592 MHz:   0%)
CPU 0 idle residency:  85.59%
CPU 0 down residency:   0.00%
CPU 1 frequency: 1135 MHz
CPU 1 active residency:  10.95% (1020 MHz: 9.6% 1404 MHz: .12% 1788 MHz: .43% 2112 MHz: .64% 2352 MHz: .09% 2532 MHz: .04% 2592 MHz:   0%)
CPU 1 idle residency:  89.05%
CPU 1 down residency:   0.00%
CPU 2 frequency: 1132 MHz
CPU 2 active residency:   7.00% (1020 MHz: 6.2% 1404 MHz: .05% 1788 MHz: .17% 2112 MHz: .47% 2352 MHz: .01% 2532 MHz: .06% 2592 MHz:   0%)
CPU 2 idle residency:  93.00%
CPU 2 down residency:   0.00%
CPU 3 frequency: 1246 MHz
CPU 3 active residency:   7.10% (1020 MHz: 4.7% 1404 MHz: .80% 1788 MHz: 1.3% 2112 MHz: .24% 2352 MHz: .01% 2532 MHz: .02% 2592 MHz:   0%)
CPU 3 idle residency:  92.90%
CPU 3 down residency:   0.00%

P0-Cluster Online: 100%
P0-Cluster HW active frequency: 4442 MHz
P0-Cluster HW active residency: 100.00% (1260 MHz:   0% 1512 MHz:   0% 1800 MHz:   0% 2088 MHz:   0% 2352 MHz:   0% 2616 MHz:   0% 2868 MHz:   0% 3096 MHz:   0% 3300 MHz:   0% 3468 MHz:   0% 3624 MHz:   0% 3756 MHz:   0% 3852 MHz:   0% 3924 MHz: .35% 3996 MHz: .15% 4044 MHz:  14% 4104 MHz:   0% 4416 MHz: 3.7% 4512 MHz:  82%)
P0-Cluster idle residency:   0.00%
P0-Cluster down residency:   0.00%
CPU 4 frequency: 4512 MHz
CPU 4 active residency:  30.29% (1260 MHz:   0% 1512 MHz:   0% 1800 MHz:   0% 2088 MHz:   0% 2352 MHz:   0% 2616 MHz:   0% 2868 MHz:   0% 3096 MHz:   0% 3300 MHz:   0% 3468 MHz:   0% 3624 MHz:   0% 3756 MHz:   0% 3852 MHz:   0% 3924 MHz:   0% 3996 MHz:   0% 4044 MHz:   0% 4104 MHz:   0% 4416 MHz:   0% 4512 MHz:  30%)
CPU 4 idle residency:  69.71%
CPU 4 down residency:   0.00%
CPU 5 frequency: 4512 MHz
CPU 5 active residency:  23.74% (1260 MHz:   0% 1512 MHz:   0% 1800 MHz:   0% 2088 MHz:   0% 2352 MHz:   0% 2616 MHz:   0% 2868 MHz:   0% 3096 MHz:   0% 3300 MHz:   0% 3468 MHz:   0% 3624 MHz:   0% 3756 MHz:   0% 3852 MHz:   0% 3924 MHz:   0% 3996 MHz:   0% 4044 MHz:   0% 4104 MHz:   0% 4416 MHz:   0% 4512 MHz:  24%)
CPU 5 idle residency:  76.26%
CPU 5 down residency:   0.00%
CPU 6 frequency: 4512 MHz
CPU 6 active residency:  14.77% (1260 MHz:   0% 1512 MHz:   0% 1800 MHz:   0% 2088 MHz:   0% 2352 MHz:   0% 2616 MHz:   0% 2868 MHz:   0% 3096 MHz:   0% 3300 MHz:   0% 3468 MHz:   0% 3624 MHz:   0% 3756 MHz:   0% 3852 MHz:   0% 3924 MHz:   0% 3996 MHz:   0% 4044 MHz:   0% 4104 MHz:   0% 4416 MHz:   0% 4512 MHz:  15%)
CPU 6 idle residency:  85.23%
CPU 6 down residency:   0.00%
CPU 7 frequency: 4512 MHz
CPU 7 active residency:  35.17% (1260 MHz:   0% 1512 MHz:   0% 1800 MHz:   0% 2088 MHz:   0% 2352 MHz:   0% 2616 MHz:   0% 2868 MHz:   0% 3096 MHz:   0% 3300 MHz:   0% 3468 MHz:   0% 3624 MHz:   0% 3756 MHz:   0% 3852 MHz:   0% 3924 MHz:   0% 3996 MHz:   0% 4044 MHz:   0% 4104 MHz:   0% 4416 MHz:   0% 4512 MHz:  35%)
CPU 7 idle residency:  64.83%
CPU 7 down residency:   0.00%

P1-Cluster HW active frequency: 0 MHz
P1-Cluster HW active residency:   0.00% (1260 MHz:   0% 1512 MHz:   0% 1800 MHz:   0% 2088 MHz:   0% 2352 MHz:   0% 2616 MHz:   0% 2868 MHz:   0% 3096 MHz:   0% 3300 MHz:   0% 3468 MHz:   0% 3624 MHz:   0% 3756 MHz:   0% 3852 MHz:   0% 3924 MHz:   0% 3996 MHz:   0% 4044 MHz:   0% 4104 MHz:   0% 4416 MHz:   0% 4512 MHz:   0%)
P1-Cluster idle residency:   0.00%
P1-Cluster down residency: 100.00%
CPU 8 frequency: 0 MHz
CPU 8 active residency:   0.00% (1260 MHz:   0% 1512 MHz:   0% 1800 MHz:   0% 2088 MHz:   0% 2352 MHz:   0% 2616 MHz:   0% 2868 MHz:   0% 3096 MHz:   0% 3300 MHz:   0% 3468 MHz:   0% 3624 MHz:   0% 3756 MHz:   0% 3852 MHz:   0% 3924 MHz:   0% 3996 MHz:   0% 4044 MHz:   0% 4104 MHz:   0% 4416 MHz:   0% 4512 MHz:   0%)
CPU 8 idle residency:   0.00%
CPU 8 down residency: 100.00%
CPU 9 frequency: 0 MHz
CPU 9 active residency:   0.00% (1260 MHz:   0% 1512 MHz:   0% 1800 MHz:   0% 2088 MHz:   0% 2352 MHz:   0% 2616 MHz:   0% 2868 MHz:   0% 3096 MHz:   0% 3300 MHz:   0% 3468 MHz:   0% 3624 MHz:   0% 3756 MHz:   0% 3852 MHz:   0% 3924 MHz:   0% 3996 MHz:   0% 4044 MHz:   0% 4104 MHz:   0% 4416 MHz:   0% 4512 MHz:   0%)
CPU 9 idle residency:   0.00%
CPU 9 down residency: 100.00%
CPU 10 frequency: 0 MHz
CPU 10 active residency:   0.00% (1260 MHz:   0% 1512 MHz:   0% 1800 MHz:   0% 2088 MHz:   0% 2352 MHz:   0% 2616 MHz:   0% 2868 MHz:   0% 3096 MHz:   0% 3300 MHz:   0% 3468 MHz:   0% 3624 MHz:   0% 3756 MHz:   0% 3852 MHz:   0% 3924 MHz:   0% 3996 MHz:   0% 4044 MHz:   0% 4104 MHz:   0% 4416 MHz:   0% 4512 MHz:   0%)
CPU 10 idle residency:   0.00%
CPU 10 down residency: 100.00%
CPU 11 frequency: 0 MHz
CPU 11 active residency:   0.00% (1260 MHz:   0% 1512 MHz:   0% 1800 MHz:   0% 2088 MHz:   0% 2352 MHz:   0% 2616 MHz:   0% 2868 MHz:   0% 3096 MHz:   0% 3300 MHz:   0% 3468 MHz:   0% 3624 MHz:   0% 3756 MHz:   0% 3852 MHz:   0% 3924 MHz:   0% 3996 MHz:   0% 4044 MHz:   0% 4104 MHz:   0% 4416 MHz:   0% 4512 MHz:   0%)
CPU 11 idle residency:   0.00%
CPU 11 down residency: 100.00%

CPU Power: 4926 mW
GPU Power: 0 mW
ANE Power: 0 mW
Combined Power (CPU + GPU + ANE): 4926 mW


*** Sampled system activity (Tue Sep 29 16:59:38 2026 -0300) (513.88ms elapsed) ***


**** Processor usage ****

E-Cluster Online: 100%
E-Cluster HW active frequency: 1530 MHz
E-Cluster HW active residency:  66.25% (1020 MHz:  22% 1404 MHz:  13% 1788 MHz:  21% 2112 MHz: 5.7% 2352 MHz: 2.4% 2532 MHz: .82% 2592 MHz: 1.2%)
E-Cluster idle residency:  33.75%
E-Cluster down residency:   0.00%
CPU 0 frequency: 1580 MHz
CPU 0 active residency:  37.77% (1020 MHz: 8.8% 1404 MHz:  10% 1788 MHz:  13% 2112 MHz: 3.3% 2352 MHz: 1.7% 2532 MHz: .62% 2592 MHz: .45%)
CPU 0 idle residency:  62.23%
CPU 0 down residency:   0.00%
CPU 1 frequency: 1680 MHz
CPU 1 active residency:  31.93% (1020 MHz: 4.6% 1404 MHz: 8.5% 1788 MHz:  12% 2112 MHz: 3.5% 2352 MHz: 1.7% 2532 MHz: .42% 2592 MHz: 1.2%)
CPU 1 idle residency:  68.07%
CPU 1 down residency:   0.00%
CPU 2 frequency: 1573 MHz
CPU 2 active residency:  37.39% (1020 MHz: 8.9% 1404 MHz: 8.8% 1788 MHz:  14% 2112 MHz: 3.2% 2352 MHz: 1.4% 2532 MHz: .32% 2592 MHz: .15%)
CPU 2 idle residency:  62.61%
CPU 2 down residency:   0.00%
CPU 3 frequency: 1556 MHz
CPU 3 active residency:  26.30% (1020 MHz: 5.3% 1404 MHz: 8.1% 1788 MHz:  10% 2112 MHz: 2.0% 2352 MHz: .44% 2532 MHz: .21% 2592 MHz: .01%)
CPU 3 idle residency:  73.70%
CPU 3 down residency:   0.00%

P0-Cluster Online: 100%
P0-Cluster HW active frequency: 4440 MHz
P0-Cluster HW active residency: 100.00% (1260 MHz:   0% 1512 MHz:   0% 1800 MHz:   0% 2088 MHz:   0% 2352 MHz:   0% 2616 MHz:   0% 2868 MHz:   0% 3096 MHz:   0% 3300 MHz:   0% 3468 MHz:   0% 3624 MHz:   0% 3756 MHz:   0% 3852 MHz:   0% 3924 MHz: 1.1% 3996 MHz: .23% 4044 MHz:  13% 4104 MHz:   0% 4416 MHz: 5.9% 4512 MHz:  80%)
P0-Cluster idle residency:   0.00%
P0-Cluster down residency:   0.00%
CPU 4 frequency: 4512 MHz
CPU 4 active residency:  35.60% (1260 MHz:   0% 1512 MHz:   0% 1800 MHz:   0% 2088 MHz:   0% 2352 MHz:   0% 2616 MHz:   0% 2868 MHz:   0% 3096 MHz:   0% 3300 MHz:   0% 3468 MHz:   0% 3624 MHz:   0% 3756 MHz:   0% 3852 MHz:   0% 3924 MHz:   0% 3996 MHz:   0% 4044 MHz:   0% 4104 MHz:   0% 4416 MHz:   0% 4512 MHz:  36%)
CPU 4 idle residency:  64.40%
CPU 4 down residency:   0.00%
CPU 5 frequency: 4512 MHz
CPU 5 active residency:  36.76% (1260 MHz:   0% 1512 MHz:   0% 1800 MHz:   0% 2088 MHz:   0% 2352 MHz:   0% 2616 MHz:   0% 2868 MHz:   0% 3096 MHz:   0% 3300 MHz:   0% 3468 MHz:   0% 3624 MHz:   0% 3756 MHz:   0% 3852 MHz:   0% 3924 MHz:   0% 3996 MHz:   0% 4044 MHz:   0% 4104 MHz:   0% 4416 MHz:   0% 4512 MHz:  37%)
CPU 5 idle residency:  63.24%
CPU 5 down residency:   0.00%
CPU 6 frequency: 4512 MHz
CPU 6 active residency:  22.84% (1260 MHz:   0% 1512 MHz:   0% 1800 MHz:   0% 2088 MHz:   0% 2352 MHz:   0% 2616 MHz:   0% 2868 MHz:   0% 3096 MHz:   0% 3300 MHz:   0% 3468 MHz:   0% 3624 MHz:   0% 3756 MHz:   0% 3852 MHz:   0% 3924 MHz:   0% 3996 MHz:   0% 4044 MHz:   0% 4104 MHz:   0% 4416 MHz:   0% 4512 MHz:  23%)
CPU 6 idle residency:  77.16%
CPU 6 down residency:   0.00%
CPU 7 frequency: 4512 MHz
CPU 7 active residency:  12.73% (1260 MHz:   0% 1512 MHz:   0% 1800 MHz:   0% 2088 MHz:   0% 2352 MHz:   0% 2616 MHz:   0% 2868 MHz:   0% 3096 MHz:   0% 3300 MHz:   0% 3468 MHz:   0% 3624 MHz:   0% 3756 MHz:   0% 3852 MHz:   0% 3924 MHz:   0% 3996 MHz:   0% 4044 MHz:   0% 4104 MHz:   0% 4416 MHz:   0% 4512 MHz:  13%)
CPU 7 idle residency:  87.27%
CPU 7 down residency:   0.00%

P1-Cluster HW active frequency: 1694 MHz
P1-Cluster HW active residency:   1.19% (1260 MHz: 1.0% 1512 MHz:   0% 1800 MHz:   0% 2088 MHz:   0% 2352 MHz:   0% 2616 MHz:   0% 2868 MHz:   0% 3096 MHz:   0% 3300 MHz:   0% 3468 MHz:   0% 3624 MHz:   0% 3756 MHz:   0% 3852 MHz:   0% 3924 MHz: .02% 3996 MHz:   0% 4044 MHz:   0% 4104 MHz:   0% 4416 MHz: .02% 4512 MHz: .13%)
P1-Cluster idle residency:   2.85%
P1-Cluster down residency:  95.96%
CPU 8 frequency: 0 MHz
CPU 8 active residency:   0.00% (1260 MHz:   0% 1512 MHz:   0% 1800 MHz:   0% 2088 MHz:   0% 2352 MHz:   0% 2616 MHz:   0% 2868 MHz:   0% 3096 MHz:   0% 3300 MHz:   0% 3468 MHz:   0% 3624 MHz:   0% 3756 MHz:   0% 3852 MHz:   0% 3924 MHz:   0% 3996 MHz:   0% 4044 MHz:   0% 4104 MHz:   0% 4416 MHz:   0% 4512 MHz:   0%)
CPU 8 idle residency:   3.78%
CPU 8 down residency:  96.22%
CPU 9 frequency: 0 MHz
CPU 9 active residency:   0.00% (1260 MHz:   0% 1512 MHz:   0% 1800 MHz:   0% 2088 MHz:   0% 2352 MHz:   0% 2616 MHz:   0% 2868 MHz:   0% 3096 MHz:   0% 3300 MHz:   0% 3468 MHz:   0% 3624 MHz:   0% 3756 MHz:   0% 3852 MHz:   0% 3924 MHz:   0% 3996 MHz:   0% 4044 MHz:   0% 4104 MHz:   0% 4416 MHz:   0% 4512 MHz:   0%)
CPU 9 idle residency:   3.79%
CPU 9 down residency:  96.21%
CPU 10 frequency: 0 MHz
CPU 10 active residency:   0.00% (1260 MHz:   0% 1512 MHz:   0% 1800 MHz:   0% 2088 MHz:   0% 2352 MHz:   0% 2616 MHz:   0% 2868 MHz:   0% 3096 MHz:   0% 3300 MHz:   0% 3468 MHz:   0% 3624 MHz:   0% 3756 MHz:   0% 3852 MHz:   0% 3924 MHz:   0% 3996 MHz:   0% 4044 MHz:   0% 4104 MHz:   0% 4416 MHz:   0% 4512 MHz:   0%)
CPU 10 idle residency:   3.81%
CPU 10 down residency:  96.19%
CPU 11 frequency: 0 MHz
CPU 11 active residency:   0.00% (1260 MHz:   0% 1512 MHz:   0% 1800 MHz:   0% 2088 MHz:   0% 2352 MHz:   0% 2616 MHz:   0% 2868 MHz:   0% 3096 MHz:   0% 3300 MHz:   0% 3468 MHz:   0% 3624 MHz:   0% 3756 MHz:   0% 3852 MHz:   0% 3924 MHz:   0% 3996 MHz:   0% 4044 MHz:   0% 4104 MHz:   0% 4416 MHz:   0% 4512 MHz:   0%)
CPU 11 idle residency:   3.82%
CPU 11 down residency:  96.18%

CPU Power: 5126 mW
GPU Power: 49 mW
ANE Power: 0 mW
Combined Power (CPU + GPU + ANE): 5174 mW


*** Sampled system activity (Tue Sep 29 16:59:39 2026 -0300) (513.73ms elapsed) ***


**** Processor usage ****

E-Cluster Online: 100%
E-Cluster HW active frequency: 1152 MHz
E-Cluster HW active residency:  30.42% (1020 MHz:  23% 1404 MHz: 6.2% 1788 MHz: .37% 2112 MHz:   0% 2352 MHz:   0% 2532 MHz:   0% 2592 MHz: .85%)
E-Cluster idle residency:  69.58%
E-Cluster down residency:   0.00%
CPU 0 frequency: 1134 MHz
CPU 0 active residency:  19.12% (1020 MHz:  15% 1404 MHz: 3.9% 1788 MHz: .30% 2112 MHz:   0% 2352 MHz:   0% 2532 MHz:   0% 2592 MHz: .29%)
CPU 0 idle residency:  80.88%
CPU 0 down residency:   0.00%
CPU 1 frequency: 1115 MHz
CPU 1 active residency:  15.06% (1020 MHz:  12% 1404 MHz: 2.6% 1788 MHz: .17% 2112 MHz:   0% 2352 MHz:   0% 2532 MHz:   0% 2592 MHz: .18%)
CPU 1 idle residency:  84.94%
CPU 1 down residency:   0.00%
CPU 2 frequency: 1152 MHz
CPU 2 active residency:  10.52% (1020 MHz: 8.1% 1404 MHz: 2.0% 1788 MHz: .14% 2112 MHz:   0% 2352 MHz:   0% 2532 MHz:   0% 2592 MHz: .34%)
CPU 2 idle residency:  89.48%
CPU 2 down residency:   0.00%
CPU 3 frequency: 1208 MHz
CPU 3 active residency:   5.44% (1020 MHz: 3.4% 1404 MHz: 1.8% 1788 MHz: .05% 2112 MHz:   0% 2352 MHz:   0% 2532 MHz:   0% 2592 MHz: .20%)
CPU 3 idle residency:  94.56%
CPU 3 down residency:   0.00%

P0-Cluster Online: 100%
P0-Cluster HW active frequency: 4435 MHz
P0-Cluster HW active residency: 100.00% (1260 MHz:   0% 1512 MHz:   0% 1800 MHz:   0% 2088 MHz:   0% 2352 MHz:   0% 2616 MHz:   0% 2868 MHz:   0% 3096 MHz:   0% 3300 MHz:   0% 3468 MHz:   0% 3624 MHz:   0% 3756 MHz:   0% 3852 MHz:   0% 3924 MHz: .86% 3996 MHz: .22% 4044 MHz:  14% 4104 MHz:   0% 4416 MHz: 4.8% 4512 MHz:  80%)
P0-Cluster idle residency:   0.00%
P0-Cluster down residency:   0.00%
CPU 4 frequency: 4512 MHz
CPU 4 active residency:  25.30% (1260 MHz:   0% 1512 MHz:   0% 1800 MHz:   0% 2088 MHz:   0% 2352 MHz:   0% 2616 MHz:   0% 2868 MHz:   0% 3096 MHz:   0% 3300 MHz:   0% 3468 MHz:   0% 3624 MHz:   0% 3756 MHz:   0% 3852 MHz:   0% 3924 MHz:   0% 3996 MHz:   0% 4044 MHz:   0% 4104 MHz:   0% 4416 MHz:   0% 4512 MHz:  25%)
CPU 4 idle residency:  74.70%
CPU 4 down residency:   0.00%
CPU 5 frequency: 4512 MHz
CPU 5 active residency:  24.25% (1260 MHz:   0% 1512 MHz:   0% 1800 MHz:   0% 2088 MHz:   0% 2352 MHz:   0% 2616 MHz:   0% 2868 MHz:   0% 3096 MHz:   0% 3300 MHz:   0% 3468 MHz:   0% 3624 MHz:   0% 3756 MHz:   0% 3852 MHz:   0% 3924 MHz:   0% 3996 MHz:   0% 4044 MHz:   0% 4104 MHz:   0% 4416 MHz:   0% 4512 MHz:  24%)
CPU 5 idle residency:  75.75%
CPU 5 down residency:   0.00%
CPU 6 frequency: 4512 MHz
CPU 6 active residency:  33.60% (1260 MHz:   0% 1512 MHz:   0% 1800 MHz:   0% 2088 MHz:   0% 2352 MHz:   0% 2616 MHz:   0% 2868 MHz:   0% 3096 MHz:   0% 3300 MHz:   0% 3468 MHz:   0% 3624 MHz:   0% 3756 MHz:   0% 3852 MHz:   0% 3924 MHz:   0% 3996 MHz:   0% 4044 MHz:   0% 4104 MHz:   0% 4416 MHz:   0% 4512 MHz:  34%)
CPU 6 idle residency:  66.40%
CPU 6 down residency:   0.00%
CPU 7 frequency: 4512 MHz
CPU 7 active residency:  23.17% (1260 MHz:   0% 1512 MHz:   0% 1800 MHz:   0% 2088 MHz:   0% 2352 MHz:   0% 2616 MHz:   0% 2868 MHz:   0% 3096 MHz:   0% 3300 MHz:   0% 3468 MHz:   0% 3624 MHz:   0% 3756 MHz:   0% 3852 MHz:   0% 3924 MHz:   0% 3996 MHz:   0% 4044 MHz:   0% 4104 MHz:   0% 4416 MHz:   0% 4512 MHz:  23%)
CPU 7 idle residency:  76.83%
CPU 7 down residency:   0.00%

P1-Cluster HW active frequency: 1260 MHz
P1-Cluster HW active residency:   1.02% (1260 MHz: 1.0% 1512 MHz:   0% 1800 MHz:   0% 2088 MHz:   0% 2352 MHz:   0% 2616 MHz:   0% 2868 MHz:   0% 3096 MHz:   0% 3300 MHz:   0% 3468 MHz:   0% 3624 MHz:   0% 3756 MHz:   0% 3852 MHz:   0% 3924 MHz:   0% 3996 MHz:   0% 4044 MHz:   0% 4104 MHz:   0% 4416 MHz:   0% 4512 MHz:   0%)
P1-Cluster idle residency:   5.51%
P1-Cluster down residency:  93.47%
CPU 8 frequency: 2906 MHz
CPU 8 active residency:   5.62% (1260 MHz: 2.6% 1512 MHz: .18% 1800 MHz:   0% 2088 MHz:   0% 2352 MHz:   0% 2616 MHz:   0% 2868 MHz:   0% 3096 MHz:   0% 3300 MHz:   0% 3468 MHz:   0% 3624 MHz:   0% 3756 MHz:   0% 3852 MHz:   0% 3924 MHz:   0% 3996 MHz:   0% 4044 MHz:   0% 4104 MHz:   0% 4416 MHz:   0% 4512 MHz: 2.8%)
CPU 8 idle residency:   5.90%
CPU 8 down residency:  88.47%
CPU 9 frequency: 2866 MHz
CPU 9 active residency:   5.29% (1260 MHz: 2.5% 1512 MHz: .19% 1800 MHz:   0% 2088 MHz:   0% 2352 MHz:   0% 2616 MHz:   0% 2868 MHz:   0% 3096 MHz:   0% 3300 MHz:   0% 3468 MHz:   0% 3624 MHz:   0% 3756 MHz:   0% 3852 MHz:   0% 3924 MHz:   0% 3996 MHz:   0% 4044 MHz:   0% 4104 MHz:   0% 4416 MHz:   0% 4512 MHz: 2.6%)
CPU 9 idle residency:   5.93%
CPU 9 down residency:  88.78%
CPU 10 frequency: 2763 MHz
CPU 10 active residency:   4.87% (1260 MHz: 2.5% 1512 MHz: .15% 1800 MHz:   0% 2088 MHz:   0% 2352 MHz:   0% 2616 MHz:   0% 2868 MHz:   0% 3096 MHz:   0% 3300 MHz:   0% 3468 MHz:   0% 3624 MHz:   0% 3756 MHz:   0% 3852 MHz:   0% 3924 MHz:   0% 3996 MHz:   0% 4044 MHz:   0% 4104 MHz:   0% 4416 MHz:   0% 4512 MHz: 2.2%)
CPU 10 idle residency:   5.96%
CPU 10 down residency:  89.17%
CPU 11 frequency: 2646 MHz
CPU 11 active residency:   4.88% (1260 MHz: 2.4% 1512 MHz: .41% 1800 MHz:   0% 2088 MHz:   0% 2352 MHz:   0% 2616 MHz:   0% 2868 MHz:   0% 3096 MHz:   0% 3300 MHz:   0% 3468 MHz:   0% 3624 MHz:   0% 3756 MHz:   0% 3852 MHz:   0% 3924 MHz:   0% 3996 MHz:   0% 4044 MHz:   0% 4104 MHz:   0% 4416 MHz:   0% 4512 MHz: 2.0%)
CPU 11 idle residency:   5.96%
CPU 11 down residency:  89.17%

CPU Power: 4993 mW
GPU Power: 4 mW
ANE Power: 0 mW
Combined Power (CPU + GPU + ANE): 4997 mW


*** Sampled system activity (Tue Sep 29 16:59:39 2026 -0300) (514.44ms elapsed) ***


**** Processor usage ****

E-Cluster Online: 100%
E-Cluster HW active frequency: 1097 MHz
E-Cluster HW active residency:  15.75% (1020 MHz:  14% 1404 MHz: .77% 1788 MHz: .66% 2112 MHz:   0% 2352 MHz: .07% 2532 MHz:   0% 2592 MHz: .20%)
E-Cluster idle residency:  84.25%
E-Cluster down residency:   0.00%
CPU 0 frequency: 1098 MHz
CPU 0 active residency:   7.86% (1020 MHz: 6.9% 1404 MHz: .44% 1788 MHz: .39% 2112 MHz:   0% 2352 MHz: .04% 2532 MHz:   0% 2592 MHz: .06%)
CPU 0 idle residency:  92.14%
CPU 0 down residency:   0.00%
CPU 1 frequency: 1099 MHz
CPU 1 active residency:   7.13% (1020 MHz: 6.2% 1404 MHz: .44% 1788 MHz: .38% 2112 MHz:   0% 2352 MHz: .05% 2532 MHz:   0% 2592 MHz: .02%)
CPU 1 idle residency:  92.87%
CPU 1 down residency:   0.00%
CPU 2 frequency: 1076 MHz
CPU 2 active residency:   2.11% (1020 MHz: 2.0% 1404 MHz: .03% 1788 MHz: .03% 2112 MHz:   0% 2352 MHz: .05% 2532 MHz:   0% 2592 MHz: .01%)
CPU 2 idle residency:  97.89%
CPU 2 down residency:   0.00%
CPU 3 frequency: 1056 MHz
CPU 3 active residency:   2.01% (1020 MHz: 2.0% 1404 MHz:   0% 1788 MHz: .02% 2112 MHz:   0% 2352 MHz: .04% 2532 MHz:   0% 2592 MHz: .00%)
CPU 3 idle residency:  97.99%
CPU 3 down residency:   0.00%

P0-Cluster Online: 100%
P0-Cluster HW active frequency: 4450 MHz
P0-Cluster HW active residency: 100.00% (1260 MHz:   0% 1512 MHz:   0% 1800 MHz:   0% 2088 MHz:   0% 2352 MHz:   0% 2616 MHz:   0% 2868 MHz:   0% 3096 MHz:   0% 3300 MHz:   0% 3468 MHz:   0% 3624 MHz:   0% 3756 MHz:   0% 3852 MHz:   0% 3924 MHz: .73% 3996 MHz: .13% 4044 MHz:  11% 4104 MHz:   0% 4416 MHz: 4.2% 4512 MHz:  84%)
P0-Cluster idle residency:   0.00%
P0-Cluster down residency:   0.00%
CPU 4 frequency: 4512 MHz
CPU 4 active residency:  22.45% (1260 MHz:   0% 1512 MHz:   0% 1800 MHz:   0% 2088 MHz:   0% 2352 MHz:   0% 2616 MHz:   0% 2868 MHz:   0% 3096 MHz:   0% 3300 MHz:   0% 3468 MHz:   0% 3624 MHz:   0% 3756 MHz:   0% 3852 MHz:   0% 3924 MHz:   0% 3996 MHz:   0% 4044 MHz:   0% 4104 MHz:   0% 4416 MHz:   0% 4512 MHz:  22%)
CPU 4 idle residency:  77.55%
CPU 4 down residency:   0.00%
CPU 5 frequency: 4512 MHz
CPU 5 active residency:  24.97% (1260 MHz:   0% 1512 MHz:   0% 1800 MHz:   0% 2088 MHz:   0% 2352 MHz:   0% 2616 MHz:   0% 2868 MHz:   0% 3096 MHz:   0% 3300 MHz:   0% 3468 MHz:   0% 3624 MHz:   0% 3756 MHz:   0% 3852 MHz:   0% 3924 MHz:   0% 3996 MHz:   0% 4044 MHz:   0% 4104 MHz:   0% 4416 MHz:   0% 4512 MHz:  25%)
CPU 5 idle residency:  75.03%
CPU 5 down residency:   0.00%
CPU 6 frequency: 4512 MHz
CPU 6 active residency:  23.79% (1260 MHz:   0% 1512 MHz:   0% 1800 MHz:   0% 2088 MHz:   0% 2352 MHz:   0% 2616 MHz:   0% 2868 MHz:   0% 3096 MHz:   0% 3300 MHz:   0% 3468 MHz:   0% 3624 MHz:   0% 3756 MHz:   0% 3852 MHz:   0% 3924 MHz:   0% 3996 MHz:   0% 4044 MHz:   0% 4104 MHz:   0% 4416 MHz:   0% 4512 MHz:  24%)
CPU 6 idle residency:  76.21%
CPU 6 down residency:   0.00%
CPU 7 frequency: 4512 MHz
CPU 7 active residency:  34.16% (1260 MHz:   0% 1512 MHz:   0% 1800 MHz:   0% 2088 MHz:   0% 2352 MHz:   0% 2616 MHz:   0% 2868 MHz:   0% 3096 MHz:   0% 3300 MHz:   0% 3468 MHz:   0% 3624 MHz:   0% 3756 MHz:   0% 3852 MHz:   0% 3924 MHz:   0% 3996 MHz:   0% 4044 MHz:   0% 4104 MHz:   0% 4416 MHz:   0% 4512 MHz:  34%)
CPU 7 idle residency:  65.84%
CPU 7 down residency:   0.00%

P1-Cluster HW active frequency: 3093 MHz
P1-Cluster HW active residency:   0.93% (1260 MHz: .40% 1512 MHz:   0% 1800 MHz:   0% 2088 MHz:   0% 2352 MHz:   0% 2616 MHz:   0% 2868 MHz:   0% 3096 MHz:   0% 3300 MHz:   0% 3468 MHz:   0% 3624 MHz:   0% 3756 MHz:   0% 3852 MHz:   0% 3924 MHz: .01% 3996 MHz:   0% 4044 MHz:   0% 4104 MHz:   0% 4416 MHz: .01% 4512 MHz: .50%)
P1-Cluster idle residency:   0.61%
P1-Cluster down residency:  98.46%
CPU 8 frequency: 0 MHz
CPU 8 active residency:   0.00% (1260 MHz:   0% 1512 MHz:   0% 1800 MHz:   0% 2088 MHz:   0% 2352 MHz:   0% 2616 MHz:   0% 2868 MHz:   0% 3096 MHz:   0% 3300 MHz:   0% 3468 MHz:   0% 3624 MHz:   0% 3756 MHz:   0% 3852 MHz:   0% 3924 MHz:   0% 3996 MHz:   0% 4044 MHz:   0% 4104 MHz:   0% 4416 MHz:   0% 4512 MHz:   0%)
CPU 8 idle residency:   1.43%
CPU 8 down residency:  98.57%
CPU 9 frequency: 0 MHz
CPU 9 active residency:   0.00% (1260 MHz:   0% 1512 MHz:   0% 1800 MHz:   0% 2088 MHz:   0% 2352 MHz:   0% 2616 MHz:   0% 2868 MHz:   0% 3096 MHz:   0% 3300 MHz:   0% 3468 MHz:   0% 3624 MHz:   0% 3756 MHz:   0% 3852 MHz:   0% 3924 MHz:   0% 3996 MHz:   0% 4044 MHz:   0% 4104 MHz:   0% 4416 MHz:   0% 4512 MHz:   0%)
CPU 9 idle residency:   1.23%
CPU 9 down residency:  98.77%
CPU 10 frequency: 0 MHz
CPU 10 active residency:   0.00% (1260 MHz:   0% 1512 MHz:   0% 1800 MHz:   0% 2088 MHz:   0% 2352 MHz:   0% 2616 MHz:   0% 2868 MHz:   0% 3096 MHz:   0% 3300 MHz:   0% 3468 MHz:   0% 3624 MHz:   0% 3756 MHz:   0% 3852 MHz:   0% 3924 MHz:   0% 3996 MHz:   0% 4044 MHz:   0% 4104 MHz:   0% 4416 MHz:   0% 4512 MHz:   0%)
CPU 10 idle residency:   1.49%
CPU 10 down residency:  98.51%
CPU 11 frequency: 0 MHz
CPU 11 active residency:   0.00% (1260 MHz:   0% 1512 MHz:   0% 1800 MHz:   0% 2088 MHz:   0% 2352 MHz:   0% 2616 MHz:   0% 2868 MHz:   0% 3096 MHz:   0% 3300 MHz:   0% 3468 MHz:   0% 3624 MHz:   0% 3756 MHz:   0% 3852 MHz:   0% 3924 MHz:   0% 3996 MHz:   0% 4044 MHz:   0% 4104 MHz:   0% 4416 MHz:   0% 4512 MHz:   0%)
CPU 11 idle residency:   1.49%
CPU 11 down residency:  98.51%

CPU Power: 4992 mW
GPU Power: 0 mW
ANE Power: 0 mW
Combined Power (CPU + GPU + ANE): 4992 mW


*** Sampled system activity (Tue Sep 29 16:59:40 2026 -0300) (513.72ms elapsed) ***


**** Processor usage ****

E-Cluster Online: 100%
E-Cluster HW active frequency: 1081 MHz
E-Cluster HW active residency:  15.60% (1020 MHz:  14% 1404 MHz: 1.0% 1788 MHz: .71% 2112 MHz:   0% 2352 MHz:   0% 2532 MHz:   0% 2592 MHz: .02%)
E-Cluster idle residency:  84.40%
E-Cluster down residency:   0.00%
CPU 0 frequency: 1121 MHz
CPU 0 active residency:   8.85% (1020 MHz: 7.2% 1404 MHz: 1.0% 1788 MHz: .67% 2112 MHz:   0% 2352 MHz:   0% 2532 MHz:   0% 2592 MHz: .00%)
CPU 0 idle residency:  91.15%
CPU 0 down residency:   0.00%
CPU 1 frequency: 1034 MHz
CPU 1 active residency:   6.72% (1020 MHz: 6.6% 1404 MHz: .08% 1788 MHz: .06% 2112 MHz:   0% 2352 MHz:   0% 2532 MHz:   0% 2592 MHz: .01%)
CPU 1 idle residency:  93.28%
CPU 1 down residency:   0.00%
CPU 2 frequency: 1022 MHz
CPU 2 active residency:   1.52% (1020 MHz: 1.5% 1404 MHz: .01% 1788 MHz: .00% 2112 MHz:   0% 2352 MHz:   0% 2532 MHz:   0% 2592 MHz:   0%)
CPU 2 idle residency:  98.48%
CPU 2 down residency:   0.00%
CPU 3 frequency: 1020 MHz
CPU 3 active residency:   1.33% (1020 MHz: 1.3% 1404 MHz:   0% 1788 MHz:   0% 2112 MHz:   0% 2352 MHz:   0% 2532 MHz:   0% 2592 MHz:   0%)
CPU 3 idle residency:  98.67%
CPU 3 down residency:   0.00%

P0-Cluster Online: 95%
P0-Cluster HW active frequency: 4427 MHz
P0-Cluster HW active residency:  97.50% (1260 MHz:   0% 1512 MHz:   0% 1800 MHz:   0% 2088 MHz:   0% 2352 MHz:   0% 2616 MHz:   0% 2868 MHz:   0% 3096 MHz:   0% 3300 MHz:   0% 3468 MHz:   0% 3624 MHz:   0% 3756 MHz:   0% 3852 MHz:   0% 3924 MHz: .27% 3996 MHz: .30% 4044 MHz:  17% 4104 MHz:   0% 4416 MHz: 2.4% 4512 MHz:  78%)
P0-Cluster idle residency:   0.00%
P0-Cluster down residency:   2.50%
CPU 4 frequency: 4512 MHz
CPU 4 active residency:   1.58% (1260 MHz:   0% 1512 MHz:   0% 1800 MHz:   0% 2088 MHz:   0% 2352 MHz:   0% 2616 MHz:   0% 2868 MHz:   0% 3096 MHz:   0% 3300 MHz:   0% 3468 MHz:   0% 3624 MHz:   0% 3756 MHz:   0% 3852 MHz:   0% 3924 MHz:   0% 3996 MHz:   0% 4044 MHz:   0% 4104 MHz:   0% 4416 MHz:   0% 4512 MHz: 1.6%)
CPU 4 idle residency:  95.24%
CPU 4 down residency:   3.19%
CPU 5 frequency: 4512 MHz
CPU 5 active residency:   0.02% (1260 MHz:   0% 1512 MHz:   0% 1800 MHz:   0% 2088 MHz:   0% 2352 MHz:   0% 2616 MHz:   0% 2868 MHz:   0% 3096 MHz:   0% 3300 MHz:   0% 3468 MHz:   0% 3624 MHz:   0% 3756 MHz:   0% 3852 MHz:   0% 3924 MHz:   0% 3996 MHz:   0% 4044 MHz:   0% 4104 MHz:   0% 4416 MHz:   0% 4512 MHz: .02%)
CPU 5 idle residency:  96.23%
CPU 5 down residency:   3.75%
CPU 6 frequency: 4512 MHz
CPU 6 active residency:   0.00% (1260 MHz:   0% 1512 MHz:   0% 1800 MHz:   0% 2088 MHz:   0% 2352 MHz:   0% 2616 MHz:   0% 2868 MHz:   0% 3096 MHz:   0% 3300 MHz:   0% 3468 MHz:   0% 3624 MHz:   0% 3756 MHz:   0% 3852 MHz:   0% 3924 MHz:   0% 3996 MHz:   0% 4044 MHz:   0% 4104 MHz:   0% 4416 MHz:   0% 4512 MHz: .00%)
CPU 6 idle residency:  96.66%
CPU 6 down residency:   3.34%
CPU 7 frequency: 4512 MHz
CPU 7 active residency:   1.62% (1260 MHz:   0% 1512 MHz:   0% 1800 MHz:   0% 2088 MHz:   0% 2352 MHz:   0% 2616 MHz:   0% 2868 MHz:   0% 3096 MHz:   0% 3300 MHz:   0% 3468 MHz:   0% 3624 MHz:   0% 3756 MHz:   0% 3852 MHz:   0% 3924 MHz:   0% 3996 MHz:   0% 4044 MHz:   0% 4104 MHz:   0% 4416 MHz:   0% 4512 MHz: 1.6%)
CPU 7 idle residency:  95.10%
CPU 7 down residency:   3.28%

P1-Cluster HW active frequency: 4408 MHz
P1-Cluster HW active residency:   2.56% (1260 MHz: .06% 1512 MHz:   0% 1800 MHz:   0% 2088 MHz:   0% 2352 MHz:   0% 2616 MHz:   0% 2868 MHz:   0% 3096 MHz:   0% 3300 MHz:   0% 3468 MHz:   0% 3624 MHz:   0% 3756 MHz:   0% 3852 MHz:   0% 3924 MHz: .01% 3996 MHz:   0% 4044 MHz:   0% 4104 MHz:   0% 4416 MHz: .72% 4512 MHz: 1.8%)
P1-Cluster idle residency:   0.05%
P1-Cluster down residency:  97.38%
CPU 8 frequency: 4136 MHz
CPU 8 active residency:   2.94% (1260 MHz: .34% 1512 MHz:   0% 1800 MHz:   0% 2088 MHz:   0% 2352 MHz:   0% 2616 MHz:   0% 2868 MHz:   0% 3096 MHz:   0% 3300 MHz:   0% 3468 MHz:   0% 3624 MHz:   0% 3756 MHz:   0% 3852 MHz:   0% 3924 MHz:   0% 3996 MHz:   0% 4044 MHz:   0% 4104 MHz:   0% 4416 MHz:   0% 4512 MHz: 2.6%)
CPU 8 idle residency:   0.01%
CPU 8 down residency:  97.05%
CPU 9 frequency: 3742 MHz
CPU 9 active residency:   1.35% (1260 MHz: .32% 1512 MHz:   0% 1800 MHz:   0% 2088 MHz:   0% 2352 MHz:   0% 2616 MHz:   0% 2868 MHz:   0% 3096 MHz:   0% 3300 MHz:   0% 3468 MHz:   0% 3624 MHz:   0% 3756 MHz:   0% 3852 MHz:   0% 3924 MHz:   0% 3996 MHz:   0% 4044 MHz:   0% 4104 MHz:   0% 4416 MHz:   0% 4512 MHz: 1.0%)
CPU 9 idle residency:   1.81%
CPU 9 down residency:  96.84%
CPU 10 frequency: 1456 MHz
CPU 10 active residency:   0.33% (1260 MHz: .31% 1512 MHz:   0% 1800 MHz:   0% 2088 MHz:   0% 2352 MHz:   0% 2616 MHz:   0% 2868 MHz:   0% 3096 MHz:   0% 3300 MHz:   0% 3468 MHz:   0% 3624 MHz:   0% 3756 MHz:   0% 3852 MHz:   0% 3924 MHz:   0% 3996 MHz:   0% 4044 MHz:   0% 4104 MHz:   0% 4416 MHz:   0% 4512 MHz: .02%)
CPU 10 idle residency:   2.57%
CPU 10 down residency:  97.10%
CPU 11 frequency: 1337 MHz
CPU 11 active residency:   0.32% (1260 MHz: .31% 1512 MHz:   0% 1800 MHz:   0% 2088 MHz:   0% 2352 MHz:   0% 2616 MHz:   0% 2868 MHz:   0% 3096 MHz:   0% 3300 MHz:   0% 3468 MHz:   0% 3624 MHz:   0% 3756 MHz:   0% 3852 MHz:   0% 3924 MHz:   0% 3996 MHz:   0% 4044 MHz:   0% 4104 MHz:   0% 4416 MHz:   0% 4512 MHz: .01%)
CPU 11 idle residency:   2.58%
CPU 11 down residency:  97.10%

CPU Power: 4861 mW
GPU Power: 0 mW
ANE Power: 0 mW
Combined Power (CPU + GPU + ANE): 4861 mW


*** Sampled system activity (Tue Sep 29 16:59:40 2026 -0300) (515.52ms elapsed) ***


**** Processor usage ****

E-Cluster Online: 100%
E-Cluster HW active frequency: 1054 MHz
E-Cluster HW active residency:  11.00% (1020 MHz:  11% 1404 MHz:   0% 1788 MHz: .43% 2112 MHz:   0% 2352 MHz: .03% 2532 MHz:   0% 2592 MHz:   0%)
E-Cluster idle residency:  89.00%
E-Cluster down residency:   0.00%
CPU 0 frequency: 1053 MHz
CPU 0 active residency:   6.23% (1020 MHz: 6.0% 1404 MHz:   0% 1788 MHz: .24% 2112 MHz:   0% 2352 MHz: .02% 2532 MHz:   0% 2592 MHz:   0%)
CPU 0 idle residency:  93.77%
CPU 0 down residency:   0.00%
CPU 1 frequency: 1074 MHz
CPU 1 active residency:   3.93% (1020 MHz: 3.7% 1404 MHz:   0% 1788 MHz: .24% 2112 MHz:   0% 2352 MHz: .02% 2532 MHz:   0% 2592 MHz:   0%)
CPU 1 idle residency:  96.07%
CPU 1 down residency:   0.00%
CPU 2 frequency: 1037 MHz
CPU 2 active residency:   1.85% (1020 MHz: 1.8% 1404 MHz:   0% 1788 MHz: .04% 2112 MHz:   0% 2352 MHz: .00% 2532 MHz:   0% 2592 MHz:   0%)
CPU 2 idle residency:  98.15%
CPU 2 down residency:   0.00%
CPU 3 frequency: 1024 MHz
CPU 3 active residency:   0.84% (1020 MHz: .83% 1404 MHz:   0% 1788 MHz: .00% 2112 MHz:   0% 2352 MHz:   0% 2532 MHz:   0% 2592 MHz:   0%)
CPU 3 idle residency:  99.16%
CPU 3 down residency:   0.00%

P0-Cluster Online: 1%
P0-Cluster HW active frequency: 4130 MHz
P0-Cluster HW active residency:   0.14% (1260 MHz: .02% 1512 MHz:   0% 1800 MHz:   0% 2088 MHz:   0% 2352 MHz:   0% 2616 MHz:   0% 2868 MHz:   0% 3096 MHz:   0% 3300 MHz:   0% 3468 MHz:   0% 3624 MHz:   0% 3756 MHz:   0% 3852 MHz:   0% 3924 MHz: .01% 3996 MHz:   0% 4044 MHz:   0% 4104 MHz:   0% 4416 MHz: .00% 4512 MHz: .11%)
P0-Cluster idle residency:   0.90%
P0-Cluster down residency:  98.96%
CPU 4 frequency: 0 MHz
CPU 4 active residency:   0.00% (1260 MHz:   0% 1512 MHz:   0% 1800 MHz:   0% 2088 MHz:   0% 2352 MHz:   0% 2616 MHz:   0% 2868 MHz:   0% 3096 MHz:   0% 3300 MHz:   0% 3468 MHz:   0% 3624 MHz:   0% 3756 MHz:   0% 3852 MHz:   0% 3924 MHz:   0% 3996 MHz:   0% 4044 MHz:   0% 4104 MHz:   0% 4416 MHz:   0% 4512 MHz:   0%)
CPU 4 idle residency:   0.97%
CPU 4 down residency:  99.03%
CPU 5 frequency: 0 MHz
CPU 5 active residency:   0.00% (1260 MHz:   0% 1512 MHz:   0% 1800 MHz:   0% 2088 MHz:   0% 2352 MHz:   0% 2616 MHz:   0% 2868 MHz:   0% 3096 MHz:   0% 3300 MHz:   0% 3468 MHz:   0% 3624 MHz:   0% 3756 MHz:   0% 3852 MHz:   0% 3924 MHz:   0% 3996 MHz:   0% 4044 MHz:   0% 4104 MHz:   0% 4416 MHz:   0% 4512 MHz:   0%)
CPU 5 idle residency:   0.97%
CPU 5 down residency:  99.03%
CPU 6 frequency: 0 MHz
CPU 6 active residency:   0.00% (1260 MHz:   0% 1512 MHz:   0% 1800 MHz:   0% 2088 MHz:   0% 2352 MHz:   0% 2616 MHz:   0% 2868 MHz:   0% 3096 MHz:   0% 3300 MHz:   0% 3468 MHz:   0% 3624 MHz:   0% 3756 MHz:   0% 3852 MHz:   0% 3924 MHz:   0% 3996 MHz:   0% 4044 MHz:   0% 4104 MHz:   0% 4416 MHz:   0% 4512 MHz:   0%)
CPU 6 idle residency:   0.97%
CPU 6 down residency:  99.03%
CPU 7 frequency: 0 MHz
CPU 7 active residency:   0.00% (1260 MHz:   0% 1512 MHz:   0% 1800 MHz:   0% 2088 MHz:   0% 2352 MHz:   0% 2616 MHz:   0% 2868 MHz:   0% 3096 MHz:   0% 3300 MHz:   0% 3468 MHz:   0% 3624 MHz:   0% 3756 MHz:   0% 3852 MHz:   0% 3924 MHz:   0% 3996 MHz:   0% 4044 MHz:   0% 4104 MHz:   0% 4416 MHz:   0% 4512 MHz:   0%)
CPU 7 idle residency:   0.97%
CPU 7 down residency:  99.03%

P1-Cluster HW active frequency: 4454 MHz
P1-Cluster HW active residency: 100.00% (1260 MHz:   0% 1512 MHz:   0% 1800 MHz:   0% 2088 MHz:   0% 2352 MHz:   0% 2616 MHz:   0% 2868 MHz:   0% 3096 MHz:   0% 3300 MHz:   0% 3468 MHz:   0% 3624 MHz:   0% 3756 MHz:   0% 3852 MHz:   0% 3924 MHz: .31% 3996 MHz: .07% 4044 MHz:  11% 4104 MHz:   0% 4416 MHz: 3.5% 4512 MHz:  85%)
P1-Cluster idle residency:   0.00%
P1-Cluster down residency:   0.00%
CPU 8 frequency: 4512 MHz
CPU 8 active residency:  42.95% (1260 MHz:   0% 1512 MHz:   0% 1800 MHz:   0% 2088 MHz:   0% 2352 MHz:   0% 2616 MHz:   0% 2868 MHz:   0% 3096 MHz:   0% 3300 MHz:   0% 3468 MHz:   0% 3624 MHz:   0% 3756 MHz:   0% 3852 MHz:   0% 3924 MHz:   0% 3996 MHz:   0% 4044 MHz:   0% 4104 MHz:   0% 4416 MHz:   0% 4512 MHz:  43%)
CPU 8 idle residency:  57.05%
CPU 8 down residency:   0.00%
CPU 9 frequency: 4512 MHz
CPU 9 active residency:  17.48% (1260 MHz:   0% 1512 MHz:   0% 1800 MHz:   0% 2088 MHz:   0% 2352 MHz:   0% 2616 MHz:   0% 2868 MHz:   0% 3096 MHz:   0% 3300 MHz:   0% 3468 MHz:   0% 3624 MHz:   0% 3756 MHz:   0% 3852 MHz:   0% 3924 MHz:   0% 3996 MHz:   0% 4044 MHz:   0% 4104 MHz:   0% 4416 MHz:   0% 4512 MHz:  17%)
CPU 9 idle residency:  82.52%
CPU 9 down residency:   0.00%
CPU 10 frequency: 4512 MHz
CPU 10 active residency:  21.78% (1260 MHz:   0% 1512 MHz:   0% 1800 MHz:   0% 2088 MHz:   0% 2352 MHz:   0% 2616 MHz:   0% 2868 MHz:   0% 3096 MHz:   0% 3300 MHz:   0% 3468 MHz:   0% 3624 MHz:   0% 3756 MHz:   0% 3852 MHz:   0% 3924 MHz:   0% 3996 MHz:   0% 4044 MHz:   0% 4104 MHz:   0% 4416 MHz:   0% 4512 MHz:  22%)
CPU 10 idle residency:  78.22%
CPU 10 down residency:   0.00%
CPU 11 frequency: 4512 MHz
CPU 11 active residency:  21.49% (1260 MHz:   0% 1512 MHz:   0% 1800 MHz:   0% 2088 MHz:   0% 2352 MHz:   0% 2616 MHz:   0% 2868 MHz:   0% 3096 MHz:   0% 3300 MHz:   0% 3468 MHz:   0% 3624 MHz:   0% 3756 MHz:   0% 3852 MHz:   0% 3924 MHz:   0% 3996 MHz:   0% 4044 MHz:   0% 4104 MHz:   0% 4416 MHz:   0% 4512 MHz:  21%)
CPU 11 idle residency:  78.51%
CPU 11 down residency:   0.00%

CPU Power: 4927 mW
GPU Power: 0 mW
ANE Power: 0 mW
Combined Power (CPU + GPU + ANE): 4927 mW


*** Sampled system activity (Tue Sep 29 16:59:41 2026 -0300) (514.55ms elapsed) ***


**** Processor usage ****

E-Cluster Online: 100%
E-Cluster HW active frequency: 1335 MHz
E-Cluster HW active residency:  24.00% (1020 MHz:  16% 1404 MHz: 2.5% 1788 MHz: 2.7% 2112 MHz: .77% 2352 MHz: .48% 2532 MHz: 1.2% 2592 MHz: .85%)
E-Cluster idle residency:  76.00%
E-Cluster down residency:   0.00%
CPU 0 frequency: 1441 MHz
CPU 0 active residency:  13.98% (1020 MHz: 7.6% 1404 MHz: 1.5% 1788 MHz: 2.2% 2112 MHz: .77% 2352 MHz: .35% 2532 MHz: 1.0% 2592 MHz: .44%)
CPU 0 idle residency:  86.02%
CPU 0 down residency:   0.00%
CPU 1 frequency: 1241 MHz
CPU 1 active residency:   8.15% (1020 MHz: 6.0% 1404 MHz: .81% 1788 MHz: .64% 2112 MHz: .03% 2352 MHz: .24% 2532 MHz: .25% 2592 MHz: .17%)
CPU 1 idle residency:  91.85%
CPU 1 down residency:   0.00%
CPU 2 frequency: 1362 MHz
CPU 2 active residency:   2.60% (1020 MHz: 1.7% 1404 MHz: .20% 1788 MHz: .27% 2112 MHz:   0% 2352 MHz: .15% 2532 MHz: .08% 2592 MHz: .17%)
CPU 2 idle residency:  97.40%
CPU 2 down residency:   0.00%
CPU 3 frequency: 1256 MHz
CPU 3 active residency:   2.61% (1020 MHz: 1.8% 1404 MHz: .42% 1788 MHz: .11% 2112 MHz:   0% 2352 MHz: .01% 2532 MHz: .02% 2592 MHz: .20%)
CPU 3 idle residency:  97.39%
CPU 3 down residency:   0.00%

P0-Cluster Online: 5%
P0-Cluster HW active frequency: 4026 MHz
P0-Cluster HW active residency:   1.35% (1260 MHz: .19% 1512 MHz:   0% 1800 MHz:   0% 2088 MHz:   0% 2352 MHz:   0% 2616 MHz:   0% 2868 MHz:   0% 3096 MHz:   0% 3300 MHz:   0% 3468 MHz:   0% 3624 MHz:   0% 3756 MHz:   0% 3852 MHz:   0% 3924 MHz: .05% 3996 MHz:   0% 4044 MHz:   0% 4104 MHz:   0% 4416 MHz: .06% 4512 MHz: 1.0%)
P0-Cluster idle residency:   2.28%
P0-Cluster down residency:  96.37%
CPU 4 frequency: 0 MHz
CPU 4 active residency:   0.00% (1260 MHz:   0% 1512 MHz:   0% 1800 MHz:   0% 2088 MHz:   0% 2352 MHz:   0% 2616 MHz:   0% 2868 MHz:   0% 3096 MHz:   0% 3300 MHz:   0% 3468 MHz:   0% 3624 MHz:   0% 3756 MHz:   0% 3852 MHz:   0% 3924 MHz:   0% 3996 MHz:   0% 4044 MHz:   0% 4104 MHz:   0% 4416 MHz:   0% 4512 MHz:   0%)
CPU 4 idle residency:   2.88%
CPU 4 down residency:  97.12%
CPU 5 frequency: 0 MHz
CPU 5 active residency:   0.00% (1260 MHz:   0% 1512 MHz:   0% 1800 MHz:   0% 2088 MHz:   0% 2352 MHz:   0% 2616 MHz:   0% 2868 MHz:   0% 3096 MHz:   0% 3300 MHz:   0% 3468 MHz:   0% 3624 MHz:   0% 3756 MHz:   0% 3852 MHz:   0% 3924 MHz:   0% 3996 MHz:   0% 4044 MHz:   0% 4104 MHz:   0% 4416 MHz:   0% 4512 MHz:   0%)
CPU 5 idle residency:   3.40%
CPU 5 down residency:  96.60%
CPU 6 frequency: 0 MHz
CPU 6 active residency:   0.00% (1260 MHz:   0% 1512 MHz:   0% 1800 MHz:   0% 2088 MHz:   0% 2352 MHz:   0% 2616 MHz:   0% 2868 MHz:   0% 3096 MHz:   0% 3300 MHz:   0% 3468 MHz:   0% 3624 MHz:   0% 3756 MHz:   0% 3852 MHz:   0% 3924 MHz:   0% 3996 MHz:   0% 4044 MHz:   0% 4104 MHz:   0% 4416 MHz:   0% 4512 MHz:   0%)
CPU 6 idle residency:   3.38%
CPU 6 down residency:  96.62%
CPU 7 frequency: 0 MHz
CPU 7 active residency:   0.00% (1260 MHz:   0% 1512 MHz:   0% 1800 MHz:   0% 2088 MHz:   0% 2352 MHz:   0% 2616 MHz:   0% 2868 MHz:   0% 3096 MHz:   0% 3300 MHz:   0% 3468 MHz:   0% 3624 MHz:   0% 3756 MHz:   0% 3852 MHz:   0% 3924 MHz:   0% 3996 MHz:   0% 4044 MHz:   0% 4104 MHz:   0% 4416 MHz:   0% 4512 MHz:   0%)
CPU 7 idle residency:   3.40%
CPU 7 down residency:  96.60%

P1-Cluster HW active frequency: 4446 MHz
P1-Cluster HW active residency:  99.62% (1260 MHz: .02% 1512 MHz:   0% 1800 MHz:   0% 2088 MHz:   0% 2352 MHz:   0% 2616 MHz:   0% 2868 MHz:   0% 3096 MHz:   0% 3300 MHz:   0% 3468 MHz:   0% 3624 MHz:   0% 3756 MHz:   0% 3852 MHz:   0% 3924 MHz: 1.2% 3996 MHz: .38% 4044 MHz:  11% 4104 MHz:   0% 4416 MHz: 5.9% 4512 MHz:  81%)
P1-Cluster idle residency:   0.38%
P1-Cluster down residency:   0.00%
CPU 8 frequency: 4512 MHz
CPU 8 active residency:  24.81% (1260 MHz:   0% 1512 MHz:   0% 1800 MHz:   0% 2088 MHz:   0% 2352 MHz:   0% 2616 MHz:   0% 2868 MHz:   0% 3096 MHz:   0% 3300 MHz:   0% 3468 MHz:   0% 3624 MHz:   0% 3756 MHz:   0% 3852 MHz:   0% 3924 MHz:   0% 3996 MHz:   0% 4044 MHz:   0% 4104 MHz:   0% 4416 MHz:   0% 4512 MHz:  25%)
CPU 8 idle residency:  75.19%
CPU 8 down residency:   0.00%
CPU 9 frequency: 4512 MHz
CPU 9 active residency:  30.03% (1260 MHz: .00% 1512 MHz:   0% 1800 MHz:   0% 2088 MHz:   0% 2352 MHz:   0% 2616 MHz:   0% 2868 MHz:   0% 3096 MHz:   0% 3300 MHz:   0% 3468 MHz:   0% 3624 MHz:   0% 3756 MHz:   0% 3852 MHz:   0% 3924 MHz:   0% 3996 MHz:   0% 4044 MHz:   0% 4104 MHz:   0% 4416 MHz:   0% 4512 MHz:  30%)
CPU 9 idle residency:  69.97%
CPU 9 down residency:   0.00%
CPU 10 frequency: 4512 MHz
CPU 10 active residency:  27.50% (1260 MHz:   0% 1512 MHz:   0% 1800 MHz:   0% 2088 MHz:   0% 2352 MHz:   0% 2616 MHz:   0% 2868 MHz:   0% 3096 MHz:   0% 3300 MHz:   0% 3468 MHz:   0% 3624 MHz:   0% 3756 MHz:   0% 3852 MHz:   0% 3924 MHz:   0% 3996 MHz:   0% 4044 MHz:   0% 4104 MHz:   0% 4416 MHz:   0% 4512 MHz:  27%)
CPU 10 idle residency:  72.50%
CPU 10 down residency:   0.00%
CPU 11 frequency: 4510 MHz
CPU 11 active residency:  25.49% (1260 MHz: .01% 1512 MHz:   0% 1800 MHz:   0% 2088 MHz:   0% 2352 MHz:   0% 2616 MHz:   0% 2868 MHz:   0% 3096 MHz:   0% 3300 MHz:   0% 3468 MHz:   0% 3624 MHz:   0% 3756 MHz:   0% 3852 MHz:   0% 3924 MHz:   0% 3996 MHz:   0% 4044 MHz:   0% 4104 MHz:   0% 4416 MHz:   0% 4512 MHz:  25%)
CPU 11 idle residency:  74.51%
CPU 11 down residency:   0.00%

CPU Power: 5090 mW
GPU Power: 0 mW
ANE Power: 0 mW
Combined Power (CPU + GPU + ANE): 5090 mW


*** Sampled system activity (Tue Sep 29 16:59:41 2026 -0300) (514.83ms elapsed) ***


**** Processor usage ****

E-Cluster Online: 100%
E-Cluster HW active frequency: 1389 MHz
E-Cluster HW active residency:  48.29% (1020 MHz:  29% 1404 MHz: 5.1% 1788 MHz: 7.0% 2112 MHz: 2.4% 2352 MHz: 1.1% 2532 MHz: 2.6% 2592 MHz: 1.6%)
E-Cluster idle residency:  51.71%
E-Cluster down residency:   0.00%
CPU 0 frequency: 1450 MHz
CPU 0 active residency:  33.77% (1020 MHz:  18% 1404 MHz: 3.7% 1788 MHz: 5.8% 2112 MHz: 2.4% 2352 MHz: .47% 2532 MHz: 2.4% 2592 MHz: 1.1%)
CPU 0 idle residency:  66.23%
CPU 0 down residency:   0.00%
CPU 1 frequency: 1453 MHz
CPU 1 active residency:  25.66% (1020 MHz:  14% 1404 MHz: 3.0% 1788 MHz: 3.1% 2112 MHz: 1.9% 2352 MHz: .92% 2532 MHz: 2.1% 2592 MHz: .72%)
CPU 1 idle residency:  74.34%
CPU 1 down residency:   0.00%
CPU 2 frequency: 1401 MHz
CPU 2 active residency:  23.00% (1020 MHz:  12% 1404 MHz: 3.1% 1788 MHz: 4.2% 2112 MHz: 1.3% 2352 MHz: .35% 2532 MHz: 1.2% 2592 MHz: .40%)
CPU 2 idle residency:  77.00%
CPU 2 down residency:   0.00%
CPU 3 frequency: 1446 MHz
CPU 3 active residency:  14.19% (1020 MHz: 7.3% 1404 MHz: 1.9% 1788 MHz: 2.6% 2112 MHz: .86% 2352 MHz: .08% 2532 MHz: 1.1% 2592 MHz: .41%)
CPU 3 idle residency:  85.81%
CPU 3 down residency:   0.00%

P0-Cluster Online: 9%
P0-Cluster HW active frequency: 3043 MHz
P0-Cluster HW active residency:   2.23% (1260 MHz: 1.0% 1512 MHz:   0% 1800 MHz:   0% 2088 MHz:   0% 2352 MHz:   0% 2616 MHz:   0% 2868 MHz:   0% 3096 MHz:   0% 3300 MHz:   0% 3468 MHz:   0% 3624 MHz:   0% 3756 MHz:   0% 3852 MHz:   0% 3924 MHz: .01% 3996 MHz:   0% 4044 MHz:   0% 4104 MHz:   0% 4416 MHz: .02% 4512 MHz: 1.2%)
P0-Cluster idle residency:   4.50%
P0-Cluster down residency:  93.28%
CPU 4 frequency: 0 MHz
CPU 4 active residency:   0.00% (1260 MHz:   0% 1512 MHz:   0% 1800 MHz:   0% 2088 MHz:   0% 2352 MHz:   0% 2616 MHz:   0% 2868 MHz:   0% 3096 MHz:   0% 3300 MHz:   0% 3468 MHz:   0% 3624 MHz:   0% 3756 MHz:   0% 3852 MHz:   0% 3924 MHz:   0% 3996 MHz:   0% 4044 MHz:   0% 4104 MHz:   0% 4416 MHz:   0% 4512 MHz:   0%)
CPU 4 idle residency:   5.53%
CPU 4 down residency:  94.47%
CPU 5 frequency: 0 MHz
CPU 5 active residency:   0.00% (1260 MHz:   0% 1512 MHz:   0% 1800 MHz:   0% 2088 MHz:   0% 2352 MHz:   0% 2616 MHz:   0% 2868 MHz:   0% 3096 MHz:   0% 3300 MHz:   0% 3468 MHz:   0% 3624 MHz:   0% 3756 MHz:   0% 3852 MHz:   0% 3924 MHz:   0% 3996 MHz:   0% 4044 MHz:   0% 4104 MHz:   0% 4416 MHz:   0% 4512 MHz:   0%)
CPU 5 idle residency:   6.39%
CPU 5 down residency:  93.61%
CPU 6 frequency: 0 MHz
CPU 6 active residency:   0.00% (1260 MHz:   0% 1512 MHz:   0% 1800 MHz:   0% 2088 MHz:   0% 2352 MHz:   0% 2616 MHz:   0% 2868 MHz:   0% 3096 MHz:   0% 3300 MHz:   0% 3468 MHz:   0% 3624 MHz:   0% 3756 MHz:   0% 3852 MHz:   0% 3924 MHz:   0% 3996 MHz:   0% 4044 MHz:   0% 4104 MHz:   0% 4416 MHz:   0% 4512 MHz:   0%)
CPU 6 idle residency:   6.41%
CPU 6 down residency:  93.59%
CPU 7 frequency: 0 MHz
CPU 7 active residency:   0.00% (1260 MHz:   0% 1512 MHz:   0% 1800 MHz:   0% 2088 MHz:   0% 2352 MHz:   0% 2616 MHz:   0% 2868 MHz:   0% 3096 MHz:   0% 3300 MHz:   0% 3468 MHz:   0% 3624 MHz:   0% 3756 MHz:   0% 3852 MHz:   0% 3924 MHz:   0% 3996 MHz:   0% 4044 MHz:   0% 4104 MHz:   0% 4416 MHz:   0% 4512 MHz:   0%)
CPU 7 idle residency:   6.41%
CPU 7 down residency:  93.59%

P1-Cluster HW active frequency: 4453 MHz
P1-Cluster HW active residency:  99.80% (1260 MHz: .02% 1512 MHz:   0% 1800 MHz:   0% 2088 MHz:   0% 2352 MHz:   0% 2616 MHz:   0% 2868 MHz:   0% 3096 MHz:   0% 3300 MHz:   0% 3468 MHz:   0% 3624 MHz:   0% 3756 MHz:   0% 3852 MHz:   0% 3924 MHz: 1.1% 3996 MHz: .14% 4044 MHz: 9.9% 4104 MHz:   0% 4416 MHz: 5.3% 4512 MHz:  83%)
P1-Cluster idle residency:   0.20%
P1-Cluster down residency:   0.00%
CPU 8 frequency: 4512 MHz
CPU 8 active residency:  20.82% (1260 MHz:   0% 1512 MHz:   0% 1800 MHz:   0% 2088 MHz:   0% 2352 MHz:   0% 2616 MHz:   0% 2868 MHz:   0% 3096 MHz:   0% 3300 MHz:   0% 3468 MHz:   0% 3624 MHz:   0% 3756 MHz:   0% 3852 MHz:   0% 3924 MHz:   0% 3996 MHz:   0% 4044 MHz:   0% 4104 MHz:   0% 4416 MHz:   0% 4512 MHz:  21%)
CPU 8 idle residency:  79.18%
CPU 8 down residency:   0.00%
CPU 9 frequency: 4512 MHz
CPU 9 active residency:  29.57% (1260 MHz:   0% 1512 MHz:   0% 1800 MHz:   0% 2088 MHz:   0% 2352 MHz:   0% 2616 MHz:   0% 2868 MHz:   0% 3096 MHz:   0% 3300 MHz:   0% 3468 MHz:   0% 3624 MHz:   0% 3756 MHz:   0% 3852 MHz:   0% 3924 MHz:   0% 3996 MHz:   0% 4044 MHz:   0% 4104 MHz:   0% 4416 MHz:   0% 4512 MHz:  30%)
CPU 9 idle residency:  70.43%
CPU 9 down residency:   0.00%
CPU 10 frequency: 4510 MHz
CPU 10 active residency:  16.45% (1260 MHz: .01% 1512 MHz:   0% 1800 MHz:   0% 2088 MHz:   0% 2352 MHz:   0% 2616 MHz:   0% 2868 MHz:   0% 3096 MHz:   0% 3300 MHz:   0% 3468 MHz:   0% 3624 MHz:   0% 3756 MHz:   0% 3852 MHz:   0% 3924 MHz:   0% 3996 MHz:   0% 4044 MHz:   0% 4104 MHz:   0% 4416 MHz:   0% 4512 MHz:  16%)
CPU 10 idle residency:  83.55%
CPU 10 down residency:   0.00%
CPU 11 frequency: 4512 MHz
CPU 11 active residency:  40.01% (1260 MHz:   0% 1512 MHz:   0% 1800 MHz:   0% 2088 MHz:   0% 2352 MHz:   0% 2616 MHz:   0% 2868 MHz:   0% 3096 MHz:   0% 3300 MHz:   0% 3468 MHz:   0% 3624 MHz:   0% 3756 MHz:   0% 3852 MHz:   0% 3924 MHz:   0% 3996 MHz:   0% 4044 MHz:   0% 4104 MHz:   0% 4416 MHz:   0% 4512 MHz:  40%)
CPU 11 idle residency:  59.99%
CPU 11 down residency:   0.00%

CPU Power: 5134 mW
GPU Power: 14 mW
ANE Power: 0 mW
Combined Power (CPU + GPU + ANE): 5147 mW


*** Sampled system activity (Tue Sep 29 16:59:42 2026 -0300) (514.13ms elapsed) ***


**** Processor usage ****

E-Cluster Online: 100%
E-Cluster HW active frequency: 1020 MHz
E-Cluster HW active residency:  11.49% (1020 MHz:  11% 1404 MHz:   0% 1788 MHz:   0% 2112 MHz:   0% 2352 MHz:   0% 2532 MHz:   0% 2592 MHz:   0%)
E-Cluster idle residency:  88.51%
E-Cluster down residency:   0.00%
CPU 0 frequency: 1020 MHz
CPU 0 active residency:   4.96% (1020 MHz: 5.0% 1404 MHz:   0% 1788 MHz:   0% 2112 MHz:   0% 2352 MHz:   0% 2532 MHz:   0% 2592 MHz:   0%)
CPU 0 idle residency:  95.04%
CPU 0 down residency:   0.00%
CPU 1 frequency: 1020 MHz
CPU 1 active residency:   4.39% (1020 MHz: 4.4% 1404 MHz:   0% 1788 MHz:   0% 2112 MHz:   0% 2352 MHz:   0% 2532 MHz:   0% 2592 MHz:   0%)
CPU 1 idle residency:  95.61%
CPU 1 down residency:   0.00%
CPU 2 frequency: 1020 MHz
CPU 2 active residency:   1.38% (1020 MHz: 1.4% 1404 MHz:   0% 1788 MHz:   0% 2112 MHz:   0% 2352 MHz:   0% 2532 MHz:   0% 2592 MHz:   0%)
CPU 2 idle residency:  98.62%
CPU 2 down residency:   0.00%
CPU 3 frequency: 1020 MHz
CPU 3 active residency:   3.33% (1020 MHz: 3.3% 1404 MHz:   0% 1788 MHz:   0% 2112 MHz:   0% 2352 MHz:   0% 2532 MHz:   0% 2592 MHz:   0%)
CPU 3 idle residency:  96.67%
CPU 3 down residency:   0.00%

P0-Cluster Online: 0%
P0-Cluster HW active frequency: 0 MHz
P0-Cluster HW active residency:   0.00% (1260 MHz:   0% 1512 MHz:   0% 1800 MHz:   0% 2088 MHz:   0% 2352 MHz:   0% 2616 MHz:   0% 2868 MHz:   0% 3096 MHz:   0% 3300 MHz:   0% 3468 MHz:   0% 3624 MHz:   0% 3756 MHz:   0% 3852 MHz:   0% 3924 MHz:   0% 3996 MHz:   0% 4044 MHz:   0% 4104 MHz:   0% 4416 MHz:   0% 4512 MHz:   0%)
P0-Cluster idle residency:   0.00%
P0-Cluster down residency: 100.00%
CPU 4 frequency: 0 MHz
CPU 4 active residency:   0.00% (1260 MHz:   0% 1512 MHz:   0% 1800 MHz:   0% 2088 MHz:   0% 2352 MHz:   0% 2616 MHz:   0% 2868 MHz:   0% 3096 MHz:   0% 3300 MHz:   0% 3468 MHz:   0% 3624 MHz:   0% 3756 MHz:   0% 3852 MHz:   0% 3924 MHz:   0% 3996 MHz:   0% 4044 MHz:   0% 4104 MHz:   0% 4416 MHz:   0% 4512 MHz:   0%)
CPU 4 idle residency:   0.00%
CPU 4 down residency: 100.00%
CPU 5 frequency: 0 MHz
CPU 5 active residency:   0.00% (1260 MHz:   0% 1512 MHz:   0% 1800 MHz:   0% 2088 MHz:   0% 2352 MHz:   0% 2616 MHz:   0% 2868 MHz:   0% 3096 MHz:   0% 3300 MHz:   0% 3468 MHz:   0% 3624 MHz:   0% 3756 MHz:   0% 3852 MHz:   0% 3924 MHz:   0% 3996 MHz:   0% 4044 MHz:   0% 4104 MHz:   0% 4416 MHz:   0% 4512 MHz:   0%)
CPU 5 idle residency:   0.00%
CPU 5 down residency: 100.00%
CPU 6 frequency: 0 MHz
CPU 6 active residency:   0.00% (1260 MHz:   0% 1512 MHz:   0% 1800 MHz:   0% 2088 MHz:   0% 2352 MHz:   0% 2616 MHz:   0% 2868 MHz:   0% 3096 MHz:   0% 3300 MHz:   0% 3468 MHz:   0% 3624 MHz:   0% 3756 MHz:   0% 3852 MHz:   0% 3924 MHz:   0% 3996 MHz:   0% 4044 MHz:   0% 4104 MHz:   0% 4416 MHz:   0% 4512 MHz:   0%)
CPU 6 idle residency:   0.00%
CPU 6 down residency: 100.00%
CPU 7 frequency: 0 MHz
CPU 7 active residency:   0.00% (1260 MHz:   0% 1512 MHz:   0% 1800 MHz:   0% 2088 MHz:   0% 2352 MHz:   0% 2616 MHz:   0% 2868 MHz:   0% 3096 MHz:   0% 3300 MHz:   0% 3468 MHz:   0% 3624 MHz:   0% 3756 MHz:   0% 3852 MHz:   0% 3924 MHz:   0% 3996 MHz:   0% 4044 MHz:   0% 4104 MHz:   0% 4416 MHz:   0% 4512 MHz:   0%)
CPU 7 idle residency:   0.00%
CPU 7 down residency: 100.00%

P1-Cluster HW active frequency: 4442 MHz
P1-Cluster HW active residency: 100.00% (1260 MHz:   0% 1512 MHz:   0% 1800 MHz:   0% 2088 MHz:   0% 2352 MHz:   0% 2616 MHz:   0% 2868 MHz:   0% 3096 MHz:   0% 3300 MHz:   0% 3468 MHz:   0% 3624 MHz:   0% 3756 MHz:   0% 3852 MHz:   0% 3924 MHz: .28% 3996 MHz: .22% 4044 MHz:  14% 4104 MHz:   0% 4416 MHz: 3.4% 4512 MHz:  82%)
P1-Cluster idle residency:   0.00%
P1-Cluster down residency:   0.00%
CPU 8 frequency: 4512 MHz
CPU 8 active residency:  29.68% (1260 MHz:   0% 1512 MHz:   0% 1800 MHz:   0% 2088 MHz:   0% 2352 MHz:   0% 2616 MHz:   0% 2868 MHz:   0% 3096 MHz:   0% 3300 MHz:   0% 3468 MHz:   0% 3624 MHz:   0% 3756 MHz:   0% 3852 MHz:   0% 3924 MHz:   0% 3996 MHz:   0% 4044 MHz:   0% 4104 MHz:   0% 4416 MHz:   0% 4512 MHz:  30%)
CPU 8 idle residency:  70.32%
CPU 8 down residency:   0.00%
CPU 9 frequency: 4512 MHz
CPU 9 active residency:  34.07% (1260 MHz:   0% 1512 MHz:   0% 1800 MHz:   0% 2088 MHz:   0% 2352 MHz:   0% 2616 MHz:   0% 2868 MHz:   0% 3096 MHz:   0% 3300 MHz:   0% 3468 MHz:   0% 3624 MHz:   0% 3756 MHz:   0% 3852 MHz:   0% 3924 MHz:   0% 3996 MHz:   0% 4044 MHz:   0% 4104 MHz:   0% 4416 MHz:   0% 4512 MHz:  34%)
CPU 9 idle residency:  65.93%
CPU 9 down residency:   0.00%
CPU 10 frequency: 4512 MHz
CPU 10 active residency:  26.77% (1260 MHz:   0% 1512 MHz:   0% 1800 MHz:   0% 2088 MHz:   0% 2352 MHz:   0% 2616 MHz:   0% 2868 MHz:   0% 3096 MHz:   0% 3300 MHz:   0% 3468 MHz:   0% 3624 MHz:   0% 3756 MHz:   0% 3852 MHz:   0% 3924 MHz:   0% 3996 MHz:   0% 4044 MHz:   0% 4104 MHz:   0% 4416 MHz:   0% 4512 MHz:  27%)
CPU 10 idle residency:  73.23%
CPU 10 down residency:   0.00%
CPU 11 frequency: 4512 MHz
CPU 11 active residency:  13.22% (1260 MHz:   0% 1512 MHz:   0% 1800 MHz:   0% 2088 MHz:   0% 2352 MHz:   0% 2616 MHz:   0% 2868 MHz:   0% 3096 MHz:   0% 3300 MHz:   0% 3468 MHz:   0% 3624 MHz:   0% 3756 MHz:   0% 3852 MHz:   0% 3924 MHz:   0% 3996 MHz:   0% 4044 MHz:   0% 4104 MHz:   0% 4416 MHz:   0% 4512 MHz:  13%)
CPU 11 idle residency:  86.78%
CPU 11 down residency:   0.00%

CPU Power: 4911 mW
GPU Power: 0 mW
ANE Power: 0 mW
Combined Power (CPU + GPU + ANE): 4911 mW


*** Sampled system activity (Tue Sep 29 16:59:42 2026 -0300) (514.88ms elapsed) ***


**** Processor usage ****

E-Cluster Online: 100%
E-Cluster HW active frequency: 1085 MHz
E-Cluster HW active residency:  12.65% (1020 MHz:  12% 1404 MHz:   0% 1788 MHz: .48% 2112 MHz: .02% 2352 MHz: .05% 2532 MHz:   0% 2592 MHz: .23%)
E-Cluster idle residency:  87.35%
E-Cluster down residency:   0.00%
CPU 0 frequency: 1072 MHz
CPU 0 active residency:   6.00% (1020 MHz: 5.7% 1404 MHz:   0% 1788 MHz: .25% 2112 MHz: .00% 2352 MHz: .03% 2532 MHz:   0% 2592 MHz: .06%)
CPU 0 idle residency:  94.00%
CPU 0 down residency:   0.00%
CPU 1 frequency: 1140 MHz
CPU 1 active residency:   2.61% (1020 MHz: 2.3% 1404 MHz:   0% 1788 MHz: .27% 2112 MHz: .01% 2352 MHz: .03% 2532 MHz:   0% 2592 MHz: .03%)
CPU 1 idle residency:  97.39%
CPU 1 down residency:   0.00%
CPU 2 frequency: 1078 MHz
CPU 2 active residency:   1.41% (1020 MHz: 1.3% 1404 MHz:   0% 1788 MHz: .03% 2112 MHz:   0% 2352 MHz: .00% 2532 MHz:   0% 2592 MHz: .04%)
CPU 2 idle residency:  98.59%
CPU 2 down residency:   0.00%
CPU 3 frequency: 1051 MHz
CPU 3 active residency:   2.02% (1020 MHz: 1.9% 1404 MHz:   0% 1788 MHz: .07% 2112 MHz: .00% 2352 MHz:   0% 2532 MHz:   0% 2592 MHz: .00%)
CPU 3 idle residency:  97.98%
CPU 3 down residency:   0.00%

P0-Cluster Online: 4%
P0-Cluster HW active frequency: 1260 MHz
P0-Cluster HW active residency:   0.33% (1260 MHz: .33% 1512 MHz:   0% 1800 MHz:   0% 2088 MHz:   0% 2352 MHz:   0% 2616 MHz:   0% 2868 MHz:   0% 3096 MHz:   0% 3300 MHz:   0% 3468 MHz:   0% 3624 MHz:   0% 3756 MHz:   0% 3852 MHz:   0% 3924 MHz:   0% 3996 MHz:   0% 4044 MHz:   0% 4104 MHz:   0% 4416 MHz:   0% 4512 MHz:   0%)
P0-Cluster idle residency:   2.89%
P0-Cluster down residency:  96.77%
CPU 4 frequency: 0 MHz
CPU 4 active residency:   0.00% (1260 MHz:   0% 1512 MHz:   0% 1800 MHz:   0% 2088 MHz:   0% 2352 MHz:   0% 2616 MHz:   0% 2868 MHz:   0% 3096 MHz:   0% 3300 MHz:   0% 3468 MHz:   0% 3624 MHz:   0% 3756 MHz:   0% 3852 MHz:   0% 3924 MHz:   0% 3996 MHz:   0% 4044 MHz:   0% 4104 MHz:   0% 4416 MHz:   0% 4512 MHz:   0%)
CPU 4 idle residency:   3.12%
CPU 4 down residency:  96.88%
CPU 5 frequency: 0 MHz
CPU 5 active residency:   0.00% (1260 MHz:   0% 1512 MHz:   0% 1800 MHz:   0% 2088 MHz:   0% 2352 MHz:   0% 2616 MHz:   0% 2868 MHz:   0% 3096 MHz:   0% 3300 MHz:   0% 3468 MHz:   0% 3624 MHz:   0% 3756 MHz:   0% 3852 MHz:   0% 3924 MHz:   0% 3996 MHz:   0% 4044 MHz:   0% 4104 MHz:   0% 4416 MHz:   0% 4512 MHz:   0%)
CPU 5 idle residency:   3.12%
CPU 5 down residency:  96.88%
CPU 6 frequency: 0 MHz
CPU 6 active residency:   0.00% (1260 MHz:   0% 1512 MHz:   0% 1800 MHz:   0% 2088 MHz:   0% 2352 MHz:   0% 2616 MHz:   0% 2868 MHz:   0% 3096 MHz:   0% 3300 MHz:   0% 3468 MHz:   0% 3624 MHz:   0% 3756 MHz:   0% 3852 MHz:   0% 3924 MHz:   0% 3996 MHz:   0% 4044 MHz:   0% 4104 MHz:   0% 4416 MHz:   0% 4512 MHz:   0%)
CPU 6 idle residency:   3.12%
CPU 6 down residency:  96.88%
CPU 7 frequency: 0 MHz
CPU 7 active residency:   0.00% (1260 MHz:   0% 1512 MHz:   0% 1800 MHz:   0% 2088 MHz:   0% 2352 MHz:   0% 2616 MHz:   0% 2868 MHz:   0% 3096 MHz:   0% 3300 MHz:   0% 3468 MHz:   0% 3624 MHz:   0% 3756 MHz:   0% 3852 MHz:   0% 3924 MHz:   0% 3996 MHz:   0% 4044 MHz:   0% 4104 MHz:   0% 4416 MHz:   0% 4512 MHz:   0%)
CPU 7 idle residency:   3.12%
CPU 7 down residency:  96.88%

P1-Cluster HW active frequency: 4434 MHz
P1-Cluster HW active residency: 100.00% (1260 MHz:   0% 1512 MHz:   0% 1800 MHz:   0% 2088 MHz:   0% 2352 MHz:   0% 2616 MHz:   0% 2868 MHz:   0% 3096 MHz:   0% 3300 MHz:   0% 3468 MHz:   0% 3624 MHz:   0% 3756 MHz:   0% 3852 MHz:   0% 3924 MHz: .58% 3996 MHz: .37% 4044 MHz:  14% 4104 MHz:   0% 4416 MHz: 9.3% 4512 MHz:  76%)
P1-Cluster idle residency:   0.00%
P1-Cluster down residency:   0.00%
CPU 8 frequency: 4512 MHz
CPU 8 active residency:  36.49% (1260 MHz:   0% 1512 MHz:   0% 1800 MHz:   0% 2088 MHz:   0% 2352 MHz:   0% 2616 MHz:   0% 2868 MHz:   0% 3096 MHz:   0% 3300 MHz:   0% 3468 MHz:   0% 3624 MHz:   0% 3756 MHz:   0% 3852 MHz:   0% 3924 MHz:   0% 3996 MHz:   0% 4044 MHz:   0% 4104 MHz:   0% 4416 MHz:   0% 4512 MHz:  36%)
CPU 8 idle residency:  63.51%
CPU 8 down residency:   0.00%
CPU 9 frequency: 4512 MHz
CPU 9 active residency:  26.50% (1260 MHz:   0% 1512 MHz:   0% 1800 MHz:   0% 2088 MHz:   0% 2352 MHz:   0% 2616 MHz:   0% 2868 MHz:   0% 3096 MHz:   0% 3300 MHz:   0% 3468 MHz:   0% 3624 MHz:   0% 3756 MHz:   0% 3852 MHz:   0% 3924 MHz:   0% 3996 MHz:   0% 4044 MHz:   0% 4104 MHz:   0% 4416 MHz:   0% 4512 MHz:  27%)
CPU 9 idle residency:  73.50%
CPU 9 down residency:   0.00%
CPU 10 frequency: 4512 MHz
CPU 10 active residency:  31.73% (1260 MHz:   0% 1512 MHz:   0% 1800 MHz:   0% 2088 MHz:   0% 2352 MHz:   0% 2616 MHz:   0% 2868 MHz:   0% 3096 MHz:   0% 3300 MHz:   0% 3468 MHz:   0% 3624 MHz:   0% 3756 MHz:   0% 3852 MHz:   0% 3924 MHz:   0% 3996 MHz:   0% 4044 MHz:   0% 4104 MHz:   0% 4416 MHz:   0% 4512 MHz:  32%)
CPU 10 idle residency:  68.27%
CPU 10 down residency:   0.00%
CPU 11 frequency: 4512 MHz
CPU 11 active residency:  15.73% (1260 MHz:   0% 1512 MHz:   0% 1800 MHz:   0% 2088 MHz:   0% 2352 MHz:   0% 2616 MHz:   0% 2868 MHz:   0% 3096 MHz:   0% 3300 MHz:   0% 3468 MHz:   0% 3624 MHz:   0% 3756 MHz:   0% 3852 MHz:   0% 3924 MHz:   0% 3996 MHz:   0% 4044 MHz:   0% 4104 MHz:   0% 4416 MHz:   0% 4512 MHz:  16%)
CPU 11 idle residency:  84.27%
CPU 11 down residency:   0.00%

CPU Power: 5186 mW
GPU Power: 0 mW
ANE Power: 0 mW
Combined Power (CPU + GPU + ANE): 5186 mW


*** Sampled system activity (Tue Sep 29 16:59:43 2026 -0300) (515.13ms elapsed) ***


**** Processor usage ****

E-Cluster Online: 100%
E-Cluster HW active frequency: 1109 MHz
E-Cluster HW active residency:  15.86% (1020 MHz:  14% 1404 MHz: 1.5% 1788 MHz: .35% 2112 MHz:   0% 2352 MHz:   0% 2532 MHz:   0% 2592 MHz: .36%)
E-Cluster idle residency:  84.14%
E-Cluster down residency:   0.00%
CPU 0 frequency: 1102 MHz
CPU 0 active residency:   6.17% (1020 MHz: 5.3% 1404 MHz: .54% 1788 MHz: .18% 2112 MHz:   0% 2352 MHz:   0% 2532 MHz:   0% 2592 MHz: .10%)
CPU 0 idle residency:  93.83%
CPU 0 down residency:   0.00%
CPU 1 frequency: 1109 MHz
CPU 1 active residency:   5.14% (1020 MHz: 4.4% 1404 MHz: .49% 1788 MHz: .20% 2112 MHz:   0% 2352 MHz:   0% 2532 MHz:   0% 2592 MHz: .07%)
CPU 1 idle residency:  94.86%
CPU 1 down residency:   0.00%
CPU 2 frequency: 1061 MHz
CPU 2 active residency:   2.32% (1020 MHz: 2.3% 1404 MHz: .01% 1788 MHz: .00% 2112 MHz:   0% 2352 MHz:   0% 2532 MHz:   0% 2592 MHz: .06%)
CPU 2 idle residency:  97.68%
CPU 2 down residency:   0.00%
CPU 3 frequency: 1112 MHz
CPU 3 active residency:   3.59% (1020 MHz: 2.9% 1404 MHz: .69% 1788 MHz:   0% 2112 MHz:   0% 2352 MHz:   0% 2532 MHz:   0% 2592 MHz: .04%)
CPU 3 idle residency:  96.41%
CPU 3 down residency:   0.00%

P0-Cluster Online: 4%
P0-Cluster HW active frequency: 3270 MHz
P0-Cluster HW active residency:   0.72% (1260 MHz: .27% 1512 MHz:   0% 1800 MHz:   0% 2088 MHz:   0% 2352 MHz:   0% 2616 MHz:   0% 2868 MHz:   0% 3096 MHz:   0% 3300 MHz:   0% 3468 MHz:   0% 3624 MHz:   0% 3756 MHz:   0% 3852 MHz:   0% 3924 MHz: .04% 3996 MHz:   0% 4044 MHz:   0% 4104 MHz:   0% 4416 MHz: .04% 4512 MHz: .38%)
P0-Cluster idle residency:   2.82%
P0-Cluster down residency:  96.46%
CPU 4 frequency: 0 MHz
CPU 4 active residency:   0.00% (1260 MHz:   0% 1512 MHz:   0% 1800 MHz:   0% 2088 MHz:   0% 2352 MHz:   0% 2616 MHz:   0% 2868 MHz:   0% 3096 MHz:   0% 3300 MHz:   0% 3468 MHz:   0% 3624 MHz:   0% 3756 MHz:   0% 3852 MHz:   0% 3924 MHz:   0% 3996 MHz:   0% 4044 MHz:   0% 4104 MHz:   0% 4416 MHz:   0% 4512 MHz:   0%)
CPU 4 idle residency:   3.25%
CPU 4 down residency:  96.75%
CPU 5 frequency: 0 MHz
CPU 5 active residency:   0.00% (1260 MHz:   0% 1512 MHz:   0% 1800 MHz:   0% 2088 MHz:   0% 2352 MHz:   0% 2616 MHz:   0% 2868 MHz:   0% 3096 MHz:   0% 3300 MHz:   0% 3468 MHz:   0% 3624 MHz:   0% 3756 MHz:   0% 3852 MHz:   0% 3924 MHz:   0% 3996 MHz:   0% 4044 MHz:   0% 4104 MHz:   0% 4416 MHz:   0% 4512 MHz:   0%)
CPU 5 idle residency:   3.32%
CPU 5 down residency:  96.68%
CPU 6 frequency: 0 MHz
CPU 6 active residency:   0.00% (1260 MHz:   0% 1512 MHz:   0% 1800 MHz:   0% 2088 MHz:   0% 2352 MHz:   0% 2616 MHz:   0% 2868 MHz:   0% 3096 MHz:   0% 3300 MHz:   0% 3468 MHz:   0% 3624 MHz:   0% 3756 MHz:   0% 3852 MHz:   0% 3924 MHz:   0% 3996 MHz:   0% 4044 MHz:   0% 4104 MHz:   0% 4416 MHz:   0% 4512 MHz:   0%)
CPU 6 idle residency:   3.33%
CPU 6 down residency:  96.67%
CPU 7 frequency: 0 MHz
CPU 7 active residency:   0.00% (1260 MHz:   0% 1512 MHz:   0% 1800 MHz:   0% 2088 MHz:   0% 2352 MHz:   0% 2616 MHz:   0% 2868 MHz:   0% 3096 MHz:   0% 3300 MHz:   0% 3468 MHz:   0% 3624 MHz:   0% 3756 MHz:   0% 3852 MHz:   0% 3924 MHz:   0% 3996 MHz:   0% 4044 MHz:   0% 4104 MHz:   0% 4416 MHz:   0% 4512 MHz:   0%)
CPU 7 idle residency:   3.29%
CPU 7 down residency:  96.71%

P1-Cluster HW active frequency: 4451 MHz
P1-Cluster HW active residency: 100.00% (1260 MHz:   0% 1512 MHz:   0% 1800 MHz:   0% 2088 MHz:   0% 2352 MHz:   0% 2616 MHz:   0% 2868 MHz:   0% 3096 MHz:   0% 3300 MHz:   0% 3468 MHz:   0% 3624 MHz:   0% 3756 MHz:   0% 3852 MHz:   0% 3924 MHz: 1.1% 3996 MHz: .19% 4044 MHz:  10% 4104 MHz:   0% 4416 MHz: 5.3% 4512 MHz:  83%)
P1-Cluster idle residency:   0.00%
P1-Cluster down residency:   0.00%
CPU 8 frequency: 4512 MHz
CPU 8 active residency:  22.69% (1260 MHz:   0% 1512 MHz:   0% 1800 MHz:   0% 2088 MHz:   0% 2352 MHz:   0% 2616 MHz:   0% 2868 MHz:   0% 3096 MHz:   0% 3300 MHz:   0% 3468 MHz:   0% 3624 MHz:   0% 3756 MHz:   0% 3852 MHz:   0% 3924 MHz:   0% 3996 MHz:   0% 4044 MHz:   0% 4104 MHz:   0% 4416 MHz:   0% 4512 MHz:  23%)
CPU 8 idle residency:  77.31%
CPU 8 down residency:   0.00%
CPU 9 frequency: 4512 MHz
CPU 9 active residency:   9.82% (1260 MHz:   0% 1512 MHz:   0% 1800 MHz:   0% 2088 MHz:   0% 2352 MHz:   0% 2616 MHz:   0% 2868 MHz:   0% 3096 MHz:   0% 3300 MHz:   0% 3468 MHz:   0% 3624 MHz:   0% 3756 MHz:   0% 3852 MHz:   0% 3924 MHz:   0% 3996 MHz:   0% 4044 MHz:   0% 4104 MHz:   0% 4416 MHz:   0% 4512 MHz: 9.8%)
CPU 9 idle residency:  90.18%
CPU 9 down residency:   0.00%
CPU 10 frequency: 4512 MHz
CPU 10 active residency:  33.26% (1260 MHz:   0% 1512 MHz:   0% 1800 MHz:   0% 2088 MHz:   0% 2352 MHz:   0% 2616 MHz:   0% 2868 MHz:   0% 3096 MHz:   0% 3300 MHz:   0% 3468 MHz:   0% 3624 MHz:   0% 3756 MHz:   0% 3852 MHz:   0% 3924 MHz:   0% 3996 MHz:   0% 4044 MHz:   0% 4104 MHz:   0% 4416 MHz:   0% 4512 MHz:  33%)
CPU 10 idle residency:  66.74%
CPU 10 down residency:   0.00%
CPU 11 frequency: 4512 MHz
CPU 11 active residency:  41.58% (1260 MHz:   0% 1512 MHz:   0% 1800 MHz:   0% 2088 MHz:   0% 2352 MHz:   0% 2616 MHz:   0% 2868 MHz:   0% 3096 MHz:   0% 3300 MHz:   0% 3468 MHz:   0% 3624 MHz:   0% 3756 MHz:   0% 3852 MHz:   0% 3924 MHz:   0% 3996 MHz:   0% 4044 MHz:   0% 4104 MHz:   0% 4416 MHz:   0% 4512 MHz:  42%)
CPU 11 idle residency:  58.42%
CPU 11 down residency:   0.00%

CPU Power: 5074 mW
GPU Power: 0 mW
ANE Power: 0 mW
Combined Power (CPU + GPU + ANE): 5074 mW


*** Sampled system activity (Tue Sep 29 16:59:43 2026 -0300) (515.20ms elapsed) ***


**** Processor usage ****

E-Cluster Online: 100%
E-Cluster HW active frequency: 1389 MHz
E-Cluster HW active residency:  16.22% (1020 MHz:  11% 1404 MHz: .94% 1788 MHz: 1.6% 2112 MHz:   0% 2352 MHz: .62% 2532 MHz: .40% 2592 MHz: 1.9%)
E-Cluster idle residency:  83.78%
E-Cluster down residency:   0.00%
CPU 0 frequency: 1486 MHz
CPU 0 active residency:   8.37% (1020 MHz: 5.4% 1404 MHz: .08% 1788 MHz: .70% 2112 MHz:   0% 2352 MHz: .21% 2532 MHz: .22% 2592 MHz: 1.7%)
CPU 0 idle residency:  91.63%
CPU 0 down residency:   0.00%
CPU 1 frequency: 1360 MHz
CPU 1 active residency:   4.96% (1020 MHz: 3.3% 1404 MHz: .14% 1788 MHz: .70% 2112 MHz:   0% 2352 MHz: .43% 2532 MHz: .21% 2592 MHz: .13%)
CPU 1 idle residency:  95.04%
CPU 1 down residency:   0.00%
CPU 2 frequency: 1217 MHz
CPU 2 active residency:   2.61% (1020 MHz: 2.0% 1404 MHz: .08% 1788 MHz: .47% 2112 MHz:   0% 2352 MHz: .01% 2532 MHz: .00% 2592 MHz: .07%)
CPU 2 idle residency:  97.39%
CPU 2 down residency:   0.00%
CPU 3 frequency: 1276 MHz
CPU 3 active residency:   2.31% (1020 MHz: 1.6% 1404 MHz: .07% 1788 MHz: .48% 2112 MHz:   0% 2352 MHz: .15% 2532 MHz:   0% 2592 MHz:   0%)
CPU 3 idle residency:  97.69%
CPU 3 down residency:   0.00%

P0-Cluster Online: 3%
P0-Cluster HW active frequency: 2612 MHz
P0-Cluster HW active residency:   0.37% (1260 MHz: .22% 1512 MHz:   0% 1800 MHz:   0% 2088 MHz:   0% 2352 MHz:   0% 2616 MHz:   0% 2868 MHz:   0% 3096 MHz:   0% 3300 MHz:   0% 3468 MHz:   0% 3624 MHz:   0% 3756 MHz:   0% 3852 MHz:   0% 3924 MHz: .01% 3996 MHz:   0% 4044 MHz:   0% 4104 MHz:   0% 4416 MHz: .01% 4512 MHz: .15%)
P0-Cluster idle residency:   1.96%
P0-Cluster down residency:  97.67%
CPU 4 frequency: 0 MHz
CPU 4 active residency:   0.00% (1260 MHz:   0% 1512 MHz:   0% 1800 MHz:   0% 2088 MHz:   0% 2352 MHz:   0% 2616 MHz:   0% 2868 MHz:   0% 3096 MHz:   0% 3300 MHz:   0% 3468 MHz:   0% 3624 MHz:   0% 3756 MHz:   0% 3852 MHz:   0% 3924 MHz:   0% 3996 MHz:   0% 4044 MHz:   0% 4104 MHz:   0% 4416 MHz:   0% 4512 MHz:   0%)
CPU 4 idle residency:   2.19%
CPU 4 down residency:  97.81%
CPU 5 frequency: 0 MHz
CPU 5 active residency:   0.00% (1260 MHz:   0% 1512 MHz:   0% 1800 MHz:   0% 2088 MHz:   0% 2352 MHz:   0% 2616 MHz:   0% 2868 MHz:   0% 3096 MHz:   0% 3300 MHz:   0% 3468 MHz:   0% 3624 MHz:   0% 3756 MHz:   0% 3852 MHz:   0% 3924 MHz:   0% 3996 MHz:   0% 4044 MHz:   0% 4104 MHz:   0% 4416 MHz:   0% 4512 MHz:   0%)
CPU 5 idle residency:   2.20%
CPU 5 down residency:  97.80%
CPU 6 frequency: 0 MHz
CPU 6 active residency:   0.00% (1260 MHz:   0% 1512 MHz:   0% 1800 MHz:   0% 2088 MHz:   0% 2352 MHz:   0% 2616 MHz:   0% 2868 MHz:   0% 3096 MHz:   0% 3300 MHz:   0% 3468 MHz:   0% 3624 MHz:   0% 3756 MHz:   0% 3852 MHz:   0% 3924 MHz:   0% 3996 MHz:   0% 4044 MHz:   0% 4104 MHz:   0% 4416 MHz:   0% 4512 MHz:   0%)
CPU 6 idle residency:   2.20%
CPU 6 down residency:  97.80%
CPU 7 frequency: 0 MHz
CPU 7 active residency:   0.00% (1260 MHz:   0% 1512 MHz:   0% 1800 MHz:   0% 2088 MHz:   0% 2352 MHz:   0% 2616 MHz:   0% 2868 MHz:   0% 3096 MHz:   0% 3300 MHz:   0% 3468 MHz:   0% 3624 MHz:   0% 3756 MHz:   0% 3852 MHz:   0% 3924 MHz:   0% 3996 MHz:   0% 4044 MHz:   0% 4104 MHz:   0% 4416 MHz:   0% 4512 MHz:   0%)
CPU 7 idle residency:   2.20%
CPU 7 down residency:  97.80%

P1-Cluster HW active frequency: 4422 MHz
P1-Cluster HW active residency: 100.00% (1260 MHz:   0% 1512 MHz:   0% 1800 MHz:   0% 2088 MHz:   0% 2352 MHz:   0% 2616 MHz:   0% 2868 MHz:   0% 3096 MHz:   0% 3300 MHz:   0% 3468 MHz:   0% 3624 MHz:   0% 3756 MHz:   0% 3852 MHz:   0% 3924 MHz: .59% 3996 MHz: .08% 4044 MHz:  17% 4104 MHz:   0% 4416 MHz: 8.0% 4512 MHz:  74%)
P1-Cluster idle residency:   0.00%
P1-Cluster down residency:   0.00%
CPU 8 frequency: 4512 MHz
CPU 8 active residency:  24.45% (1260 MHz:   0% 1512 MHz:   0% 1800 MHz:   0% 2088 MHz:   0% 2352 MHz:   0% 2616 MHz:   0% 2868 MHz:   0% 3096 MHz:   0% 3300 MHz:   0% 3468 MHz:   0% 3624 MHz:   0% 3756 MHz:   0% 3852 MHz:   0% 3924 MHz:   0% 3996 MHz:   0% 4044 MHz:   0% 4104 MHz:   0% 4416 MHz:   0% 4512 MHz:  24%)
CPU 8 idle residency:  75.55%
CPU 8 down residency:   0.00%
CPU 9 frequency: 4512 MHz
CPU 9 active residency:  36.55% (1260 MHz:   0% 1512 MHz:   0% 1800 MHz:   0% 2088 MHz:   0% 2352 MHz:   0% 2616 MHz:   0% 2868 MHz:   0% 3096 MHz:   0% 3300 MHz:   0% 3468 MHz:   0% 3624 MHz:   0% 3756 MHz:   0% 3852 MHz:   0% 3924 MHz:   0% 3996 MHz:   0% 4044 MHz:   0% 4104 MHz:   0% 4416 MHz:   0% 4512 MHz:  37%)
CPU 9 idle residency:  63.45%
CPU 9 down residency:   0.00%
CPU 10 frequency: 4512 MHz
CPU 10 active residency:  23.90% (1260 MHz:   0% 1512 MHz:   0% 1800 MHz:   0% 2088 MHz:   0% 2352 MHz:   0% 2616 MHz:   0% 2868 MHz:   0% 3096 MHz:   0% 3300 MHz:   0% 3468 MHz:   0% 3624 MHz:   0% 3756 MHz:   0% 3852 MHz:   0% 3924 MHz:   0% 3996 MHz:   0% 4044 MHz:   0% 4104 MHz:   0% 4416 MHz:   0% 4512 MHz:  24%)
CPU 10 idle residency:  76.10%
CPU 10 down residency:   0.00%
CPU 11 frequency: 4512 MHz
CPU 11 active residency:  23.96% (1260 MHz:   0% 1512 MHz:   0% 1800 MHz:   0% 2088 MHz:   0% 2352 MHz:   0% 2616 MHz:   0% 2868 MHz:   0% 3096 MHz:   0% 3300 MHz:   0% 3468 MHz:   0% 3624 MHz:   0% 3756 MHz:   0% 3852 MHz:   0% 3924 MHz:   0% 3996 MHz:   0% 4044 MHz:   0% 4104 MHz:   0% 4416 MHz:   0% 4512 MHz:  24%)
CPU 11 idle residency:  76.04%
CPU 11 down residency:   0.00%

CPU Power: 5041 mW
GPU Power: 0 mW
ANE Power: 0 mW
Combined Power (CPU + GPU + ANE): 5041 mW


*** Sampled system activity (Tue Sep 29 16:59:44 2026 -0300) (515.09ms elapsed) ***


**** Processor usage ****

E-Cluster Online: 100%
E-Cluster HW active frequency: 1024 MHz
E-Cluster HW active residency:  10.29% (1020 MHz:  10% 1404 MHz:   0% 1788 MHz:   0% 2112 MHz:   0% 2352 MHz:   0% 2532 MHz:   0% 2592 MHz: .03%)
E-Cluster idle residency:  89.71%
E-Cluster down residency:   0.00%
CPU 0 frequency: 1026 MHz
CPU 0 active residency:   5.26% (1020 MHz: 5.2% 1404 MHz:   0% 1788 MHz:   0% 2112 MHz:   0% 2352 MHz:   0% 2532 MHz:   0% 2592 MHz: .02%)
CPU 0 idle residency:  94.74%
CPU 0 down residency:   0.00%
CPU 1 frequency: 1023 MHz
CPU 1 active residency:   4.02% (1020 MHz: 4.0% 1404 MHz:   0% 1788 MHz:   0% 2112 MHz:   0% 2352 MHz:   0% 2532 MHz:   0% 2592 MHz: .01%)
CPU 1 idle residency:  95.98%
CPU 1 down residency:   0.00%
CPU 2 frequency: 1030 MHz
CPU 2 active residency:   1.54% (1020 MHz: 1.5% 1404 MHz:   0% 1788 MHz:   0% 2112 MHz:   0% 2352 MHz:   0% 2532 MHz:   0% 2592 MHz: .01%)
CPU 2 idle residency:  98.46%
CPU 2 down residency:   0.00%
CPU 3 frequency: 1029 MHz
CPU 3 active residency:   0.74% (1020 MHz: .73% 1404 MHz:   0% 1788 MHz:   0% 2112 MHz:   0% 2352 MHz:   0% 2532 MHz:   0% 2592 MHz: .00%)
CPU 3 idle residency:  99.26%
CPU 3 down residency:   0.00%

P0-Cluster Online: 1%
P0-Cluster HW active frequency: 1260 MHz
P0-Cluster HW active residency:   0.07% (1260 MHz: .07% 1512 MHz:   0% 1800 MHz:   0% 2088 MHz:   0% 2352 MHz:   0% 2616 MHz:   0% 2868 MHz:   0% 3096 MHz:   0% 3300 MHz:   0% 3468 MHz:   0% 3624 MHz:   0% 3756 MHz:   0% 3852 MHz:   0% 3924 MHz:   0% 3996 MHz:   0% 4044 MHz:   0% 4104 MHz:   0% 4416 MHz:   0% 4512 MHz:   0%)
P0-Cluster idle residency:   1.03%
P0-Cluster down residency:  98.90%
CPU 4 frequency: 0 MHz
CPU 4 active residency:   0.00% (1260 MHz:   0% 1512 MHz:   0% 1800 MHz:   0% 2088 MHz:   0% 2352 MHz:   0% 2616 MHz:   0% 2868 MHz:   0% 3096 MHz:   0% 3300 MHz:   0% 3468 MHz:   0% 3624 MHz:   0% 3756 MHz:   0% 3852 MHz:   0% 3924 MHz:   0% 3996 MHz:   0% 4044 MHz:   0% 4104 MHz:   0% 4416 MHz:   0% 4512 MHz:   0%)
CPU 4 idle residency:   1.05%
CPU 4 down residency:  98.95%
CPU 5 frequency: 0 MHz
CPU 5 active residency:   0.00% (1260 MHz:   0% 1512 MHz:   0% 1800 MHz:   0% 2088 MHz:   0% 2352 MHz:   0% 2616 MHz:   0% 2868 MHz:   0% 3096 MHz:   0% 3300 MHz:   0% 3468 MHz:   0% 3624 MHz:   0% 3756 MHz:   0% 3852 MHz:   0% 3924 MHz:   0% 3996 MHz:   0% 4044 MHz:   0% 4104 MHz:   0% 4416 MHz:   0% 4512 MHz:   0%)
CPU 5 idle residency:   1.05%
CPU 5 down residency:  98.95%
CPU 6 frequency: 0 MHz
CPU 6 active residency:   0.00% (1260 MHz:   0% 1512 MHz:   0% 1800 MHz:   0% 2088 MHz:   0% 2352 MHz:   0% 2616 MHz:   0% 2868 MHz:   0% 3096 MHz:   0% 3300 MHz:   0% 3468 MHz:   0% 3624 MHz:   0% 3756 MHz:   0% 3852 MHz:   0% 3924 MHz:   0% 3996 MHz:   0% 4044 MHz:   0% 4104 MHz:   0% 4416 MHz:   0% 4512 MHz:   0%)
CPU 6 idle residency:   1.05%
CPU 6 down residency:  98.95%
CPU 7 frequency: 0 MHz
CPU 7 active residency:   0.00% (1260 MHz:   0% 1512 MHz:   0% 1800 MHz:   0% 2088 MHz:   0% 2352 MHz:   0% 2616 MHz:   0% 2868 MHz:   0% 3096 MHz:   0% 3300 MHz:   0% 3468 MHz:   0% 3624 MHz:   0% 3756 MHz:   0% 3852 MHz:   0% 3924 MHz:   0% 3996 MHz:   0% 4044 MHz:   0% 4104 MHz:   0% 4416 MHz:   0% 4512 MHz:   0%)
CPU 7 idle residency:   1.05%
CPU 7 down residency:  98.95%

P1-Cluster HW active frequency: 4428 MHz
P1-Cluster HW active residency: 100.00% (1260 MHz:   0% 1512 MHz:   0% 1800 MHz:   0% 2088 MHz:   0% 2352 MHz:   0% 2616 MHz:   0% 2868 MHz:   0% 3096 MHz:   0% 3300 MHz:   0% 3468 MHz:   0% 3624 MHz:   0% 3756 MHz:   0% 3852 MHz:   0% 3924 MHz: .33% 3996 MHz: .12% 4044 MHz:  17% 4104 MHz:   0% 4416 MHz: 4.4% 4512 MHz:  79%)
P1-Cluster idle residency:   0.00%
P1-Cluster down residency:   0.00%
CPU 8 frequency: 4512 MHz
CPU 8 active residency:  36.04% (1260 MHz:   0% 1512 MHz:   0% 1800 MHz:   0% 2088 MHz:   0% 2352 MHz:   0% 2616 MHz:   0% 2868 MHz:   0% 3096 MHz:   0% 3300 MHz:   0% 3468 MHz:   0% 3624 MHz:   0% 3756 MHz:   0% 3852 MHz:   0% 3924 MHz:   0% 3996 MHz:   0% 4044 MHz:   0% 4104 MHz:   0% 4416 MHz:   0% 4512 MHz:  36%)
CPU 8 idle residency:  63.96%
CPU 8 down residency:   0.00%
CPU 9 frequency: 4512 MHz
CPU 9 active residency:  22.96% (1260 MHz:   0% 1512 MHz:   0% 1800 MHz:   0% 2088 MHz:   0% 2352 MHz:   0% 2616 MHz:   0% 2868 MHz:   0% 3096 MHz:   0% 3300 MHz:   0% 3468 MHz:   0% 3624 MHz:   0% 3756 MHz:   0% 3852 MHz:   0% 3924 MHz:   0% 3996 MHz:   0% 4044 MHz:   0% 4104 MHz:   0% 4416 MHz:   0% 4512 MHz:  23%)
CPU 9 idle residency:  77.04%
CPU 9 down residency:   0.00%
CPU 10 frequency: 4512 MHz
CPU 10 active residency:  22.31% (1260 MHz:   0% 1512 MHz:   0% 1800 MHz:   0% 2088 MHz:   0% 2352 MHz:   0% 2616 MHz:   0% 2868 MHz:   0% 3096 MHz:   0% 3300 MHz:   0% 3468 MHz:   0% 3624 MHz:   0% 3756 MHz:   0% 3852 MHz:   0% 3924 MHz:   0% 3996 MHz:   0% 4044 MHz:   0% 4104 MHz:   0% 4416 MHz:   0% 4512 MHz:  22%)
CPU 10 idle residency:  77.69%
CPU 10 down residency:   0.00%
CPU 11 frequency: 4512 MHz
CPU 11 active residency:  23.47% (1260 MHz:   0% 1512 MHz:   0% 1800 MHz:   0% 2088 MHz:   0% 2352 MHz:   0% 2616 MHz:   0% 2868 MHz:   0% 3096 MHz:   0% 3300 MHz:   0% 3468 MHz:   0% 3624 MHz:   0% 3756 MHz:   0% 3852 MHz:   0% 3924 MHz:   0% 3996 MHz:   0% 4044 MHz:   0% 4104 MHz:   0% 4416 MHz:   0% 4512 MHz:  23%)
CPU 11 idle residency:  76.53%
CPU 11 down residency:   0.00%

CPU Power: 4832 mW
GPU Power: 0 mW
ANE Power: 0 mW
Combined Power (CPU + GPU + ANE): 4832 mW


*** Sampled system activity (Tue Sep 29 16:59:44 2026 -0300) (514.73ms elapsed) ***


**** Processor usage ****

E-Cluster Online: 100%
E-Cluster HW active frequency: 1314 MHz
E-Cluster HW active residency:  18.95% (1020 MHz:  13% 1404 MHz: .77% 1788 MHz: 2.3% 2112 MHz: .77% 2352 MHz: .12% 2532 MHz:   0% 2592 MHz: 1.6%)
E-Cluster idle residency:  81.05%
E-Cluster down residency:   0.00%
CPU 0 frequency: 1411 MHz
CPU 0 active residency:  13.11% (1020 MHz: 8.0% 1404 MHz: .77% 1788 MHz: 2.0% 2112 MHz: .77% 2352 MHz: .07% 2532 MHz:   0% 2592 MHz: 1.5%)
CPU 0 idle residency:  86.89%
CPU 0 down residency:   0.00%
CPU 1 frequency: 1170 MHz
CPU 1 active residency:   5.14% (1020 MHz: 4.3% 1404 MHz: .10% 1788 MHz: .55% 2112 MHz: .04% 2352 MHz: .06% 2532 MHz:   0% 2592 MHz: .12%)
CPU 1 idle residency:  94.86%
CPU 1 down residency:   0.00%
CPU 2 frequency: 1112 MHz
CPU 2 active residency:   3.08% (1020 MHz: 2.7% 1404 MHz: .10% 1788 MHz: .18% 2112 MHz:   0% 2352 MHz: .01% 2532 MHz:   0% 2592 MHz: .06%)
CPU 2 idle residency:  96.92%
CPU 2 down residency:   0.00%
CPU 3 frequency: 1167 MHz
CPU 3 active residency:   0.99% (1020 MHz: .79% 1404 MHz: .10% 1788 MHz: .05% 2112 MHz:   0% 2352 MHz: .01% 2532 MHz:   0% 2592 MHz: .04%)
CPU 3 idle residency:  99.01%
CPU 3 down residency:   0.00%

P0-Cluster Online: 1%
P0-Cluster HW active frequency: 1260 MHz
P0-Cluster HW active residency:   0.10% (1260 MHz: .10% 1512 MHz:   0% 1800 MHz:   0% 2088 MHz:   0% 2352 MHz:   0% 2616 MHz:   0% 2868 MHz:   0% 3096 MHz:   0% 3300 MHz:   0% 3468 MHz:   0% 3624 MHz:   0% 3756 MHz:   0% 3852 MHz:   0% 3924 MHz:   0% 3996 MHz:   0% 4044 MHz:   0% 4104 MHz:   0% 4416 MHz:   0% 4512 MHz:   0%)
P0-Cluster idle residency:   0.80%
P0-Cluster down residency:  99.11%
CPU 4 frequency: 0 MHz
CPU 4 active residency:   0.00% (1260 MHz:   0% 1512 MHz:   0% 1800 MHz:   0% 2088 MHz:   0% 2352 MHz:   0% 2616 MHz:   0% 2868 MHz:   0% 3096 MHz:   0% 3300 MHz:   0% 3468 MHz:   0% 3624 MHz:   0% 3756 MHz:   0% 3852 MHz:   0% 3924 MHz:   0% 3996 MHz:   0% 4044 MHz:   0% 4104 MHz:   0% 4416 MHz:   0% 4512 MHz:   0%)
CPU 4 idle residency:   0.84%
CPU 4 down residency:  99.16%
CPU 5 frequency: 0 MHz
CPU 5 active residency:   0.00% (1260 MHz:   0% 1512 MHz:   0% 1800 MHz:   0% 2088 MHz:   0% 2352 MHz:   0% 2616 MHz:   0% 2868 MHz:   0% 3096 MHz:   0% 3300 MHz:   0% 3468 MHz:   0% 3624 MHz:   0% 3756 MHz:   0% 3852 MHz:   0% 3924 MHz:   0% 3996 MHz:   0% 4044 MHz:   0% 4104 MHz:   0% 4416 MHz:   0% 4512 MHz:   0%)
CPU 5 idle residency:   0.85%
CPU 5 down residency:  99.15%
CPU 6 frequency: 0 MHz
CPU 6 active residency:   0.00% (1260 MHz:   0% 1512 MHz:   0% 1800 MHz:   0% 2088 MHz:   0% 2352 MHz:   0% 2616 MHz:   0% 2868 MHz:   0% 3096 MHz:   0% 3300 MHz:   0% 3468 MHz:   0% 3624 MHz:   0% 3756 MHz:   0% 3852 MHz:   0% 3924 MHz:   0% 3996 MHz:   0% 4044 MHz:   0% 4104 MHz:   0% 4416 MHz:   0% 4512 MHz:   0%)
CPU 6 idle residency:   0.85%
CPU 6 down residency:  99.15%
CPU 7 frequency: 0 MHz
CPU 7 active residency:   0.00% (1260 MHz:   0% 1512 MHz:   0% 1800 MHz:   0% 2088 MHz:   0% 2352 MHz:   0% 2616 MHz:   0% 2868 MHz:   0% 3096 MHz:   0% 3300 MHz:   0% 3468 MHz:   0% 3624 MHz:   0% 3756 MHz:   0% 3852 MHz:   0% 3924 MHz:   0% 3996 MHz:   0% 4044 MHz:   0% 4104 MHz:   0% 4416 MHz:   0% 4512 MHz:   0%)
CPU 7 idle residency:   0.84%
CPU 7 down residency:  99.16%

P1-Cluster HW active frequency: 4438 MHz
P1-Cluster HW active residency: 100.00% (1260 MHz:   0% 1512 MHz:   0% 1800 MHz:   0% 2088 MHz:   0% 2352 MHz:   0% 2616 MHz:   0% 2868 MHz:   0% 3096 MHz:   0% 3300 MHz:   0% 3468 MHz:   0% 3624 MHz:   0% 3756 MHz:   0% 3852 MHz:   0% 3924 MHz: .35% 3996 MHz: .08% 4044 MHz:  15% 4104 MHz:   0% 4416 MHz: 3.9% 4512 MHz:  81%)
P1-Cluster idle residency:   0.00%
P1-Cluster down residency:   0.00%
CPU 8 frequency: 4512 MHz
CPU 8 active residency:  10.38% (1260 MHz:   0% 1512 MHz:   0% 1800 MHz:   0% 2088 MHz:   0% 2352 MHz:   0% 2616 MHz:   0% 2868 MHz:   0% 3096 MHz:   0% 3300 MHz:   0% 3468 MHz:   0% 3624 MHz:   0% 3756 MHz:   0% 3852 MHz:   0% 3924 MHz:   0% 3996 MHz:   0% 4044 MHz:   0% 4104 MHz:   0% 4416 MHz:   0% 4512 MHz:  10%)
CPU 8 idle residency:  89.62%
CPU 8 down residency:   0.00%
CPU 9 frequency: 4512 MHz
CPU 9 active residency:  23.65% (1260 MHz:   0% 1512 MHz:   0% 1800 MHz:   0% 2088 MHz:   0% 2352 MHz:   0% 2616 MHz:   0% 2868 MHz:   0% 3096 MHz:   0% 3300 MHz:   0% 3468 MHz:   0% 3624 MHz:   0% 3756 MHz:   0% 3852 MHz:   0% 3924 MHz:   0% 3996 MHz:   0% 4044 MHz:   0% 4104 MHz:   0% 4416 MHz:   0% 4512 MHz:  24%)
CPU 9 idle residency:  76.35%
CPU 9 down residency:   0.00%
CPU 10 frequency: 4512 MHz
CPU 10 active residency:  27.51% (1260 MHz:   0% 1512 MHz:   0% 1800 MHz:   0% 2088 MHz:   0% 2352 MHz:   0% 2616 MHz:   0% 2868 MHz:   0% 3096 MHz:   0% 3300 MHz:   0% 3468 MHz:   0% 3624 MHz:   0% 3756 MHz:   0% 3852 MHz:   0% 3924 MHz:   0% 3996 MHz:   0% 4044 MHz:   0% 4104 MHz:   0% 4416 MHz:   0% 4512 MHz:  28%)
CPU 10 idle residency:  72.49%
CPU 10 down residency:   0.00%
CPU 11 frequency: 4512 MHz
CPU 11 active residency:  42.81% (1260 MHz:   0% 1512 MHz:   0% 1800 MHz:   0% 2088 MHz:   0% 2352 MHz:   0% 2616 MHz:   0% 2868 MHz:   0% 3096 MHz:   0% 3300 MHz:   0% 3468 MHz:   0% 3624 MHz:   0% 3756 MHz:   0% 3852 MHz:   0% 3924 MHz:   0% 3996 MHz:   0% 4044 MHz:   0% 4104 MHz:   0% 4416 MHz:   0% 4512 MHz:  43%)
CPU 11 idle residency:  57.19%
CPU 11 down residency:   0.00%

CPU Power: 4890 mW
GPU Power: 0 mW
ANE Power: 0 mW
Combined Power (CPU + GPU + ANE): 4890 mW


*** Sampled system activity (Tue Sep 29 16:59:45 2026 -0300) (514.65ms elapsed) ***


**** Processor usage ****

E-Cluster Online: 100%
E-Cluster HW active frequency: 1220 MHz
E-Cluster HW active residency:  16.67% (1020 MHz:  14% 1404 MHz: .77% 1788 MHz: .70% 2112 MHz:   0% 2352 MHz: .38% 2532 MHz: .39% 2592 MHz: .90%)
E-Cluster idle residency:  83.33%
E-Cluster down residency:   0.00%
CPU 0 frequency: 1322 MHz
CPU 0 active residency:   8.53% (1020 MHz: 6.2% 1404 MHz: .44% 1788 MHz: .56% 2112 MHz:   0% 2352 MHz: .38% 2532 MHz: .39% 2592 MHz: .56%)
CPU 0 idle residency:  91.47%
CPU 0 down residency:   0.00%
CPU 1 frequency: 1108 MHz
CPU 1 active residency:   5.14% (1020 MHz: 4.5% 1404 MHz: .42% 1788 MHz: .15% 2112 MHz:   0% 2352 MHz: .00% 2532 MHz: .00% 2592 MHz: .11%)
CPU 1 idle residency:  94.86%
CPU 1 down residency:   0.00%
CPU 2 frequency: 1066 MHz
CPU 2 active residency:   3.08% (1020 MHz: 2.9% 1404 MHz: .04% 1788 MHz: .03% 2112 MHz:   0% 2352 MHz:   0% 2532 MHz:   0% 2592 MHz: .07%)
CPU 2 idle residency:  96.92%
CPU 2 down residency:   0.00%
CPU 3 frequency: 1067 MHz
CPU 3 active residency:   2.92% (1020 MHz: 2.8% 1404 MHz:   0% 1788 MHz: .01% 2112 MHz:   0% 2352 MHz: .01% 2532 MHz: .01% 2592 MHz: .06%)
CPU 3 idle residency:  97.08%
CPU 3 down residency:   0.00%

P0-Cluster Online: 6%
P0-Cluster HW active frequency: 2313 MHz
P0-Cluster HW active residency:   0.49% (1260 MHz: .33% 1512 MHz:   0% 1800 MHz:   0% 2088 MHz:   0% 2352 MHz:   0% 2616 MHz:   0% 2868 MHz:   0% 3096 MHz:   0% 3300 MHz:   0% 3468 MHz:   0% 3624 MHz:   0% 3756 MHz:   0% 3852 MHz:   0% 3924 MHz: .02% 3996 MHz:   0% 4044 MHz:   0% 4104 MHz:   0% 4416 MHz: .02% 4512 MHz: .12%)
P0-Cluster idle residency:   3.61%
P0-Cluster down residency:  95.90%
CPU 4 frequency: 4389 MHz
CPU 4 active residency:  17.57% (1260 MHz: .67% 1512 MHz:   0% 1800 MHz:   0% 2088 MHz:   0% 2352 MHz:   0% 2616 MHz:   0% 2868 MHz:   0% 3096 MHz:   0% 3300 MHz:   0% 3468 MHz:   0% 3624 MHz:   0% 3756 MHz:   0% 3852 MHz:   0% 3924 MHz:   0% 3996 MHz:   0% 4044 MHz:   0% 4104 MHz:   0% 4416 MHz:   0% 4512 MHz:  17%)
CPU 4 idle residency:   3.22%
CPU 4 down residency:  79.22%
CPU 5 frequency: 2863 MHz
CPU 5 active residency:   1.45% (1260 MHz: .74% 1512 MHz:   0% 1800 MHz:   0% 2088 MHz:   0% 2352 MHz:   0% 2616 MHz:   0% 2868 MHz:   0% 3096 MHz:   0% 3300 MHz:   0% 3468 MHz:   0% 3624 MHz:   0% 3756 MHz:   0% 3852 MHz:   0% 3924 MHz:   0% 3996 MHz:   0% 4044 MHz:   0% 4104 MHz:   0% 4416 MHz:   0% 4512 MHz: .72%)
CPU 5 idle residency:   3.86%
CPU 5 down residency:  94.69%
CPU 6 frequency: 4416 MHz
CPU 6 active residency:  19.91% (1260 MHz: .59% 1512 MHz:   0% 1800 MHz:   0% 2088 MHz:   0% 2352 MHz:   0% 2616 MHz:   0% 2868 MHz:   0% 3096 MHz:   0% 3300 MHz:   0% 3468 MHz:   0% 3624 MHz:   0% 3756 MHz:   0% 3852 MHz:   0% 3924 MHz:   0% 3996 MHz:   0% 4044 MHz:   0% 4104 MHz:   0% 4416 MHz:   0% 4512 MHz:  19%)
CPU 6 idle residency:   3.14%
CPU 6 down residency:  76.94%
CPU 7 frequency: 4409 MHz
CPU 7 active residency:  18.99% (1260 MHz: .60% 1512 MHz:   0% 1800 MHz:   0% 2088 MHz:   0% 2352 MHz:   0% 2616 MHz:   0% 2868 MHz:   0% 3096 MHz:   0% 3300 MHz:   0% 3468 MHz:   0% 3624 MHz:   0% 3756 MHz:   0% 3852 MHz:   0% 3924 MHz:   0% 3996 MHz:   0% 4044 MHz:   0% 4104 MHz:   0% 4416 MHz:   0% 4512 MHz:  18%)
CPU 7 idle residency:   3.20%
CPU 7 down residency:  77.81%

P1-Cluster HW active frequency: 4438 MHz
P1-Cluster HW active residency: 100.00% (1260 MHz:   0% 1512 MHz:   0% 1800 MHz:   0% 2088 MHz:   0% 2352 MHz:   0% 2616 MHz:   0% 2868 MHz:   0% 3096 MHz:   0% 3300 MHz:   0% 3468 MHz:   0% 3624 MHz:   0% 3756 MHz:   0% 3852 MHz:   0% 3924 MHz: 1.0% 3996 MHz: .36% 4044 MHz:  13% 4104 MHz:   0% 4416 MHz: 5.3% 4512 MHz:  80%)
P1-Cluster idle residency:   0.00%
P1-Cluster down residency:   0.00%
CPU 8 frequency: 4512 MHz
CPU 8 active residency:  24.28% (1260 MHz:   0% 1512 MHz:   0% 1800 MHz:   0% 2088 MHz:   0% 2352 MHz:   0% 2616 MHz:   0% 2868 MHz:   0% 3096 MHz:   0% 3300 MHz:   0% 3468 MHz:   0% 3624 MHz:   0% 3756 MHz:   0% 3852 MHz:   0% 3924 MHz:   0% 3996 MHz:   0% 4044 MHz:   0% 4104 MHz:   0% 4416 MHz:   0% 4512 MHz:  24%)
CPU 8 idle residency:  75.72%
CPU 8 down residency:   0.00%
CPU 9 frequency: 4512 MHz
CPU 9 active residency:  42.42% (1260 MHz:   0% 1512 MHz:   0% 1800 MHz:   0% 2088 MHz:   0% 2352 MHz:   0% 2616 MHz:   0% 2868 MHz:   0% 3096 MHz:   0% 3300 MHz:   0% 3468 MHz:   0% 3624 MHz:   0% 3756 MHz:   0% 3852 MHz:   0% 3924 MHz:   0% 3996 MHz:   0% 4044 MHz:   0% 4104 MHz:   0% 4416 MHz:   0% 4512 MHz:  42%)
CPU 9 idle residency:  57.58%
CPU 9 down residency:   0.00%
CPU 10 frequency: 4512 MHz
CPU 10 active residency:  21.25% (1260 MHz:   0% 1512 MHz:   0% 1800 MHz:   0% 2088 MHz:   0% 2352 MHz:   0% 2616 MHz:   0% 2868 MHz:   0% 3096 MHz:   0% 3300 MHz:   0% 3468 MHz:   0% 3624 MHz:   0% 3756 MHz:   0% 3852 MHz:   0% 3924 MHz:   0% 3996 MHz:   0% 4044 MHz:   0% 4104 MHz:   0% 4416 MHz:   0% 4512 MHz:  21%)
CPU 10 idle residency:  78.75%
CPU 10 down residency:   0.00%
CPU 11 frequency: 4512 MHz
CPU 11 active residency:  19.51% (1260 MHz:   0% 1512 MHz:   0% 1800 MHz:   0% 2088 MHz:   0% 2352 MHz:   0% 2616 MHz:   0% 2868 MHz:   0% 3096 MHz:   0% 3300 MHz:   0% 3468 MHz:   0% 3624 MHz:   0% 3756 MHz:   0% 3852 MHz:   0% 3924 MHz:   0% 3996 MHz:   0% 4044 MHz:   0% 4104 MHz:   0% 4416 MHz:   0% 4512 MHz:  20%)
CPU 11 idle residency:  80.49%
CPU 11 down residency:   0.00%

CPU Power: 5015 mW
GPU Power: 0 mW
ANE Power: 0 mW
Combined Power (CPU + GPU + ANE): 5015 mW


*** Sampled system activity (Tue Sep 29 16:59:45 2026 -0300) (514.94ms elapsed) ***


**** Processor usage ****

E-Cluster Online: 100%
E-Cluster HW active frequency: 1044 MHz
E-Cluster HW active residency:  10.99% (1020 MHz:  11% 1404 MHz:   0% 1788 MHz: .34% 2112 MHz:   0% 2352 MHz:   0% 2532 MHz:   0% 2592 MHz:   0%)
E-Cluster idle residency:  89.01%
E-Cluster down residency:   0.00%
CPU 0 frequency: 1046 MHz
CPU 0 active residency:   5.31% (1020 MHz: 5.1% 1404 MHz:   0% 1788 MHz: .18% 2112 MHz:   0% 2352 MHz:   0% 2532 MHz:   0% 2592 MHz:   0%)
CPU 0 idle residency:  94.69%
CPU 0 down residency:   0.00%
CPU 1 frequency: 1047 MHz
CPU 1 active residency:   4.89% (1020 MHz: 4.7% 1404 MHz:   0% 1788 MHz: .17% 2112 MHz:   0% 2352 MHz:   0% 2532 MHz:   0% 2592 MHz:   0%)
CPU 1 idle residency:  95.11%
CPU 1 down residency:   0.00%
CPU 2 frequency: 1024 MHz
CPU 2 active residency:   1.69% (1020 MHz: 1.7% 1404 MHz:   0% 1788 MHz: .01% 2112 MHz:   0% 2352 MHz:   0% 2532 MHz:   0% 2592 MHz:   0%)
CPU 2 idle residency:  98.31%
CPU 2 down residency:   0.00%
CPU 3 frequency: 1060 MHz
CPU 3 active residency:   0.86% (1020 MHz: .82% 1404 MHz:   0% 1788 MHz: .04% 2112 MHz:   0% 2352 MHz:   0% 2532 MHz:   0% 2592 MHz:   0%)
CPU 3 idle residency:  99.14%
CPU 3 down residency:   0.00%

P0-Cluster Online: 0%
P0-Cluster HW active frequency: 1260 MHz
P0-Cluster HW active residency:   0.08% (1260 MHz: .08% 1512 MHz:   0% 1800 MHz:   0% 2088 MHz:   0% 2352 MHz:   0% 2616 MHz:   0% 2868 MHz:   0% 3096 MHz:   0% 3300 MHz:   0% 3468 MHz:   0% 3624 MHz:   0% 3756 MHz:   0% 3852 MHz:   0% 3924 MHz:   0% 3996 MHz:   0% 4044 MHz:   0% 4104 MHz:   0% 4416 MHz:   0% 4512 MHz:   0%)
P0-Cluster idle residency:   0.62%
P0-Cluster down residency:  99.30%
CPU 4 frequency: 0 MHz
CPU 4 active residency:   0.00% (1260 MHz:   0% 1512 MHz:   0% 1800 MHz:   0% 2088 MHz:   0% 2352 MHz:   0% 2616 MHz:   0% 2868 MHz:   0% 3096 MHz:   0% 3300 MHz:   0% 3468 MHz:   0% 3624 MHz:   0% 3756 MHz:   0% 3852 MHz:   0% 3924 MHz:   0% 3996 MHz:   0% 4044 MHz:   0% 4104 MHz:   0% 4416 MHz:   0% 4512 MHz:   0%)
CPU 4 idle residency:   0.63%
CPU 4 down residency:  99.37%
CPU 5 frequency: 0 MHz
CPU 5 active residency:   0.00% (1260 MHz:   0% 1512 MHz:   0% 1800 MHz:   0% 2088 MHz:   0% 2352 MHz:   0% 2616 MHz:   0% 2868 MHz:   0% 3096 MHz:   0% 3300 MHz:   0% 3468 MHz:   0% 3624 MHz:   0% 3756 MHz:   0% 3852 MHz:   0% 3924 MHz:   0% 3996 MHz:   0% 4044 MHz:   0% 4104 MHz:   0% 4416 MHz:   0% 4512 MHz:   0%)
CPU 5 idle residency:   0.63%
CPU 5 down residency:  99.37%
CPU 6 frequency: 0 MHz
CPU 6 active residency:   0.00% (1260 MHz:   0% 1512 MHz:   0% 1800 MHz:   0% 2088 MHz:   0% 2352 MHz:   0% 2616 MHz:   0% 2868 MHz:   0% 3096 MHz:   0% 3300 MHz:   0% 3468 MHz:   0% 3624 MHz:   0% 3756 MHz:   0% 3852 MHz:   0% 3924 MHz:   0% 3996 MHz:   0% 4044 MHz:   0% 4104 MHz:   0% 4416 MHz:   0% 4512 MHz:   0%)
CPU 6 idle residency:   0.63%
CPU 6 down residency:  99.37%
CPU 7 frequency: 0 MHz
CPU 7 active residency:   0.00% (1260 MHz:   0% 1512 MHz:   0% 1800 MHz:   0% 2088 MHz:   0% 2352 MHz:   0% 2616 MHz:   0% 2868 MHz:   0% 3096 MHz:   0% 3300 MHz:   0% 3468 MHz:   0% 3624 MHz:   0% 3756 MHz:   0% 3852 MHz:   0% 3924 MHz:   0% 3996 MHz:   0% 4044 MHz:   0% 4104 MHz:   0% 4416 MHz:   0% 4512 MHz:   0%)
CPU 7 idle residency:   0.63%
CPU 7 down residency:  99.37%

P1-Cluster HW active frequency: 4436 MHz
P1-Cluster HW active residency: 100.00% (1260 MHz:   0% 1512 MHz:   0% 1800 MHz:   0% 2088 MHz:   0% 2352 MHz:   0% 2616 MHz:   0% 2868 MHz:   0% 3096 MHz:   0% 3300 MHz:   0% 3468 MHz:   0% 3624 MHz:   0% 3756 MHz:   0% 3852 MHz:   0% 3924 MHz: .24% 3996 MHz: .11% 4044 MHz:  15% 4104 MHz:   0% 4416 MHz: 3.6% 4512 MHz:  81%)
P1-Cluster idle residency:   0.00%
P1-Cluster down residency:   0.00%
CPU 8 frequency: 4512 MHz
CPU 8 active residency:  22.47% (1260 MHz:   0% 1512 MHz:   0% 1800 MHz:   0% 2088 MHz:   0% 2352 MHz:   0% 2616 MHz:   0% 2868 MHz:   0% 3096 MHz:   0% 3300 MHz:   0% 3468 MHz:   0% 3624 MHz:   0% 3756 MHz:   0% 3852 MHz:   0% 3924 MHz:   0% 3996 MHz:   0% 4044 MHz:   0% 4104 MHz:   0% 4416 MHz:   0% 4512 MHz:  22%)
CPU 8 idle residency:  77.53%
CPU 8 down residency:   0.00%
CPU 9 frequency: 4512 MHz
CPU 9 active residency:  23.87% (1260 MHz:   0% 1512 MHz:   0% 1800 MHz:   0% 2088 MHz:   0% 2352 MHz:   0% 2616 MHz:   0% 2868 MHz:   0% 3096 MHz:   0% 3300 MHz:   0% 3468 MHz:   0% 3624 MHz:   0% 3756 MHz:   0% 3852 MHz:   0% 3924 MHz:   0% 3996 MHz:   0% 4044 MHz:   0% 4104 MHz:   0% 4416 MHz:   0% 4512 MHz:  24%)
CPU 9 idle residency:  76.13%
CPU 9 down residency:   0.00%
CPU 10 frequency: 4512 MHz
CPU 10 active residency:  40.89% (1260 MHz:   0% 1512 MHz:   0% 1800 MHz:   0% 2088 MHz:   0% 2352 MHz:   0% 2616 MHz:   0% 2868 MHz:   0% 3096 MHz:   0% 3300 MHz:   0% 3468 MHz:   0% 3624 MHz:   0% 3756 MHz:   0% 3852 MHz:   0% 3924 MHz:   0% 3996 MHz:   0% 4044 MHz:   0% 4104 MHz:   0% 4416 MHz:   0% 4512 MHz:  41%)
CPU 10 idle residency:  59.11%
CPU 10 down residency:   0.00%
CPU 11 frequency: 4512 MHz
CPU 11 active residency:  16.54% (1260 MHz:   0% 1512 MHz:   0% 1800 MHz:   0% 2088 MHz:   0% 2352 MHz:   0% 2616 MHz:   0% 2868 MHz:   0% 3096 MHz:   0% 3300 MHz:   0% 3468 MHz:   0% 3624 MHz:   0% 3756 MHz:   0% 3852 MHz:   0% 3924 MHz:   0% 3996 MHz:   0% 4044 MHz:   0% 4104 MHz:   0% 4416 MHz:   0% 4512 MHz:  17%)
CPU 11 idle residency:  83.46%
CPU 11 down residency:   0.00%

CPU Power: 4855 mW
GPU Power: 0 mW
ANE Power: 0 mW
Combined Power (CPU + GPU + ANE): 4855 mW


*** Sampled system activity (Tue Sep 29 16:59:46 2026 -0300) (514.37ms elapsed) ***


**** Processor usage ****

E-Cluster Online: 100%
E-Cluster HW active frequency: 1158 MHz
E-Cluster HW active residency:  11.60% (1020 MHz:  10% 1404 MHz:   0% 1788 MHz: .40% 2112 MHz:   0% 2352 MHz: .37% 2532 MHz: .39% 2592 MHz: .14%)
E-Cluster idle residency:  88.40%
E-Cluster down residency:   0.00%
CPU 0 frequency: 1194 MHz
CPU 0 active residency:   4.48% (1020 MHz: 3.8% 1404 MHz:   0% 1788 MHz: .23% 2112 MHz:   0% 2352 MHz: .20% 2532 MHz: .22% 2592 MHz: .00%)
CPU 0 idle residency:  95.52%
CPU 0 down residency:   0.00%
CPU 1 frequency: 1239 MHz
CPU 1 active residency:   3.72% (1020 MHz: 3.0% 1404 MHz:   0% 1788 MHz: .22% 2112 MHz:   0% 2352 MHz: .23% 2532 MHz: .22% 2592 MHz: .00%)
CPU 1 idle residency:  96.28%
CPU 1 down residency:   0.00%
CPU 2 frequency: 1196 MHz
CPU 2 active residency:   6.17% (1020 MHz: 5.2% 1404 MHz:   0% 1788 MHz: .40% 2112 MHz:   0% 2352 MHz: .37% 2532 MHz: .19% 2592 MHz: .00%)
CPU 2 idle residency:  93.83%
CPU 2 down residency:   0.00%
CPU 3 frequency: 1043 MHz
CPU 3 active residency:   1.10% (1020 MHz: 1.1% 1404 MHz:   0% 1788 MHz: .03% 2112 MHz:   0% 2352 MHz:   0% 2532 MHz:   0% 2592 MHz:   0%)
CPU 3 idle residency:  98.90%
CPU 3 down residency:   0.00%

P0-Cluster Online: 84%
P0-Cluster HW active frequency: 4432 MHz
P0-Cluster HW active residency:  82.02% (1260 MHz: .05% 1512 MHz:   0% 1800 MHz:   0% 2088 MHz:   0% 2352 MHz:   0% 2616 MHz:   0% 2868 MHz:   0% 3096 MHz:   0% 3300 MHz:   0% 3468 MHz:   0% 3624 MHz:   0% 3756 MHz:   0% 3852 MHz:   0% 3924 MHz: .21% 3996 MHz: .13% 4044 MHz:  13% 4104 MHz:   0% 4416 MHz: 1.5% 4512 MHz:  67%)
P0-Cluster idle residency:   0.06%
P0-Cluster down residency:  17.92%
CPU 4 frequency: 4505 MHz
CPU 4 active residency:  47.53% (1260 MHz: .10% 1512 MHz:   0% 1800 MHz:   0% 2088 MHz:   0% 2352 MHz:   0% 2616 MHz:   0% 2868 MHz:   0% 3096 MHz:   0% 3300 MHz:   0% 3468 MHz:   0% 3624 MHz:   0% 3756 MHz:   0% 3852 MHz:   0% 3924 MHz:   0% 3996 MHz:   0% 4044 MHz:   0% 4104 MHz:   0% 4416 MHz:   0% 4512 MHz:  47%)
CPU 4 idle residency:  34.59%
CPU 4 down residency:  17.88%
CPU 5 frequency: 4499 MHz
CPU 5 active residency:  21.86% (1260 MHz: .09% 1512 MHz:   0% 1800 MHz:   0% 2088 MHz:   0% 2352 MHz:   0% 2616 MHz:   0% 2868 MHz:   0% 3096 MHz:   0% 3300 MHz:   0% 3468 MHz:   0% 3624 MHz:   0% 3756 MHz:   0% 3852 MHz:   0% 3924 MHz:   0% 3996 MHz:   0% 4044 MHz:   0% 4104 MHz:   0% 4416 MHz:   0% 4512 MHz:  22%)
CPU 5 idle residency:  60.25%
CPU 5 down residency:  17.88%
CPU 6 frequency: 3974 MHz
CPU 6 active residency:   0.54% (1260 MHz: .09% 1512 MHz:   0% 1800 MHz:   0% 2088 MHz:   0% 2352 MHz:   0% 2616 MHz:   0% 2868 MHz:   0% 3096 MHz:   0% 3300 MHz:   0% 3468 MHz:   0% 3624 MHz:   0% 3756 MHz:   0% 3852 MHz:   0% 3924 MHz:   0% 3996 MHz:   0% 4044 MHz:   0% 4104 MHz:   0% 4416 MHz:   0% 4512 MHz: .45%)
CPU 6 idle residency:  81.58%
CPU 6 down residency:  17.88%
CPU 7 frequency: 4492 MHz
CPU 7 active residency:  14.22% (1260 MHz: .09% 1512 MHz:   0% 1800 MHz:   0% 2088 MHz:   0% 2352 MHz:   0% 2616 MHz:   0% 2868 MHz:   0% 3096 MHz:   0% 3300 MHz:   0% 3468 MHz:   0% 3624 MHz:   0% 3756 MHz:   0% 3852 MHz:   0% 3924 MHz:   0% 3996 MHz:   0% 4044 MHz:   0% 4104 MHz:   0% 4416 MHz:   0% 4512 MHz:  14%)
CPU 7 idle residency:  67.89%
CPU 7 down residency:  17.88%

P1-Cluster HW active frequency: 4423 MHz
P1-Cluster HW active residency:  18.03% (1260 MHz:   0% 1512 MHz:   0% 1800 MHz:   0% 2088 MHz:   0% 2352 MHz:   0% 2616 MHz:   0% 2868 MHz:   0% 3096 MHz:   0% 3300 MHz:   0% 3468 MHz:   0% 3624 MHz:   0% 3756 MHz:   0% 3852 MHz:   0% 3924 MHz: .20% 3996 MHz: .04% 4044 MHz: 2.7% 4104 MHz:   0% 4416 MHz: 2.3% 4512 MHz:  13%)
P1-Cluster idle residency:   0.00%
P1-Cluster down residency:  81.97%
CPU 8 frequency: 4512 MHz
CPU 8 active residency:   1.37% (1260 MHz:   0% 1512 MHz:   0% 1800 MHz:   0% 2088 MHz:   0% 2352 MHz:   0% 2616 MHz:   0% 2868 MHz:   0% 3096 MHz:   0% 3300 MHz:   0% 3468 MHz:   0% 3624 MHz:   0% 3756 MHz:   0% 3852 MHz:   0% 3924 MHz:   0% 3996 MHz:   0% 4044 MHz:   0% 4104 MHz:   0% 4416 MHz:   0% 4512 MHz: 1.4%)
CPU 8 idle residency:  13.70%
CPU 8 down residency:  84.93%
CPU 9 frequency: 0 MHz
CPU 9 active residency:   0.00% (1260 MHz:   0% 1512 MHz:   0% 1800 MHz:   0% 2088 MHz:   0% 2352 MHz:   0% 2616 MHz:   0% 2868 MHz:   0% 3096 MHz:   0% 3300 MHz:   0% 3468 MHz:   0% 3624 MHz:   0% 3756 MHz:   0% 3852 MHz:   0% 3924 MHz:   0% 3996 MHz:   0% 4044 MHz:   0% 4104 MHz:   0% 4416 MHz:   0% 4512 MHz:   0%)
CPU 9 idle residency:  17.79%
CPU 9 down residency:  82.21%
CPU 10 frequency: 0 MHz
CPU 10 active residency:   0.00% (1260 MHz:   0% 1512 MHz:   0% 1800 MHz:   0% 2088 MHz:   0% 2352 MHz:   0% 2616 MHz:   0% 2868 MHz:   0% 3096 MHz:   0% 3300 MHz:   0% 3468 MHz:   0% 3624 MHz:   0% 3756 MHz:   0% 3852 MHz:   0% 3924 MHz:   0% 3996 MHz:   0% 4044 MHz:   0% 4104 MHz:   0% 4416 MHz:   0% 4512 MHz:   0%)
CPU 10 idle residency:  17.98%
CPU 10 down residency:  82.02%
CPU 11 frequency: 4512 MHz
CPU 11 active residency:   1.54% (1260 MHz:   0% 1512 MHz:   0% 1800 MHz:   0% 2088 MHz:   0% 2352 MHz:   0% 2616 MHz:   0% 2868 MHz:   0% 3096 MHz:   0% 3300 MHz:   0% 3468 MHz:   0% 3624 MHz:   0% 3756 MHz:   0% 3852 MHz:   0% 3924 MHz:   0% 3996 MHz:   0% 4044 MHz:   0% 4104 MHz:   0% 4416 MHz:   0% 4512 MHz: 1.5%)
CPU 11 idle residency:   2.88%
CPU 11 down residency:  95.58%

CPU Power: 4886 mW
GPU Power: 0 mW
ANE Power: 0 mW
Combined Power (CPU + GPU + ANE): 4886 mW


*** Sampled system activity (Tue Sep 29 16:59:47 2026 -0300) (516.11ms elapsed) ***


**** Processor usage ****

E-Cluster Online: 100%
E-Cluster HW active frequency: 1206 MHz
E-Cluster HW active residency:  23.26% (1020 MHz:  17% 1404 MHz: 1.7% 1788 MHz: 3.3% 2112 MHz: 1.0% 2352 MHz:   0% 2532 MHz:   0% 2592 MHz:   0%)
E-Cluster idle residency:  76.74%
E-Cluster down residency:   0.00%
CPU 0 frequency: 1190 MHz
CPU 0 active residency:  11.03% (1020 MHz: 8.5% 1404 MHz: .64% 1788 MHz: 1.2% 2112 MHz: .62% 2352 MHz:   0% 2532 MHz:   0% 2592 MHz:   0%)
CPU 0 idle residency:  88.97%
CPU 0 down residency:   0.00%
CPU 1 frequency: 1181 MHz
CPU 1 active residency:   9.74% (1020 MHz: 7.8% 1404 MHz: .37% 1788 MHz: .74% 2112 MHz: .79% 2352 MHz:   0% 2532 MHz:   0% 2592 MHz:   0%)
CPU 1 idle residency:  90.26%
CPU 1 down residency:   0.00%
CPU 2 frequency: 1184 MHz
CPU 2 active residency:   5.16% (1020 MHz: 4.0% 1404 MHz: .37% 1788 MHz: .49% 2112 MHz: .30% 2352 MHz:   0% 2532 MHz:   0% 2592 MHz:   0%)
CPU 2 idle residency:  94.84%
CPU 2 down residency:   0.00%
CPU 3 frequency: 1487 MHz
CPU 3 active residency:   6.30% (1020 MHz: 1.9% 1404 MHz: 1.3% 1788 MHz: 3.0% 2112 MHz: .12% 2352 MHz:   0% 2532 MHz:   0% 2592 MHz:   0%)
CPU 3 idle residency:  93.70%
CPU 3 down residency:   0.00%

P0-Cluster Online: 100%
P0-Cluster HW active frequency: 4434 MHz
P0-Cluster HW active residency: 100.00% (1260 MHz:   0% 1512 MHz:   0% 1800 MHz:   0% 2088 MHz:   0% 2352 MHz:   0% 2616 MHz:   0% 2868 MHz:   0% 3096 MHz:   0% 3300 MHz:   0% 3468 MHz:   0% 3624 MHz:   0% 3756 MHz:   0% 3852 MHz:   0% 3924 MHz: .30% 3996 MHz: .28% 4044 MHz:  15% 4104 MHz:   0% 4416 MHz: 3.6% 4512 MHz:  81%)
P0-Cluster idle residency:   0.00%
P0-Cluster down residency:   0.00%
CPU 4 frequency: 4512 MHz
CPU 4 active residency:  25.15% (1260 MHz:   0% 1512 MHz:   0% 1800 MHz:   0% 2088 MHz:   0% 2352 MHz:   0% 2616 MHz:   0% 2868 MHz:   0% 3096 MHz:   0% 3300 MHz:   0% 3468 MHz:   0% 3624 MHz:   0% 3756 MHz:   0% 3852 MHz:   0% 3924 MHz:   0% 3996 MHz:   0% 4044 MHz:   0% 4104 MHz:   0% 4416 MHz:   0% 4512 MHz:  25%)
CPU 4 idle residency:  74.85%
CPU 4 down residency:   0.00%
CPU 5 frequency: 4512 MHz
CPU 5 active residency:  13.42% (1260 MHz:   0% 1512 MHz:   0% 1800 MHz:   0% 2088 MHz:   0% 2352 MHz:   0% 2616 MHz:   0% 2868 MHz:   0% 3096 MHz:   0% 3300 MHz:   0% 3468 MHz:   0% 3624 MHz:   0% 3756 MHz:   0% 3852 MHz:   0% 3924 MHz:   0% 3996 MHz:   0% 4044 MHz:   0% 4104 MHz:   0% 4416 MHz:   0% 4512 MHz:  13%)
CPU 5 idle residency:  86.58%
CPU 5 down residency:   0.00%
CPU 6 frequency: 4512 MHz
CPU 6 active residency:  44.31% (1260 MHz:   0% 1512 MHz:   0% 1800 MHz:   0% 2088 MHz:   0% 2352 MHz:   0% 2616 MHz:   0% 2868 MHz:   0% 3096 MHz:   0% 3300 MHz:   0% 3468 MHz:   0% 3624 MHz:   0% 3756 MHz:   0% 3852 MHz:   0% 3924 MHz:   0% 3996 MHz:   0% 4044 MHz:   0% 4104 MHz:   0% 4416 MHz:   0% 4512 MHz:  44%)
CPU 6 idle residency:  55.69%
CPU 6 down residency:   0.00%
CPU 7 frequency: 4512 MHz
CPU 7 active residency:  21.12% (1260 MHz:   0% 1512 MHz:   0% 1800 MHz:   0% 2088 MHz:   0% 2352 MHz:   0% 2616 MHz:   0% 2868 MHz:   0% 3096 MHz:   0% 3300 MHz:   0% 3468 MHz:   0% 3624 MHz:   0% 3756 MHz:   0% 3852 MHz:   0% 3924 MHz:   0% 3996 MHz:   0% 4044 MHz:   0% 4104 MHz:   0% 4416 MHz:   0% 4512 MHz:  21%)
CPU 7 idle residency:  78.88%
CPU 7 down residency:   0.00%

P1-Cluster HW active frequency: 0 MHz
P1-Cluster HW active residency:   0.00% (1260 MHz:   0% 1512 MHz:   0% 1800 MHz:   0% 2088 MHz:   0% 2352 MHz:   0% 2616 MHz:   0% 2868 MHz:   0% 3096 MHz:   0% 3300 MHz:   0% 3468 MHz:   0% 3624 MHz:   0% 3756 MHz:   0% 3852 MHz:   0% 3924 MHz:   0% 3996 MHz:   0% 4044 MHz:   0% 4104 MHz:   0% 4416 MHz:   0% 4512 MHz:   0%)
P1-Cluster idle residency:   0.00%
P1-Cluster down residency: 100.00%
CPU 8 frequency: 0 MHz
CPU 8 active residency:   0.00% (1260 MHz:   0% 1512 MHz:   0% 1800 MHz:   0% 2088 MHz:   0% 2352 MHz:   0% 2616 MHz:   0% 2868 MHz:   0% 3096 MHz:   0% 3300 MHz:   0% 3468 MHz:   0% 3624 MHz:   0% 3756 MHz:   0% 3852 MHz:   0% 3924 MHz:   0% 3996 MHz:   0% 4044 MHz:   0% 4104 MHz:   0% 4416 MHz:   0% 4512 MHz:   0%)
CPU 8 idle residency:   0.00%
CPU 8 down residency: 100.00%
CPU 9 frequency: 0 MHz
CPU 9 active residency:   0.00% (1260 MHz:   0% 1512 MHz:   0% 1800 MHz:   0% 2088 MHz:   0% 2352 MHz:   0% 2616 MHz:   0% 2868 MHz:   0% 3096 MHz:   0% 3300 MHz:   0% 3468 MHz:   0% 3624 MHz:   0% 3756 MHz:   0% 3852 MHz:   0% 3924 MHz:   0% 3996 MHz:   0% 4044 MHz:   0% 4104 MHz:   0% 4416 MHz:   0% 4512 MHz:   0%)
CPU 9 idle residency:   0.00%
CPU 9 down residency: 100.00%
CPU 10 frequency: 0 MHz
CPU 10 active residency:   0.00% (1260 MHz:   0% 1512 MHz:   0% 1800 MHz:   0% 2088 MHz:   0% 2352 MHz:   0% 2616 MHz:   0% 2868 MHz:   0% 3096 MHz:   0% 3300 MHz:   0% 3468 MHz:   0% 3624 MHz:   0% 3756 MHz:   0% 3852 MHz:   0% 3924 MHz:   0% 3996 MHz:   0% 4044 MHz:   0% 4104 MHz:   0% 4416 MHz:   0% 4512 MHz:   0%)
CPU 10 idle residency:   0.00%
CPU 10 down residency: 100.00%
CPU 11 frequency: 0 MHz
CPU 11 active residency:   0.00% (1260 MHz:   0% 1512 MHz:   0% 1800 MHz:   0% 2088 MHz:   0% 2352 MHz:   0% 2616 MHz:   0% 2868 MHz:   0% 3096 MHz:   0% 3300 MHz:   0% 3468 MHz:   0% 3624 MHz:   0% 3756 MHz:   0% 3852 MHz:   0% 3924 MHz:   0% 3996 MHz:   0% 4044 MHz:   0% 4104 MHz:   0% 4416 MHz:   0% 4512 MHz:   0%)
CPU 11 idle residency:   0.00%
CPU 11 down residency: 100.00%

CPU Power: 4887 mW
GPU Power: 0 mW
ANE Power: 0 mW
Combined Power (CPU + GPU + ANE): 4887 mW


*** Sampled system activity (Tue Sep 29 16:59:47 2026 -0300) (515.08ms elapsed) ***


**** Processor usage ****

E-Cluster Online: 100%
E-Cluster HW active frequency: 1107 MHz
E-Cluster HW active residency:  15.94% (1020 MHz:  14% 1404 MHz: .77% 1788 MHz: .58% 2112 MHz:   0% 2352 MHz:   0% 2532 MHz:   0% 2592 MHz: .41%)
E-Cluster idle residency:  84.06%
E-Cluster down residency:   0.00%
CPU 0 frequency: 1091 MHz
CPU 0 active residency:   8.52% (1020 MHz: 7.6% 1404 MHz: .45% 1788 MHz: .35% 2112 MHz:   0% 2352 MHz:   0% 2532 MHz:   0% 2592 MHz: .10%)
CPU 0 idle residency:  91.48%
CPU 0 down residency:   0.00%
CPU 1 frequency: 1099 MHz
CPU 1 active residency:   6.55% (1020 MHz: 5.7% 1404 MHz: .42% 1788 MHz: .30% 2112 MHz:   0% 2352 MHz:   0% 2532 MHz:   0% 2592 MHz: .08%)
CPU 1 idle residency:  93.45%
CPU 1 down residency:   0.00%
CPU 2 frequency: 1083 MHz
CPU 2 active residency:   2.23% (1020 MHz: 2.1% 1404 MHz: .07% 1788 MHz: .03% 2112 MHz:   0% 2352 MHz:   0% 2532 MHz:   0% 2592 MHz: .06%)
CPU 2 idle residency:  97.77%
CPU 2 down residency:   0.00%
CPU 3 frequency: 1047 MHz
CPU 3 active residency:   1.70% (1020 MHz: 1.7% 1404 MHz:   0% 1788 MHz: .01% 2112 MHz:   0% 2352 MHz:   0% 2532 MHz:   0% 2592 MHz: .03%)
CPU 3 idle residency:  98.30%
CPU 3 down residency:   0.00%

P0-Cluster Online: 100%
P0-Cluster HW active frequency: 4426 MHz
P0-Cluster HW active residency: 100.00% (1260 MHz:   0% 1512 MHz:   0% 1800 MHz:   0% 2088 MHz:   0% 2352 MHz:   0% 2616 MHz:   0% 2868 MHz:   0% 3096 MHz:   0% 3300 MHz:   0% 3468 MHz:   0% 3624 MHz:   0% 3756 MHz:   0% 3852 MHz:   0% 3924 MHz: 1.0% 3996 MHz: .46% 4044 MHz:  16% 4104 MHz:   0% 4416 MHz: 5.1% 4512 MHz:  78%)
P0-Cluster idle residency:   0.00%
P0-Cluster down residency:   0.00%
CPU 4 frequency: 4512 MHz
CPU 4 active residency:  28.57% (1260 MHz:   0% 1512 MHz:   0% 1800 MHz:   0% 2088 MHz:   0% 2352 MHz:   0% 2616 MHz:   0% 2868 MHz:   0% 3096 MHz:   0% 3300 MHz:   0% 3468 MHz:   0% 3624 MHz:   0% 3756 MHz:   0% 3852 MHz:   0% 3924 MHz:   0% 3996 MHz:   0% 4044 MHz:   0% 4104 MHz:   0% 4416 MHz:   0% 4512 MHz:  29%)
CPU 4 idle residency:  71.43%
CPU 4 down residency:   0.00%
CPU 5 frequency: 4512 MHz
CPU 5 active residency:  27.64% (1260 MHz:   0% 1512 MHz:   0% 1800 MHz:   0% 2088 MHz:   0% 2352 MHz:   0% 2616 MHz:   0% 2868 MHz:   0% 3096 MHz:   0% 3300 MHz:   0% 3468 MHz:   0% 3624 MHz:   0% 3756 MHz:   0% 3852 MHz:   0% 3924 MHz:   0% 3996 MHz:   0% 4044 MHz:   0% 4104 MHz:   0% 4416 MHz:   0% 4512 MHz:  28%)
CPU 5 idle residency:  72.36%
CPU 5 down residency:   0.00%
CPU 6 frequency: 4512 MHz
CPU 6 active residency:  25.54% (1260 MHz:   0% 1512 MHz:   0% 1800 MHz:   0% 2088 MHz:   0% 2352 MHz:   0% 2616 MHz:   0% 2868 MHz:   0% 3096 MHz:   0% 3300 MHz:   0% 3468 MHz:   0% 3624 MHz:   0% 3756 MHz:   0% 3852 MHz:   0% 3924 MHz:   0% 3996 MHz:   0% 4044 MHz:   0% 4104 MHz:   0% 4416 MHz:   0% 4512 MHz:  26%)
CPU 6 idle residency:  74.46%
CPU 6 down residency:   0.00%
CPU 7 frequency: 4512 MHz
CPU 7 active residency:  25.63% (1260 MHz:   0% 1512 MHz:   0% 1800 MHz:   0% 2088 MHz:   0% 2352 MHz:   0% 2616 MHz:   0% 2868 MHz:   0% 3096 MHz:   0% 3300 MHz:   0% 3468 MHz:   0% 3624 MHz:   0% 3756 MHz:   0% 3852 MHz:   0% 3924 MHz:   0% 3996 MHz:   0% 4044 MHz:   0% 4104 MHz:   0% 4416 MHz:   0% 4512 MHz:  26%)
CPU 7 idle residency:  74.37%
CPU 7 down residency:   0.00%

P1-Cluster HW active frequency: 2935 MHz
P1-Cluster HW active residency:   0.44% (1260 MHz: .20% 1512 MHz:   0% 1800 MHz:   0% 2088 MHz:   0% 2352 MHz:   0% 2616 MHz:   0% 2868 MHz:   0% 3096 MHz:   0% 3300 MHz:   0% 3468 MHz:   0% 3624 MHz:   0% 3756 MHz:   0% 3852 MHz:   0% 3924 MHz: .04% 3996 MHz:   0% 4044 MHz:   0% 4104 MHz:   0% 4416 MHz: .02% 4512 MHz: .17%)
P1-Cluster idle residency:   2.30%
P1-Cluster down residency:  97.27%
CPU 8 frequency: 0 MHz
CPU 8 active residency:   0.00% (1260 MHz:   0% 1512 MHz:   0% 1800 MHz:   0% 2088 MHz:   0% 2352 MHz:   0% 2616 MHz:   0% 2868 MHz:   0% 3096 MHz:   0% 3300 MHz:   0% 3468 MHz:   0% 3624 MHz:   0% 3756 MHz:   0% 3852 MHz:   0% 3924 MHz:   0% 3996 MHz:   0% 4044 MHz:   0% 4104 MHz:   0% 4416 MHz:   0% 4512 MHz:   0%)
CPU 8 idle residency:   2.57%
CPU 8 down residency:  97.43%
CPU 9 frequency: 0 MHz
CPU 9 active residency:   0.00% (1260 MHz:   0% 1512 MHz:   0% 1800 MHz:   0% 2088 MHz:   0% 2352 MHz:   0% 2616 MHz:   0% 2868 MHz:   0% 3096 MHz:   0% 3300 MHz:   0% 3468 MHz:   0% 3624 MHz:   0% 3756 MHz:   0% 3852 MHz:   0% 3924 MHz:   0% 3996 MHz:   0% 4044 MHz:   0% 4104 MHz:   0% 4416 MHz:   0% 4512 MHz:   0%)
CPU 9 idle residency:   2.60%
CPU 9 down residency:  97.40%
CPU 10 frequency: 0 MHz
CPU 10 active residency:   0.00% (1260 MHz:   0% 1512 MHz:   0% 1800 MHz:   0% 2088 MHz:   0% 2352 MHz:   0% 2616 MHz:   0% 2868 MHz:   0% 3096 MHz:   0% 3300 MHz:   0% 3468 MHz:   0% 3624 MHz:   0% 3756 MHz:   0% 3852 MHz:   0% 3924 MHz:   0% 3996 MHz:   0% 4044 MHz:   0% 4104 MHz:   0% 4416 MHz:   0% 4512 MHz:   0%)
CPU 10 idle residency:   2.59%
CPU 10 down residency:  97.41%
CPU 11 frequency: 0 MHz
CPU 11 active residency:   0.00% (1260 MHz:   0% 1512 MHz:   0% 1800 MHz:   0% 2088 MHz:   0% 2352 MHz:   0% 2616 MHz:   0% 2868 MHz:   0% 3096 MHz:   0% 3300 MHz:   0% 3468 MHz:   0% 3624 MHz:   0% 3756 MHz:   0% 3852 MHz:   0% 3924 MHz:   0% 3996 MHz:   0% 4044 MHz:   0% 4104 MHz:   0% 4416 MHz:   0% 4512 MHz:   0%)
CPU 11 idle residency:   2.59%
CPU 11 down residency:  97.41%

CPU Power: 4986 mW
GPU Power: 0 mW
ANE Power: 0 mW
Combined Power (CPU + GPU + ANE): 4986 mW


*** Sampled system activity (Tue Sep 29 16:59:48 2026 -0300) (515.27ms elapsed) ***


**** Processor usage ****

E-Cluster Online: 100%
E-Cluster HW active frequency: 1132 MHz
E-Cluster HW active residency:  12.02% (1020 MHz:  11% 1404 MHz:   0% 1788 MHz: .77% 2112 MHz:   0% 2352 MHz: .41% 2532 MHz: .12% 2592 MHz: .02%)
E-Cluster idle residency:  87.98%
E-Cluster down residency:   0.00%
CPU 0 frequency: 1140 MHz
CPU 0 active residency:   6.47% (1020 MHz: 5.8% 1404 MHz:   0% 1788 MHz: .35% 2112 MHz:   0% 2352 MHz: .30% 2532 MHz: .05% 2592 MHz: .02%)
CPU 0 idle residency:  93.53%
CPU 0 down residency:   0.00%
CPU 1 frequency: 1220 MHz
CPU 1 active residency:   4.79% (1020 MHz: 3.8% 1404 MHz:   0% 1788 MHz: .62% 2112 MHz:   0% 2352 MHz: .31% 2532 MHz: .04% 2592 MHz: .01%)
CPU 1 idle residency:  95.21%
CPU 1 down residency:   0.00%
CPU 2 frequency: 1151 MHz
CPU 2 active residency:   1.94% (1020 MHz: 1.7% 1404 MHz:   0% 1788 MHz: .03% 2112 MHz:   0% 2352 MHz: .17% 2532 MHz: .00% 2592 MHz: .00%)
CPU 2 idle residency:  98.06%
CPU 2 down residency:   0.00%
CPU 3 frequency: 1576 MHz
CPU 3 active residency:   0.89% (1020 MHz: .53% 1404 MHz:   0% 1788 MHz:   0% 2112 MHz:   0% 2352 MHz: .29% 2532 MHz: .07% 2592 MHz:   0%)
CPU 3 idle residency:  99.11%
CPU 3 down residency:   0.00%

P0-Cluster Online: 100%
P0-Cluster HW active frequency: 4425 MHz
P0-Cluster HW active residency: 100.00% (1260 MHz:   0% 1512 MHz:   0% 1800 MHz:   0% 2088 MHz:   0% 2352 MHz:   0% 2616 MHz:   0% 2868 MHz:   0% 3096 MHz:   0% 3300 MHz:   0% 3468 MHz:   0% 3624 MHz:   0% 3756 MHz:   0% 3852 MHz:   0% 3924 MHz: .31% 3996 MHz: .15% 4044 MHz:  17% 4104 MHz:   0% 4416 MHz: 3.5% 4512 MHz:  79%)
P0-Cluster idle residency:   0.00%
P0-Cluster down residency:   0.00%
CPU 4 frequency: 4512 MHz
CPU 4 active residency:  23.03% (1260 MHz:   0% 1512 MHz:   0% 1800 MHz:   0% 2088 MHz:   0% 2352 MHz:   0% 2616 MHz:   0% 2868 MHz:   0% 3096 MHz:   0% 3300 MHz:   0% 3468 MHz:   0% 3624 MHz:   0% 3756 MHz:   0% 3852 MHz:   0% 3924 MHz:   0% 3996 MHz:   0% 4044 MHz:   0% 4104 MHz:   0% 4416 MHz:   0% 4512 MHz:  23%)
CPU 4 idle residency:  76.97%
CPU 4 down residency:   0.00%
CPU 5 frequency: 4512 MHz
CPU 5 active residency:  23.34% (1260 MHz:   0% 1512 MHz:   0% 1800 MHz:   0% 2088 MHz:   0% 2352 MHz:   0% 2616 MHz:   0% 2868 MHz:   0% 3096 MHz:   0% 3300 MHz:   0% 3468 MHz:   0% 3624 MHz:   0% 3756 MHz:   0% 3852 MHz:   0% 3924 MHz:   0% 3996 MHz:   0% 4044 MHz:   0% 4104 MHz:   0% 4416 MHz:   0% 4512 MHz:  23%)
CPU 5 idle residency:  76.66%
CPU 5 down residency:   0.00%
CPU 6 frequency: 4512 MHz
CPU 6 active residency:  25.39% (1260 MHz:   0% 1512 MHz:   0% 1800 MHz:   0% 2088 MHz:   0% 2352 MHz:   0% 2616 MHz:   0% 2868 MHz:   0% 3096 MHz:   0% 3300 MHz:   0% 3468 MHz:   0% 3624 MHz:   0% 3756 MHz:   0% 3852 MHz:   0% 3924 MHz:   0% 3996 MHz:   0% 4044 MHz:   0% 4104 MHz:   0% 4416 MHz:   0% 4512 MHz:  25%)
CPU 6 idle residency:  74.61%
CPU 6 down residency:   0.00%
CPU 7 frequency: 4512 MHz
CPU 7 active residency:  31.99% (1260 MHz:   0% 1512 MHz:   0% 1800 MHz:   0% 2088 MHz:   0% 2352 MHz:   0% 2616 MHz:   0% 2868 MHz:   0% 3096 MHz:   0% 3300 MHz:   0% 3468 MHz:   0% 3624 MHz:   0% 3756 MHz:   0% 3852 MHz:   0% 3924 MHz:   0% 3996 MHz:   0% 4044 MHz:   0% 4104 MHz:   0% 4416 MHz:   0% 4512 MHz:  32%)
CPU 7 idle residency:  68.01%
CPU 7 down residency:   0.00%

P1-Cluster HW active frequency: 1260 MHz
P1-Cluster HW active residency:   0.10% (1260 MHz: .10% 1512 MHz:   0% 1800 MHz:   0% 2088 MHz:   0% 2352 MHz:   0% 2616 MHz:   0% 2868 MHz:   0% 3096 MHz:   0% 3300 MHz:   0% 3468 MHz:   0% 3624 MHz:   0% 3756 MHz:   0% 3852 MHz:   0% 3924 MHz:   0% 3996 MHz:   0% 4044 MHz:   0% 4104 MHz:   0% 4416 MHz:   0% 4512 MHz:   0%)
P1-Cluster idle residency:   1.03%
P1-Cluster down residency:  98.87%
CPU 8 frequency: 0 MHz
CPU 8 active residency:   0.00% (1260 MHz:   0% 1512 MHz:   0% 1800 MHz:   0% 2088 MHz:   0% 2352 MHz:   0% 2616 MHz:   0% 2868 MHz:   0% 3096 MHz:   0% 3300 MHz:   0% 3468 MHz:   0% 3624 MHz:   0% 3756 MHz:   0% 3852 MHz:   0% 3924 MHz:   0% 3996 MHz:   0% 4044 MHz:   0% 4104 MHz:   0% 4416 MHz:   0% 4512 MHz:   0%)
CPU 8 idle residency:   1.08%
CPU 8 down residency:  98.92%
CPU 9 frequency: 0 MHz
CPU 9 active residency:   0.00% (1260 MHz:   0% 1512 MHz:   0% 1800 MHz:   0% 2088 MHz:   0% 2352 MHz:   0% 2616 MHz:   0% 2868 MHz:   0% 3096 MHz:   0% 3300 MHz:   0% 3468 MHz:   0% 3624 MHz:   0% 3756 MHz:   0% 3852 MHz:   0% 3924 MHz:   0% 3996 MHz:   0% 4044 MHz:   0% 4104 MHz:   0% 4416 MHz:   0% 4512 MHz:   0%)
CPU 9 idle residency:   1.08%
CPU 9 down residency:  98.92%
CPU 10 frequency: 0 MHz
CPU 10 active residency:   0.00% (1260 MHz:   0% 1512 MHz:   0% 1800 MHz:   0% 2088 MHz:   0% 2352 MHz:   0% 2616 MHz:   0% 2868 MHz:   0% 3096 MHz:   0% 3300 MHz:   0% 3468 MHz:   0% 3624 MHz:   0% 3756 MHz:   0% 3852 MHz:   0% 3924 MHz:   0% 3996 MHz:   0% 4044 MHz:   0% 4104 MHz:   0% 4416 MHz:   0% 4512 MHz:   0%)
CPU 10 idle residency:   1.08%
CPU 10 down residency:  98.92%
CPU 11 frequency: 0 MHz
CPU 11 active residency:   0.00% (1260 MHz:   0% 1512 MHz:   0% 1800 MHz:   0% 2088 MHz:   0% 2352 MHz:   0% 2616 MHz:   0% 2868 MHz:   0% 3096 MHz:   0% 3300 MHz:   0% 3468 MHz:   0% 3624 MHz:   0% 3756 MHz:   0% 3852 MHz:   0% 3924 MHz:   0% 3996 MHz:   0% 4044 MHz:   0% 4104 MHz:   0% 4416 MHz:   0% 4512 MHz:   0%)
CPU 11 idle residency:   1.08%
CPU 11 down residency:  98.92%

CPU Power: 4827 mW
GPU Power: 0 mW
ANE Power: 0 mW
Combined Power (CPU + GPU + ANE): 4827 mW


*** Sampled system activity (Tue Sep 29 16:59:48 2026 -0300) (515.20ms elapsed) ***


**** Processor usage ****

E-Cluster Online: 100%
E-Cluster HW active frequency: 1048 MHz
E-Cluster HW active residency:  37.02% (1020 MHz:  35% 1404 MHz: .77% 1788 MHz: .83% 2112 MHz:   0% 2352 MHz: .09% 2532 MHz:   0% 2592 MHz:   0%)
E-Cluster idle residency:  62.98%
E-Cluster down residency:   0.00%
CPU 0 frequency: 1048 MHz
CPU 0 active residency:  21.06% (1020 MHz:  20% 1404 MHz: .24% 1788 MHz: .54% 2112 MHz:   0% 2352 MHz: .06% 2532 MHz:   0% 2592 MHz:   0%)
CPU 0 idle residency:  78.94%
CPU 0 down residency:   0.00%
CPU 1 frequency: 1042 MHz
CPU 1 active residency:  16.83% (1020 MHz:  16% 1404 MHz: .18% 1788 MHz: .32% 2112 MHz:   0% 2352 MHz: .05% 2532 MHz:   0% 2592 MHz:   0%)
CPU 1 idle residency:  83.17%
CPU 1 down residency:   0.00%
CPU 2 frequency: 1035 MHz
CPU 2 active residency:   7.01% (1020 MHz: 6.8% 1404 MHz: .07% 1788 MHz: .10% 2112 MHz:   0% 2352 MHz: .00% 2532 MHz:   0% 2592 MHz:   0%)
CPU 2 idle residency:  92.99%
CPU 2 down residency:   0.00%
CPU 3 frequency: 1093 MHz
CPU 3 active residency:   4.69% (1020 MHz: 3.9% 1404 MHz: .61% 1788 MHz: .14% 2112 MHz:   0% 2352 MHz:   0% 2532 MHz:   0% 2592 MHz:   0%)
CPU 3 idle residency:  95.31%
CPU 3 down residency:   0.00%

P0-Cluster Online: 100%
P0-Cluster HW active frequency: 4420 MHz
P0-Cluster HW active residency: 100.00% (1260 MHz:   0% 1512 MHz:   0% 1800 MHz:   0% 2088 MHz:   0% 2352 MHz:   0% 2616 MHz:   0% 2868 MHz:   0% 3096 MHz:   0% 3300 MHz:   0% 3468 MHz:   0% 3624 MHz:   0% 3756 MHz:   0% 3852 MHz:   0% 3924 MHz: .26% 3996 MHz: .36% 4044 MHz:  18% 4104 MHz:   0% 4416 MHz: 3.1% 4512 MHz:  78%)
P0-Cluster idle residency:   0.00%
P0-Cluster down residency:   0.00%
CPU 4 frequency: 4512 MHz
CPU 4 active residency:  10.84% (1260 MHz:   0% 1512 MHz:   0% 1800 MHz:   0% 2088 MHz:   0% 2352 MHz:   0% 2616 MHz:   0% 2868 MHz:   0% 3096 MHz:   0% 3300 MHz:   0% 3468 MHz:   0% 3624 MHz:   0% 3756 MHz:   0% 3852 MHz:   0% 3924 MHz:   0% 3996 MHz:   0% 4044 MHz:   0% 4104 MHz:   0% 4416 MHz:   0% 4512 MHz:  11%)
CPU 4 idle residency:  89.16%
CPU 4 down residency:   0.00%
CPU 5 frequency: 4512 MHz
CPU 5 active residency:  30.90% (1260 MHz:   0% 1512 MHz:   0% 1800 MHz:   0% 2088 MHz:   0% 2352 MHz:   0% 2616 MHz:   0% 2868 MHz:   0% 3096 MHz:   0% 3300 MHz:   0% 3468 MHz:   0% 3624 MHz:   0% 3756 MHz:   0% 3852 MHz:   0% 3924 MHz:   0% 3996 MHz:   0% 4044 MHz:   0% 4104 MHz:   0% 4416 MHz:   0% 4512 MHz:  31%)
CPU 5 idle residency:  69.10%
CPU 5 down residency:   0.00%
CPU 6 frequency: 4512 MHz
CPU 6 active residency:  35.11% (1260 MHz:   0% 1512 MHz:   0% 1800 MHz:   0% 2088 MHz:   0% 2352 MHz:   0% 2616 MHz:   0% 2868 MHz:   0% 3096 MHz:   0% 3300 MHz:   0% 3468 MHz:   0% 3624 MHz:   0% 3756 MHz:   0% 3852 MHz:   0% 3924 MHz:   0% 3996 MHz:   0% 4044 MHz:   0% 4104 MHz:   0% 4416 MHz:   0% 4512 MHz:  35%)
CPU 6 idle residency:  64.89%
CPU 6 down residency:   0.00%
CPU 7 frequency: 4512 MHz
CPU 7 active residency:  26.73% (1260 MHz:   0% 1512 MHz:   0% 1800 MHz:   0% 2088 MHz:   0% 2352 MHz:   0% 2616 MHz:   0% 2868 MHz:   0% 3096 MHz:   0% 3300 MHz:   0% 3468 MHz:   0% 3624 MHz:   0% 3756 MHz:   0% 3852 MHz:   0% 3924 MHz:   0% 3996 MHz:   0% 4044 MHz:   0% 4104 MHz:   0% 4416 MHz:   0% 4512 MHz:  27%)
CPU 7 idle residency:  73.27%
CPU 7 down residency:   0.00%

P1-Cluster HW active frequency: 0 MHz
P1-Cluster HW active residency:   0.00% (1260 MHz:   0% 1512 MHz:   0% 1800 MHz:   0% 2088 MHz:   0% 2352 MHz:   0% 2616 MHz:   0% 2868 MHz:   0% 3096 MHz:   0% 3300 MHz:   0% 3468 MHz:   0% 3624 MHz:   0% 3756 MHz:   0% 3852 MHz:   0% 3924 MHz:   0% 3996 MHz:   0% 4044 MHz:   0% 4104 MHz:   0% 4416 MHz:   0% 4512 MHz:   0%)
P1-Cluster idle residency:   0.00%
P1-Cluster down residency: 100.00%
CPU 8 frequency: 0 MHz
CPU 8 active residency:   0.00% (1260 MHz:   0% 1512 MHz:   0% 1800 MHz:   0% 2088 MHz:   0% 2352 MHz:   0% 2616 MHz:   0% 2868 MHz:   0% 3096 MHz:   0% 3300 MHz:   0% 3468 MHz:   0% 3624 MHz:   0% 3756 MHz:   0% 3852 MHz:   0% 3924 MHz:   0% 3996 MHz:   0% 4044 MHz:   0% 4104 MHz:   0% 4416 MHz:   0% 4512 MHz:   0%)
CPU 8 idle residency:   0.00%
CPU 8 down residency: 100.00%
CPU 9 frequency: 0 MHz
CPU 9 active residency:   0.00% (1260 MHz:   0% 1512 MHz:   0% 1800 MHz:   0% 2088 MHz:   0% 2352 MHz:   0% 2616 MHz:   0% 2868 MHz:   0% 3096 MHz:   0% 3300 MHz:   0% 3468 MHz:   0% 3624 MHz:   0% 3756 MHz:   0% 3852 MHz:   0% 3924 MHz:   0% 3996 MHz:   0% 4044 MHz:   0% 4104 MHz:   0% 4416 MHz:   0% 4512 MHz:   0%)
CPU 9 idle residency:   0.00%
CPU 9 down residency: 100.00%
CPU 10 frequency: 0 MHz
CPU 10 active residency:   0.00% (1260 MHz:   0% 1512 MHz:   0% 1800 MHz:   0% 2088 MHz:   0% 2352 MHz:   0% 2616 MHz:   0% 2868 MHz:   0% 3096 MHz:   0% 3300 MHz:   0% 3468 MHz:   0% 3624 MHz:   0% 3756 MHz:   0% 3852 MHz:   0% 3924 MHz:   0% 3996 MHz:   0% 4044 MHz:   0% 4104 MHz:   0% 4416 MHz:   0% 4512 MHz:   0%)
CPU 10 idle residency:   0.00%
CPU 10 down residency: 100.00%
CPU 11 frequency: 0 MHz
CPU 11 active residency:   0.00% (1260 MHz:   0% 1512 MHz:   0% 1800 MHz:   0% 2088 MHz:   0% 2352 MHz:   0% 2616 MHz:   0% 2868 MHz:   0% 3096 MHz:   0% 3300 MHz:   0% 3468 MHz:   0% 3624 MHz:   0% 3756 MHz:   0% 3852 MHz:   0% 3924 MHz:   0% 3996 MHz:   0% 4044 MHz:   0% 4104 MHz:   0% 4416 MHz:   0% 4512 MHz:   0%)
CPU 11 idle residency:   0.00%
CPU 11 down residency: 100.00%

CPU Power: 4835 mW
GPU Power: 0 mW
ANE Power: 0 mW
Combined Power (CPU + GPU + ANE): 4835 mW


*** Sampled system activity (Tue Sep 29 16:59:49 2026 -0300) (514.77ms elapsed) ***


**** Processor usage ****

E-Cluster Online: 100%
E-Cluster HW active frequency: 1574 MHz
E-Cluster HW active residency:  30.64% (1020 MHz:  16% 1404 MHz: 2.5% 1788 MHz: 3.7% 2112 MHz: 1.7% 2352 MHz:   0% 2532 MHz: 1.5% 2592 MHz: 5.7%)
E-Cluster idle residency:  69.36%
E-Cluster down residency:   0.00%
CPU 0 frequency: 1425 MHz
CPU 0 active residency:  14.11% (1020 MHz: 8.1% 1404 MHz: 1.7% 1788 MHz: 1.9% 2112 MHz: .29% 2352 MHz:   0% 2532 MHz: .07% 2592 MHz: 2.0%)
CPU 0 idle residency:  85.89%
CPU 0 down residency:   0.00%
CPU 1 frequency: 1777 MHz
CPU 1 active residency:  14.66% (1020 MHz: 4.6% 1404 MHz: 1.4% 1788 MHz: 2.8% 2112 MHz: 1.5% 2352 MHz:   0% 2532 MHz: 1.5% 2592 MHz: 2.8%)
CPU 1 idle residency:  85.34%
CPU 1 down residency:   0.00%
CPU 2 frequency: 1325 MHz
CPU 2 active residency:   7.43% (1020 MHz: 4.2% 1404 MHz: 1.7% 1788 MHz: .79% 2112 MHz: .07% 2352 MHz:   0% 2532 MHz: .02% 2592 MHz: .56%)
CPU 2 idle residency:  92.57%
CPU 2 down residency:   0.00%
CPU 3 frequency: 1300 MHz
CPU 3 active residency:   5.62% (1020 MHz: 3.7% 1404 MHz: .79% 1788 MHz: .63% 2112 MHz: .12% 2352 MHz:   0% 2532 MHz: .09% 2592 MHz: .34%)
CPU 3 idle residency:  94.38%
CPU 3 down residency:   0.00%

P0-Cluster Online: 100%
P0-Cluster HW active frequency: 4391 MHz
P0-Cluster HW active residency: 100.00% (1260 MHz:   0% 1512 MHz:   0% 1800 MHz: .21% 2088 MHz: 1.5% 2352 MHz:   0% 2616 MHz:   0% 2868 MHz:   0% 3096 MHz:   0% 3300 MHz:   0% 3468 MHz:   0% 3624 MHz:   0% 3756 MHz:   0% 3852 MHz:   0% 3924 MHz: 1.6% 3996 MHz: .35% 4044 MHz:  13% 4104 MHz:   0% 4416 MHz: 5.7% 4512 MHz:  77%)
P0-Cluster idle residency:   0.00%
P0-Cluster down residency:   0.00%
CPU 4 frequency: 4490 MHz
CPU 4 active residency:  42.17% (1260 MHz:   0% 1512 MHz:   0% 1800 MHz: .11% 2088 MHz: .26% 2352 MHz:   0% 2616 MHz:   0% 2868 MHz:   0% 3096 MHz:   0% 3300 MHz:   0% 3468 MHz:   0% 3624 MHz:   0% 3756 MHz:   0% 3852 MHz:   0% 3924 MHz:   0% 3996 MHz:   0% 4044 MHz:   0% 4104 MHz:   0% 4416 MHz:   0% 4512 MHz:  42%)
CPU 4 idle residency:  57.83%
CPU 4 down residency:   0.00%
CPU 5 frequency: 4388 MHz
CPU 5 active residency:  34.20% (1260 MHz:   0% 1512 MHz:   0% 1800 MHz: .22% 2088 MHz: 1.5% 2352 MHz:   0% 2616 MHz:   0% 2868 MHz:   0% 3096 MHz:   0% 3300 MHz:   0% 3468 MHz:   0% 3624 MHz:   0% 3756 MHz:   0% 3852 MHz:   0% 3924 MHz:   0% 3996 MHz:   0% 4044 MHz:   0% 4104 MHz:   0% 4416 MHz:   0% 4512 MHz:  32%)
CPU 5 idle residency:  65.80%
CPU 5 down residency:   0.00%
CPU 6 frequency: 3897 MHz
CPU 6 active residency:   1.57% (1260 MHz:   0% 1512 MHz:   0% 1800 MHz: .14% 2088 MHz: .24% 2352 MHz:   0% 2616 MHz:   0% 2868 MHz:   0% 3096 MHz:   0% 3300 MHz:   0% 3468 MHz:   0% 3624 MHz:   0% 3756 MHz:   0% 3852 MHz:   0% 3924 MHz:   0% 3996 MHz:   0% 4044 MHz:   0% 4104 MHz:   0% 4416 MHz:   0% 4512 MHz: 1.2%)
CPU 6 idle residency:  98.43%
CPU 6 down residency:   0.00%
CPU 7 frequency: 4498 MHz
CPU 7 active residency:  32.30% (1260 MHz:   0% 1512 MHz:   0% 1800 MHz: .04% 2088 MHz: .15% 2352 MHz:   0% 2616 MHz:   0% 2868 MHz:   0% 3096 MHz:   0% 3300 MHz:   0% 3468 MHz:   0% 3624 MHz:   0% 3756 MHz:   0% 3852 MHz:   0% 3924 MHz:   0% 3996 MHz:   0% 4044 MHz:   0% 4104 MHz:   0% 4416 MHz:   0% 4512 MHz:  32%)
CPU 7 idle residency:  67.70%
CPU 7 down residency:   0.00%

P1-Cluster HW active frequency: 2989 MHz
P1-Cluster HW active residency:   3.71% (1260 MHz: 1.6% 1512 MHz:   0% 1800 MHz:   0% 2088 MHz:   0% 2352 MHz:   0% 2616 MHz: .13% 2868 MHz:   0% 3096 MHz:   0% 3300 MHz:   0% 3468 MHz:   0% 3624 MHz:   0% 3756 MHz:   0% 3852 MHz:   0% 3924 MHz: .09% 3996 MHz:   0% 4044 MHz:   0% 4104 MHz:   0% 4416 MHz: .07% 4512 MHz: 1.8%)
P1-Cluster idle residency:  10.87%
P1-Cluster down residency:  85.43%
CPU 8 frequency: 0 MHz
CPU 8 active residency:   0.00% (1260 MHz:   0% 1512 MHz:   0% 1800 MHz:   0% 2088 MHz:   0% 2352 MHz:   0% 2616 MHz:   0% 2868 MHz:   0% 3096 MHz:   0% 3300 MHz:   0% 3468 MHz:   0% 3624 MHz:   0% 3756 MHz:   0% 3852 MHz:   0% 3924 MHz:   0% 3996 MHz:   0% 4044 MHz:   0% 4104 MHz:   0% 4416 MHz:   0% 4512 MHz:   0%)
CPU 8 idle residency:  12.67%
CPU 8 down residency:  87.33%
CPU 9 frequency: 0 MHz
CPU 9 active residency:   0.00% (1260 MHz:   0% 1512 MHz:   0% 1800 MHz:   0% 2088 MHz:   0% 2352 MHz:   0% 2616 MHz:   0% 2868 MHz:   0% 3096 MHz:   0% 3300 MHz:   0% 3468 MHz:   0% 3624 MHz:   0% 3756 MHz:   0% 3852 MHz:   0% 3924 MHz:   0% 3996 MHz:   0% 4044 MHz:   0% 4104 MHz:   0% 4416 MHz:   0% 4512 MHz:   0%)
CPU 9 idle residency:  14.27%
CPU 9 down residency:  85.73%
CPU 10 frequency: 0 MHz
CPU 10 active residency:   0.00% (1260 MHz:   0% 1512 MHz:   0% 1800 MHz:   0% 2088 MHz:   0% 2352 MHz:   0% 2616 MHz:   0% 2868 MHz:   0% 3096 MHz:   0% 3300 MHz:   0% 3468 MHz:   0% 3624 MHz:   0% 3756 MHz:   0% 3852 MHz:   0% 3924 MHz:   0% 3996 MHz:   0% 4044 MHz:   0% 4104 MHz:   0% 4416 MHz:   0% 4512 MHz:   0%)
CPU 10 idle residency:  14.28%
CPU 10 down residency:  85.72%
CPU 11 frequency: 0 MHz
CPU 11 active residency:   0.00% (1260 MHz:   0% 1512 MHz:   0% 1800 MHz:   0% 2088 MHz:   0% 2352 MHz:   0% 2616 MHz:   0% 2868 MHz:   0% 3096 MHz:   0% 3300 MHz:   0% 3468 MHz:   0% 3624 MHz:   0% 3756 MHz:   0% 3852 MHz:   0% 3924 MHz:   0% 3996 MHz:   0% 4044 MHz:   0% 4104 MHz:   0% 4416 MHz:   0% 4512 MHz:   0%)
CPU 11 idle residency:  14.24%
CPU 11 down residency:  85.76%

CPU Power: 5117 mW
GPU Power: 0 mW
ANE Power: 0 mW
Combined Power (CPU + GPU + ANE): 5117 mW


*** Sampled system activity (Tue Sep 29 16:59:49 2026 -0300) (515.11ms elapsed) ***


**** Processor usage ****

E-Cluster Online: 100%
E-Cluster HW active frequency: 1103 MHz
E-Cluster HW active residency:  13.11% (1020 MHz:  11% 1404 MHz: .77% 1788 MHz: .78% 2112 MHz:   0% 2352 MHz: .06% 2532 MHz:   0% 2592 MHz: .08%)
E-Cluster idle residency:  86.89%
E-Cluster down residency:   0.00%
CPU 0 frequency: 1107 MHz
CPU 0 active residency:   6.64% (1020 MHz: 5.7% 1404 MHz: .45% 1788 MHz: .44% 2112 MHz:   0% 2352 MHz: .03% 2532 MHz:   0% 2592 MHz: .02%)
CPU 0 idle residency:  93.36%
CPU 0 down residency:   0.00%
CPU 1 frequency: 1135 MHz
CPU 1 active residency:   4.82% (1020 MHz: 3.9% 1404 MHz: .42% 1788 MHz: .44% 2112 MHz:   0% 2352 MHz: .03% 2532 MHz:   0% 2592 MHz: .01%)
CPU 1 idle residency:  95.18%
CPU 1 down residency:   0.00%
CPU 2 frequency: 1066 MHz
CPU 2 active residency:   1.56% (1020 MHz: 1.5% 1404 MHz: .03% 1788 MHz: .04% 2112 MHz:   0% 2352 MHz: .01% 2532 MHz:   0% 2592 MHz: .01%)
CPU 2 idle residency:  98.44%
CPU 2 down residency:   0.00%
CPU 3 frequency: 1050 MHz
CPU 3 active residency:   1.05% (1020 MHz: 1.0% 1404 MHz:   0% 1788 MHz: .01% 2112 MHz:   0% 2352 MHz:   0% 2532 MHz:   0% 2592 MHz: .01%)
CPU 3 idle residency:  98.95%
CPU 3 down residency:   0.00%

P0-Cluster Online: 100%
P0-Cluster HW active frequency: 4431 MHz
P0-Cluster HW active residency: 100.00% (1260 MHz:   0% 1512 MHz:   0% 1800 MHz:   0% 2088 MHz:   0% 2352 MHz:   0% 2616 MHz:   0% 2868 MHz:   0% 3096 MHz:   0% 3300 MHz:   0% 3468 MHz:   0% 3624 MHz:   0% 3756 MHz:   0% 3852 MHz:   0% 3924 MHz: .96% 3996 MHz: .28% 4044 MHz:  15% 4104 MHz:   0% 4416 MHz: 5.1% 4512 MHz:  79%)
P0-Cluster idle residency:   0.00%
P0-Cluster down residency:   0.00%
CPU 4 frequency: 4512 MHz
CPU 4 active residency:  12.63% (1260 MHz:   0% 1512 MHz:   0% 1800 MHz:   0% 2088 MHz:   0% 2352 MHz:   0% 2616 MHz:   0% 2868 MHz:   0% 3096 MHz:   0% 3300 MHz:   0% 3468 MHz:   0% 3624 MHz:   0% 3756 MHz:   0% 3852 MHz:   0% 3924 MHz:   0% 3996 MHz:   0% 4044 MHz:   0% 4104 MHz:   0% 4416 MHz:   0% 4512 MHz:  13%)
CPU 4 idle residency:  87.37%
CPU 4 down residency:   0.00%
CPU 5 frequency: 4512 MHz
CPU 5 active residency:  25.83% (1260 MHz:   0% 1512 MHz:   0% 1800 MHz:   0% 2088 MHz:   0% 2352 MHz:   0% 2616 MHz:   0% 2868 MHz:   0% 3096 MHz:   0% 3300 MHz:   0% 3468 MHz:   0% 3624 MHz:   0% 3756 MHz:   0% 3852 MHz:   0% 3924 MHz:   0% 3996 MHz:   0% 4044 MHz:   0% 4104 MHz:   0% 4416 MHz:   0% 4512 MHz:  26%)
CPU 5 idle residency:  74.17%
CPU 5 down residency:   0.00%
CPU 6 frequency: 4512 MHz
CPU 6 active residency:  42.42% (1260 MHz:   0% 1512 MHz:   0% 1800 MHz:   0% 2088 MHz:   0% 2352 MHz:   0% 2616 MHz:   0% 2868 MHz:   0% 3096 MHz:   0% 3300 MHz:   0% 3468 MHz:   0% 3624 MHz:   0% 3756 MHz:   0% 3852 MHz:   0% 3924 MHz:   0% 3996 MHz:   0% 4044 MHz:   0% 4104 MHz:   0% 4416 MHz:   0% 4512 MHz:  42%)
CPU 6 idle residency:  57.58%
CPU 6 down residency:   0.00%
CPU 7 frequency: 4512 MHz
CPU 7 active residency:  26.21% (1260 MHz:   0% 1512 MHz:   0% 1800 MHz:   0% 2088 MHz:   0% 2352 MHz:   0% 2616 MHz:   0% 2868 MHz:   0% 3096 MHz:   0% 3300 MHz:   0% 3468 MHz:   0% 3624 MHz:   0% 3756 MHz:   0% 3852 MHz:   0% 3924 MHz:   0% 3996 MHz:   0% 4044 MHz:   0% 4104 MHz:   0% 4416 MHz:   0% 4512 MHz:  26%)
CPU 7 idle residency:  73.79%
CPU 7 down residency:   0.00%

P1-Cluster HW active frequency: 3236 MHz
P1-Cluster HW active residency:   0.70% (1260 MHz: .26% 1512 MHz:   0% 1800 MHz:   0% 2088 MHz:   0% 2352 MHz:   0% 2616 MHz:   0% 2868 MHz:   0% 3096 MHz:   0% 3300 MHz:   0% 3468 MHz:   0% 3624 MHz:   0% 3756 MHz:   0% 3852 MHz:   0% 3924 MHz: .04% 3996 MHz:   0% 4044 MHz:   0% 4104 MHz:   0% 4416 MHz: .03% 4512 MHz: .36%)
P1-Cluster idle residency:   1.67%
P1-Cluster down residency:  97.63%
CPU 8 frequency: 0 MHz
CPU 8 active residency:   0.00% (1260 MHz:   0% 1512 MHz:   0% 1800 MHz:   0% 2088 MHz:   0% 2352 MHz:   0% 2616 MHz:   0% 2868 MHz:   0% 3096 MHz:   0% 3300 MHz:   0% 3468 MHz:   0% 3624 MHz:   0% 3756 MHz:   0% 3852 MHz:   0% 3924 MHz:   0% 3996 MHz:   0% 4044 MHz:   0% 4104 MHz:   0% 4416 MHz:   0% 4512 MHz:   0%)
CPU 8 idle residency:   2.16%
CPU 8 down residency:  97.84%
CPU 9 frequency: 0 MHz
CPU 9 active residency:   0.00% (1260 MHz:   0% 1512 MHz:   0% 1800 MHz:   0% 2088 MHz:   0% 2352 MHz:   0% 2616 MHz:   0% 2868 MHz:   0% 3096 MHz:   0% 3300 MHz:   0% 3468 MHz:   0% 3624 MHz:   0% 3756 MHz:   0% 3852 MHz:   0% 3924 MHz:   0% 3996 MHz:   0% 4044 MHz:   0% 4104 MHz:   0% 4416 MHz:   0% 4512 MHz:   0%)
CPU 9 idle residency:   2.20%
CPU 9 down residency:  97.80%
CPU 10 frequency: 0 MHz
CPU 10 active residency:   0.00% (1260 MHz:   0% 1512 MHz:   0% 1800 MHz:   0% 2088 MHz:   0% 2352 MHz:   0% 2616 MHz:   0% 2868 MHz:   0% 3096 MHz:   0% 3300 MHz:   0% 3468 MHz:   0% 3624 MHz:   0% 3756 MHz:   0% 3852 MHz:   0% 3924 MHz:   0% 3996 MHz:   0% 4044 MHz:   0% 4104 MHz:   0% 4416 MHz:   0% 4512 MHz:   0%)
CPU 10 idle residency:   2.23%
CPU 10 down residency:  97.77%
CPU 11 frequency: 0 MHz
CPU 11 active residency:   0.00% (1260 MHz:   0% 1512 MHz:   0% 1800 MHz:   0% 2088 MHz:   0% 2352 MHz:   0% 2616 MHz:   0% 2868 MHz:   0% 3096 MHz:   0% 3300 MHz:   0% 3468 MHz:   0% 3624 MHz:   0% 3756 MHz:   0% 3852 MHz:   0% 3924 MHz:   0% 3996 MHz:   0% 4044 MHz:   0% 4104 MHz:   0% 4416 MHz:   0% 4512 MHz:   0%)
CPU 11 idle residency:   2.25%
CPU 11 down residency:  97.75%

CPU Power: 5001 mW
GPU Power: 0 mW
ANE Power: 0 mW
Combined Power (CPU + GPU + ANE): 5001 mW


*** Sampled system activity (Tue Sep 29 16:59:50 2026 -0300) (515.11ms elapsed) ***


**** Processor usage ****

E-Cluster Online: 100%
E-Cluster HW active frequency: 1341 MHz
E-Cluster HW active residency:  16.61% (1020 MHz:  12% 1404 MHz: .78% 1788 MHz: 1.5% 2112 MHz: .78% 2352 MHz:   0% 2532 MHz: .76% 2592 MHz: 1.2%)
E-Cluster idle residency:  83.39%
E-Cluster down residency:   0.00%
CPU 0 frequency: 1330 MHz
CPU 0 active residency:   8.50% (1020 MHz: 5.2% 1404 MHz: .78% 1788 MHz: 1.5% 2112 MHz: .74% 2352 MHz:   0% 2532 MHz: .17% 2592 MHz: .07%)
CPU 0 idle residency:  91.50%
CPU 0 down residency:   0.00%
CPU 1 frequency: 1180 MHz
CPU 1 active residency:   4.04% (1020 MHz: 3.5% 1404 MHz: .00% 1788 MHz: .02% 2112 MHz: .29% 2352 MHz:   0% 2532 MHz: .12% 2592 MHz: .08%)
CPU 1 idle residency:  95.96%
CPU 1 down residency:   0.00%
CPU 2 frequency: 1612 MHz
CPU 2 active residency:   5.09% (1020 MHz: 3.0% 1404 MHz:   0% 1788 MHz: .01% 2112 MHz: .28% 2352 MHz:   0% 2532 MHz: .76% 2592 MHz: .99%)
CPU 2 idle residency:  94.91%
CPU 2 down residency:   0.00%
CPU 3 frequency: 1482 MHz
CPU 3 active residency:   1.58% (1020 MHz: .96% 1404 MHz: .04% 1788 MHz: .06% 2112 MHz: .29% 2352 MHz:   0% 2532 MHz: .14% 2592 MHz: .09%)
CPU 3 idle residency:  98.42%
CPU 3 down residency:   0.00%

P0-Cluster Online: 100%
P0-Cluster HW active frequency: 4418 MHz
P0-Cluster HW active residency: 100.00% (1260 MHz:   0% 1512 MHz:   0% 1800 MHz:   0% 2088 MHz:   0% 2352 MHz:   0% 2616 MHz:   0% 2868 MHz:   0% 3096 MHz:   0% 3300 MHz:   0% 3468 MHz:   0% 3624 MHz:   0% 3756 MHz:   0% 3852 MHz:   0% 3924 MHz: .42% 3996 MHz: .12% 4044 MHz:  19% 4104 MHz:   0% 4416 MHz: 4.2% 4512 MHz:  77%)
P0-Cluster idle residency:   0.00%
P0-Cluster down residency:   0.00%
CPU 4 frequency: 4512 MHz
CPU 4 active residency:  34.74% (1260 MHz:   0% 1512 MHz:   0% 1800 MHz:   0% 2088 MHz:   0% 2352 MHz:   0% 2616 MHz:   0% 2868 MHz:   0% 3096 MHz:   0% 3300 MHz:   0% 3468 MHz:   0% 3624 MHz:   0% 3756 MHz:   0% 3852 MHz:   0% 3924 MHz:   0% 3996 MHz:   0% 4044 MHz:   0% 4104 MHz:   0% 4416 MHz:   0% 4512 MHz:  35%)
CPU 4 idle residency:  65.26%
CPU 4 down residency:   0.00%
CPU 5 frequency: 4512 MHz
CPU 5 active residency:  21.71% (1260 MHz:   0% 1512 MHz:   0% 1800 MHz:   0% 2088 MHz:   0% 2352 MHz:   0% 2616 MHz:   0% 2868 MHz:   0% 3096 MHz:   0% 3300 MHz:   0% 3468 MHz:   0% 3624 MHz:   0% 3756 MHz:   0% 3852 MHz:   0% 3924 MHz:   0% 3996 MHz:   0% 4044 MHz:   0% 4104 MHz:   0% 4416 MHz:   0% 4512 MHz:  22%)
CPU 5 idle residency:  78.29%
CPU 5 down residency:   0.00%
CPU 6 frequency: 4512 MHz
CPU 6 active residency:  26.35% (1260 MHz:   0% 1512 MHz:   0% 1800 MHz:   0% 2088 MHz:   0% 2352 MHz:   0% 2616 MHz:   0% 2868 MHz:   0% 3096 MHz:   0% 3300 MHz:   0% 3468 MHz:   0% 3624 MHz:   0% 3756 MHz:   0% 3852 MHz:   0% 3924 MHz:   0% 3996 MHz:   0% 4044 MHz:   0% 4104 MHz:   0% 4416 MHz:   0% 4512 MHz:  26%)
CPU 6 idle residency:  73.65%
CPU 6 down residency:   0.00%
CPU 7 frequency: 4512 MHz
CPU 7 active residency:  21.93% (1260 MHz:   0% 1512 MHz:   0% 1800 MHz:   0% 2088 MHz:   0% 2352 MHz:   0% 2616 MHz:   0% 2868 MHz:   0% 3096 MHz:   0% 3300 MHz:   0% 3468 MHz:   0% 3624 MHz:   0% 3756 MHz:   0% 3852 MHz:   0% 3924 MHz:   0% 3996 MHz:   0% 4044 MHz:   0% 4104 MHz:   0% 4416 MHz:   0% 4512 MHz:  22%)
CPU 7 idle residency:  78.07%
CPU 7 down residency:   0.00%

P1-Cluster HW active frequency: 1260 MHz
P1-Cluster HW active residency:   0.13% (1260 MHz: .13% 1512 MHz:   0% 1800 MHz:   0% 2088 MHz:   0% 2352 MHz:   0% 2616 MHz:   0% 2868 MHz:   0% 3096 MHz:   0% 3300 MHz:   0% 3468 MHz:   0% 3624 MHz:   0% 3756 MHz:   0% 3852 MHz:   0% 3924 MHz:   0% 3996 MHz:   0% 4044 MHz:   0% 4104 MHz:   0% 4416 MHz:   0% 4512 MHz:   0%)
P1-Cluster idle residency:   1.20%
P1-Cluster down residency:  98.67%
CPU 8 frequency: 0 MHz
CPU 8 active residency:   0.00% (1260 MHz:   0% 1512 MHz:   0% 1800 MHz:   0% 2088 MHz:   0% 2352 MHz:   0% 2616 MHz:   0% 2868 MHz:   0% 3096 MHz:   0% 3300 MHz:   0% 3468 MHz:   0% 3624 MHz:   0% 3756 MHz:   0% 3852 MHz:   0% 3924 MHz:   0% 3996 MHz:   0% 4044 MHz:   0% 4104 MHz:   0% 4416 MHz:   0% 4512 MHz:   0%)
CPU 8 idle residency:   1.28%
CPU 8 down residency:  98.72%
CPU 9 frequency: 0 MHz
CPU 9 active residency:   0.00% (1260 MHz:   0% 1512 MHz:   0% 1800 MHz:   0% 2088 MHz:   0% 2352 MHz:   0% 2616 MHz:   0% 2868 MHz:   0% 3096 MHz:   0% 3300 MHz:   0% 3468 MHz:   0% 3624 MHz:   0% 3756 MHz:   0% 3852 MHz:   0% 3924 MHz:   0% 3996 MHz:   0% 4044 MHz:   0% 4104 MHz:   0% 4416 MHz:   0% 4512 MHz:   0%)
CPU 9 idle residency:   1.28%
CPU 9 down residency:  98.72%
CPU 10 frequency: 0 MHz
CPU 10 active residency:   0.00% (1260 MHz:   0% 1512 MHz:   0% 1800 MHz:   0% 2088 MHz:   0% 2352 MHz:   0% 2616 MHz:   0% 2868 MHz:   0% 3096 MHz:   0% 3300 MHz:   0% 3468 MHz:   0% 3624 MHz:   0% 3756 MHz:   0% 3852 MHz:   0% 3924 MHz:   0% 3996 MHz:   0% 4044 MHz:   0% 4104 MHz:   0% 4416 MHz:   0% 4512 MHz:   0%)
CPU 10 idle residency:   1.28%
CPU 10 down residency:  98.72%
CPU 11 frequency: 0 MHz
CPU 11 active residency:   0.00% (1260 MHz:   0% 1512 MHz:   0% 1800 MHz:   0% 2088 MHz:   0% 2352 MHz:   0% 2616 MHz:   0% 2868 MHz:   0% 3096 MHz:   0% 3300 MHz:   0% 3468 MHz:   0% 3624 MHz:   0% 3756 MHz:   0% 3852 MHz:   0% 3924 MHz:   0% 3996 MHz:   0% 4044 MHz:   0% 4104 MHz:   0% 4416 MHz:   0% 4512 MHz:   0%)
CPU 11 idle residency:   1.28%
CPU 11 down residency:  98.72%

CPU Power: 4834 mW
GPU Power: 0 mW
ANE Power: 0 mW
Combined Power (CPU + GPU + ANE): 4834 mW


*** Sampled system activity (Tue Sep 29 16:59:50 2026 -0300) (514.95ms elapsed) ***


**** Processor usage ****

E-Cluster Online: 100%
E-Cluster HW active frequency: 1326 MHz
E-Cluster HW active residency:  11.43% (1020 MHz: 8.7% 1404 MHz:   0% 1788 MHz: .75% 2112 MHz:   0% 2352 MHz: .46% 2532 MHz: .38% 2592 MHz: 1.1%)
E-Cluster idle residency:  88.57%
E-Cluster down residency:   0.00%
CPU 0 frequency: 1085 MHz
CPU 0 active residency:   3.93% (1020 MHz: 3.7% 1404 MHz:   0% 1788 MHz: .22% 2112 MHz:   0% 2352 MHz: .03% 2532 MHz: .00% 2592 MHz: .03%)
CPU 0 idle residency:  96.07%
CPU 0 down residency:   0.00%
CPU 1 frequency: 1635 MHz
CPU 1 active residency:   4.59% (1020 MHz: 2.4% 1404 MHz:   0% 1788 MHz: .61% 2112 MHz:   0% 2352 MHz: .42% 2532 MHz: .38% 2592 MHz: .77%)
CPU 1 idle residency:  95.41%
CPU 1 down residency:   0.00%
CPU 2 frequency: 1086 MHz
CPU 2 active residency:   2.95% (1020 MHz: 2.8% 1404 MHz:   0% 1788 MHz: .03% 2112 MHz:   0% 2352 MHz: .04% 2532 MHz: .01% 2592 MHz: .06%)
CPU 2 idle residency:  97.05%
CPU 2 down residency:   0.00%
CPU 3 frequency: 1059 MHz
CPU 3 active residency:   0.39% (1020 MHz: .38% 1404 MHz:   0% 1788 MHz:   0% 2112 MHz:   0% 2352 MHz:   0% 2532 MHz:   0% 2592 MHz: .01%)
CPU 3 idle residency:  99.61%
CPU 3 down residency:   0.00%

P0-Cluster Online: 100%
P0-Cluster HW active frequency: 4414 MHz
P0-Cluster HW active residency: 100.00% (1260 MHz:   0% 1512 MHz:   0% 1800 MHz:   0% 2088 MHz:   0% 2352 MHz:   0% 2616 MHz:   0% 2868 MHz:   0% 3096 MHz:   0% 3300 MHz:   0% 3468 MHz:   0% 3624 MHz:   0% 3756 MHz:   0% 3852 MHz:   0% 3924 MHz: .62% 3996 MHz: .21% 4044 MHz:  19% 4104 MHz:   0% 4416 MHz: 3.0% 4512 MHz:  77%)
P0-Cluster idle residency:   0.00%
P0-Cluster down residency:   0.00%
CPU 4 frequency: 4512 MHz
CPU 4 active residency:  22.96% (1260 MHz:   0% 1512 MHz:   0% 1800 MHz:   0% 2088 MHz:   0% 2352 MHz:   0% 2616 MHz:   0% 2868 MHz:   0% 3096 MHz:   0% 3300 MHz:   0% 3468 MHz:   0% 3624 MHz:   0% 3756 MHz:   0% 3852 MHz:   0% 3924 MHz:   0% 3996 MHz:   0% 4044 MHz:   0% 4104 MHz:   0% 4416 MHz:   0% 4512 MHz:  23%)
CPU 4 idle residency:  77.04%
CPU 4 down residency:   0.00%
CPU 5 frequency: 4512 MHz
CPU 5 active residency:  25.93% (1260 MHz:   0% 1512 MHz:   0% 1800 MHz:   0% 2088 MHz:   0% 2352 MHz:   0% 2616 MHz:   0% 2868 MHz:   0% 3096 MHz:   0% 3300 MHz:   0% 3468 MHz:   0% 3624 MHz:   0% 3756 MHz:   0% 3852 MHz:   0% 3924 MHz:   0% 3996 MHz:   0% 4044 MHz:   0% 4104 MHz:   0% 4416 MHz:   0% 4512 MHz:  26%)
CPU 5 idle residency:  74.07%
CPU 5 down residency:   0.00%
CPU 6 frequency: 4512 MHz
CPU 6 active residency:  33.75% (1260 MHz:   0% 1512 MHz:   0% 1800 MHz:   0% 2088 MHz:   0% 2352 MHz:   0% 2616 MHz:   0% 2868 MHz:   0% 3096 MHz:   0% 3300 MHz:   0% 3468 MHz:   0% 3624 MHz:   0% 3756 MHz:   0% 3852 MHz:   0% 3924 MHz:   0% 3996 MHz:   0% 4044 MHz:   0% 4104 MHz:   0% 4416 MHz:   0% 4512 MHz:  34%)
CPU 6 idle residency:  66.25%
CPU 6 down residency:   0.00%
CPU 7 frequency: 4512 MHz
CPU 7 active residency:  21.53% (1260 MHz:   0% 1512 MHz:   0% 1800 MHz:   0% 2088 MHz:   0% 2352 MHz:   0% 2616 MHz:   0% 2868 MHz:   0% 3096 MHz:   0% 3300 MHz:   0% 3468 MHz:   0% 3624 MHz:   0% 3756 MHz:   0% 3852 MHz:   0% 3924 MHz:   0% 3996 MHz:   0% 4044 MHz:   0% 4104 MHz:   0% 4416 MHz:   0% 4512 MHz:  22%)
CPU 7 idle residency:  78.47%
CPU 7 down residency:   0.00%

P1-Cluster HW active frequency: 0 MHz
P1-Cluster HW active residency:   0.00% (1260 MHz:   0% 1512 MHz:   0% 1800 MHz:   0% 2088 MHz:   0% 2352 MHz:   0% 2616 MHz:   0% 2868 MHz:   0% 3096 MHz:   0% 3300 MHz:   0% 3468 MHz:   0% 3624 MHz:   0% 3756 MHz:   0% 3852 MHz:   0% 3924 MHz:   0% 3996 MHz:   0% 4044 MHz:   0% 4104 MHz:   0% 4416 MHz:   0% 4512 MHz:   0%)
P1-Cluster idle residency:   0.00%
P1-Cluster down residency: 100.00%
CPU 8 frequency: 0 MHz
CPU 8 active residency:   0.00% (1260 MHz:   0% 1512 MHz:   0% 1800 MHz:   0% 2088 MHz:   0% 2352 MHz:   0% 2616 MHz:   0% 2868 MHz:   0% 3096 MHz:   0% 3300 MHz:   0% 3468 MHz:   0% 3624 MHz:   0% 3756 MHz:   0% 3852 MHz:   0% 3924 MHz:   0% 3996 MHz:   0% 4044 MHz:   0% 4104 MHz:   0% 4416 MHz:   0% 4512 MHz:   0%)
CPU 8 idle residency:   0.00%
CPU 8 down residency: 100.00%
CPU 9 frequency: 0 MHz
CPU 9 active residency:   0.00% (1260 MHz:   0% 1512 MHz:   0% 1800 MHz:   0% 2088 MHz:   0% 2352 MHz:   0% 2616 MHz:   0% 2868 MHz:   0% 3096 MHz:   0% 3300 MHz:   0% 3468 MHz:   0% 3624 MHz:   0% 3756 MHz:   0% 3852 MHz:   0% 3924 MHz:   0% 3996 MHz:   0% 4044 MHz:   0% 4104 MHz:   0% 4416 MHz:   0% 4512 MHz:   0%)
CPU 9 idle residency:   0.00%
CPU 9 down residency: 100.00%
CPU 10 frequency: 0 MHz
CPU 10 active residency:   0.00% (1260 MHz:   0% 1512 MHz:   0% 1800 MHz:   0% 2088 MHz:   0% 2352 MHz:   0% 2616 MHz:   0% 2868 MHz:   0% 3096 MHz:   0% 3300 MHz:   0% 3468 MHz:   0% 3624 MHz:   0% 3756 MHz:   0% 3852 MHz:   0% 3924 MHz:   0% 3996 MHz:   0% 4044 MHz:   0% 4104 MHz:   0% 4416 MHz:   0% 4512 MHz:   0%)
CPU 10 idle residency:   0.00%
CPU 10 down residency: 100.00%
CPU 11 frequency: 0 MHz
CPU 11 active residency:   0.00% (1260 MHz:   0% 1512 MHz:   0% 1800 MHz:   0% 2088 MHz:   0% 2352 MHz:   0% 2616 MHz:   0% 2868 MHz:   0% 3096 MHz:   0% 3300 MHz:   0% 3468 MHz:   0% 3624 MHz:   0% 3756 MHz:   0% 3852 MHz:   0% 3924 MHz:   0% 3996 MHz:   0% 4044 MHz:   0% 4104 MHz:   0% 4416 MHz:   0% 4512 MHz:   0%)
CPU 11 idle residency:   0.00%
CPU 11 down residency: 100.00%

CPU Power: 4779 mW
GPU Power: 0 mW
ANE Power: 0 mW
Combined Power (CPU + GPU + ANE): 4779 mW


*** Sampled system activity (Tue Sep 29 16:59:51 2026 -0300) (514.31ms elapsed) ***


**** Processor usage ****

E-Cluster Online: 100%
E-Cluster HW active frequency: 1360 MHz
E-Cluster HW active residency:  14.56% (1020 MHz:  11% 1404 MHz:   0% 1788 MHz: .49% 2112 MHz: .29% 2352 MHz: .83% 2532 MHz: .77% 2592 MHz: 1.3%)
E-Cluster idle residency:  85.44%
E-Cluster down residency:   0.00%
CPU 0 frequency: 1235 MHz
CPU 0 active residency:   6.00% (1020 MHz: 4.9% 1404 MHz:   0% 1788 MHz: .37% 2112 MHz: .01% 2352 MHz: .27% 2532 MHz: .22% 2592 MHz: .19%)
CPU 0 idle residency:  94.00%
CPU 0 down residency:   0.00%
CPU 1 frequency: 1535 MHz
CPU 1 active residency:   5.93% (1020 MHz: 3.6% 1404 MHz:   0% 1788 MHz: .33% 2112 MHz: .30% 2352 MHz: .61% 2532 MHz: .60% 2592 MHz: .49%)
CPU 1 idle residency:  94.07%
CPU 1 down residency:   0.00%
CPU 2 frequency: 1237 MHz
CPU 2 active residency:   3.10% (1020 MHz: 2.5% 1404 MHz:   0% 1788 MHz: .22% 2112 MHz: .03% 2352 MHz: .09% 2532 MHz: .01% 2592 MHz: .21%)
CPU 2 idle residency:  96.90%
CPU 2 down residency:   0.00%
CPU 3 frequency: 1198 MHz
CPU 3 active residency:   0.43% (1020 MHz: .36% 1404 MHz:   0% 1788 MHz: .04% 2112 MHz: .01% 2352 MHz: .00% 2532 MHz:   0% 2592 MHz: .02%)
CPU 3 idle residency:  99.57%
CPU 3 down residency:   0.00%

P0-Cluster Online: 100%
P0-Cluster HW active frequency: 4420 MHz
P0-Cluster HW active residency: 100.00% (1260 MHz:   0% 1512 MHz:   0% 1800 MHz:   0% 2088 MHz:   0% 2352 MHz:   0% 2616 MHz:   0% 2868 MHz:   0% 3096 MHz:   0% 3300 MHz:   0% 3468 MHz:   0% 3624 MHz:   0% 3756 MHz:   0% 3852 MHz:   0% 3924 MHz: 1.1% 3996 MHz: .12% 4044 MHz:  17% 4104 MHz:   0% 4416 MHz: 3.9% 4512 MHz:  78%)
P0-Cluster idle residency:   0.00%
P0-Cluster down residency:   0.00%
CPU 4 frequency: 4512 MHz
CPU 4 active residency:  26.71% (1260 MHz:   0% 1512 MHz:   0% 1800 MHz:   0% 2088 MHz:   0% 2352 MHz:   0% 2616 MHz:   0% 2868 MHz:   0% 3096 MHz:   0% 3300 MHz:   0% 3468 MHz:   0% 3624 MHz:   0% 3756 MHz:   0% 3852 MHz:   0% 3924 MHz:   0% 3996 MHz:   0% 4044 MHz:   0% 4104 MHz:   0% 4416 MHz:   0% 4512 MHz:  27%)
CPU 4 idle residency:  73.29%
CPU 4 down residency:   0.00%
CPU 5 frequency: 4512 MHz
CPU 5 active residency:  40.13% (1260 MHz:   0% 1512 MHz:   0% 1800 MHz:   0% 2088 MHz:   0% 2352 MHz:   0% 2616 MHz:   0% 2868 MHz:   0% 3096 MHz:   0% 3300 MHz:   0% 3468 MHz:   0% 3624 MHz:   0% 3756 MHz:   0% 3852 MHz:   0% 3924 MHz:   0% 3996 MHz:   0% 4044 MHz:   0% 4104 MHz:   0% 4416 MHz:   0% 4512 MHz:  40%)
CPU 5 idle residency:  59.87%
CPU 5 down residency:   0.00%
CPU 6 frequency: 4512 MHz
CPU 6 active residency:  15.42% (1260 MHz:   0% 1512 MHz:   0% 1800 MHz:   0% 2088 MHz:   0% 2352 MHz:   0% 2616 MHz:   0% 2868 MHz:   0% 3096 MHz:   0% 3300 MHz:   0% 3468 MHz:   0% 3624 MHz:   0% 3756 MHz:   0% 3852 MHz:   0% 3924 MHz:   0% 3996 MHz:   0% 4044 MHz:   0% 4104 MHz:   0% 4416 MHz:   0% 4512 MHz:  15%)
CPU 6 idle residency:  84.58%
CPU 6 down residency:   0.00%
CPU 7 frequency: 4512 MHz
CPU 7 active residency:  23.41% (1260 MHz:   0% 1512 MHz:   0% 1800 MHz:   0% 2088 MHz:   0% 2352 MHz:   0% 2616 MHz:   0% 2868 MHz:   0% 3096 MHz:   0% 3300 MHz:   0% 3468 MHz:   0% 3624 MHz:   0% 3756 MHz:   0% 3852 MHz:   0% 3924 MHz:   0% 3996 MHz:   0% 4044 MHz:   0% 4104 MHz:   0% 4416 MHz:   0% 4512 MHz:  23%)
CPU 7 idle residency:  76.59%
CPU 7 down residency:   0.00%

P1-Cluster HW active frequency: 1260 MHz
P1-Cluster HW active residency:   0.16% (1260 MHz: .16% 1512 MHz:   0% 1800 MHz:   0% 2088 MHz:   0% 2352 MHz:   0% 2616 MHz:   0% 2868 MHz:   0% 3096 MHz:   0% 3300 MHz:   0% 3468 MHz:   0% 3624 MHz:   0% 3756 MHz:   0% 3852 MHz:   0% 3924 MHz:   0% 3996 MHz:   0% 4044 MHz:   0% 4104 MHz:   0% 4416 MHz:   0% 4512 MHz:   0%)
P1-Cluster idle residency:   1.29%
P1-Cluster down residency:  98.55%
CPU 8 frequency: 0 MHz
CPU 8 active residency:   0.00% (1260 MHz:   0% 1512 MHz:   0% 1800 MHz:   0% 2088 MHz:   0% 2352 MHz:   0% 2616 MHz:   0% 2868 MHz:   0% 3096 MHz:   0% 3300 MHz:   0% 3468 MHz:   0% 3624 MHz:   0% 3756 MHz:   0% 3852 MHz:   0% 3924 MHz:   0% 3996 MHz:   0% 4044 MHz:   0% 4104 MHz:   0% 4416 MHz:   0% 4512 MHz:   0%)
CPU 8 idle residency:   1.39%
CPU 8 down residency:  98.61%
CPU 9 frequency: 0 MHz
CPU 9 active residency:   0.00% (1260 MHz:   0% 1512 MHz:   0% 1800 MHz:   0% 2088 MHz:   0% 2352 MHz:   0% 2616 MHz:   0% 2868 MHz:   0% 3096 MHz:   0% 3300 MHz:   0% 3468 MHz:   0% 3624 MHz:   0% 3756 MHz:   0% 3852 MHz:   0% 3924 MHz:   0% 3996 MHz:   0% 4044 MHz:   0% 4104 MHz:   0% 4416 MHz:   0% 4512 MHz:   0%)
CPU 9 idle residency:   1.39%
CPU 9 down residency:  98.61%
CPU 10 frequency: 0 MHz
CPU 10 active residency:   0.00% (1260 MHz:   0% 1512 MHz:   0% 1800 MHz:   0% 2088 MHz:   0% 2352 MHz:   0% 2616 MHz:   0% 2868 MHz:   0% 3096 MHz:   0% 3300 MHz:   0% 3468 MHz:   0% 3624 MHz:   0% 3756 MHz:   0% 3852 MHz:   0% 3924 MHz:   0% 3996 MHz:   0% 4044 MHz:   0% 4104 MHz:   0% 4416 MHz:   0% 4512 MHz:   0%)
CPU 10 idle residency:   1.39%
CPU 10 down residency:  98.61%
CPU 11 frequency: 0 MHz
CPU 11 active residency:   0.00% (1260 MHz:   0% 1512 MHz:   0% 1800 MHz:   0% 2088 MHz:   0% 2352 MHz:   0% 2616 MHz:   0% 2868 MHz:   0% 3096 MHz:   0% 3300 MHz:   0% 3468 MHz:   0% 3624 MHz:   0% 3756 MHz:   0% 3852 MHz:   0% 3924 MHz:   0% 3996 MHz:   0% 4044 MHz:   0% 4104 MHz:   0% 4416 MHz:   0% 4512 MHz:   0%)
CPU 11 idle residency:   1.39%
CPU 11 down residency:  98.61%

CPU Power: 4882 mW
GPU Power: 0 mW
ANE Power: 0 mW
Combined Power (CPU + GPU + ANE): 4882 mW


*** Sampled system activity (Tue Sep 29 16:59:51 2026 -0300) (515.28ms elapsed) ***


**** Processor usage ****

E-Cluster Online: 100%
E-Cluster HW active frequency: 1091 MHz
E-Cluster HW active residency:  14.89% (1020 MHz:  13% 1404 MHz: .82% 1788 MHz: .56% 2112 MHz:   0% 2352 MHz:   0% 2532 MHz:   0% 2592 MHz: .20%)
E-Cluster idle residency:  85.11%
E-Cluster down residency:   0.00%
CPU 0 frequency: 1092 MHz
CPU 0 active residency:   7.46% (1020 MHz: 6.6% 1404 MHz: .50% 1788 MHz: .32% 2112 MHz:   0% 2352 MHz:   0% 2532 MHz:   0% 2592 MHz: .06%)
CPU 0 idle residency:  92.54%
CPU 0 down residency:   0.00%
CPU 1 frequency: 1087 MHz
CPU 1 active residency:   6.53% (1020 MHz: 5.8% 1404 MHz: .44% 1788 MHz: .29% 2112 MHz:   0% 2352 MHz:   0% 2532 MHz:   0% 2592 MHz: .03%)
CPU 1 idle residency:  93.47%
CPU 1 down residency:   0.00%
CPU 2 frequency: 1084 MHz
CPU 2 active residency:   1.24% (1020 MHz: 1.1% 1404 MHz: .07% 1788 MHz: .02% 2112 MHz:   0% 2352 MHz:   0% 2532 MHz:   0% 2592 MHz: .03%)
CPU 2 idle residency:  98.76%
CPU 2 down residency:   0.00%
CPU 3 frequency: 1078 MHz
CPU 3 active residency:   0.59% (1020 MHz: .55% 1404 MHz: .00% 1788 MHz: .03% 2112 MHz:   0% 2352 MHz:   0% 2532 MHz:   0% 2592 MHz: .01%)
CPU 3 idle residency:  99.41%
CPU 3 down residency:   0.00%

P0-Cluster Online: 100%
P0-Cluster HW active frequency: 4423 MHz
P0-Cluster HW active residency: 100.00% (1260 MHz:   0% 1512 MHz:   0% 1800 MHz:   0% 2088 MHz:   0% 2352 MHz:   0% 2616 MHz:   0% 2868 MHz:   0% 3096 MHz:   0% 3300 MHz:   0% 3468 MHz:   0% 3624 MHz:   0% 3756 MHz:   0% 3852 MHz:   0% 3924 MHz: .98% 3996 MHz: .34% 4044 MHz:  16% 4104 MHz:   0% 4416 MHz: 5.1% 4512 MHz:  77%)
P0-Cluster idle residency:   0.00%
P0-Cluster down residency:   0.00%
CPU 4 frequency: 4512 MHz
CPU 4 active residency:  31.85% (1260 MHz:   0% 1512 MHz:   0% 1800 MHz:   0% 2088 MHz:   0% 2352 MHz:   0% 2616 MHz:   0% 2868 MHz:   0% 3096 MHz:   0% 3300 MHz:   0% 3468 MHz:   0% 3624 MHz:   0% 3756 MHz:   0% 3852 MHz:   0% 3924 MHz:   0% 3996 MHz:   0% 4044 MHz:   0% 4104 MHz:   0% 4416 MHz:   0% 4512 MHz:  32%)
CPU 4 idle residency:  68.15%
CPU 4 down residency:   0.00%
CPU 5 frequency: 4512 MHz
CPU 5 active residency:  26.64% (1260 MHz:   0% 1512 MHz:   0% 1800 MHz:   0% 2088 MHz:   0% 2352 MHz:   0% 2616 MHz:   0% 2868 MHz:   0% 3096 MHz:   0% 3300 MHz:   0% 3468 MHz:   0% 3624 MHz:   0% 3756 MHz:   0% 3852 MHz:   0% 3924 MHz:   0% 3996 MHz:   0% 4044 MHz:   0% 4104 MHz:   0% 4416 MHz:   0% 4512 MHz:  27%)
CPU 5 idle residency:  73.36%
CPU 5 down residency:   0.00%
CPU 6 frequency: 4512 MHz
CPU 6 active residency:  21.26% (1260 MHz:   0% 1512 MHz:   0% 1800 MHz:   0% 2088 MHz:   0% 2352 MHz:   0% 2616 MHz:   0% 2868 MHz:   0% 3096 MHz:   0% 3300 MHz:   0% 3468 MHz:   0% 3624 MHz:   0% 3756 MHz:   0% 3852 MHz:   0% 3924 MHz:   0% 3996 MHz:   0% 4044 MHz:   0% 4104 MHz:   0% 4416 MHz:   0% 4512 MHz:  21%)
CPU 6 idle residency:  78.74%
CPU 6 down residency:   0.00%
CPU 7 frequency: 4512 MHz
CPU 7 active residency:  27.34% (1260 MHz:   0% 1512 MHz:   0% 1800 MHz:   0% 2088 MHz:   0% 2352 MHz:   0% 2616 MHz:   0% 2868 MHz:   0% 3096 MHz:   0% 3300 MHz:   0% 3468 MHz:   0% 3624 MHz:   0% 3756 MHz:   0% 3852 MHz:   0% 3924 MHz:   0% 3996 MHz:   0% 4044 MHz:   0% 4104 MHz:   0% 4416 MHz:   0% 4512 MHz:  27%)
CPU 7 idle residency:  72.66%
CPU 7 down residency:   0.00%

P1-Cluster HW active frequency: 3386 MHz
P1-Cluster HW active residency:   0.77% (1260 MHz: .26% 1512 MHz:   0% 1800 MHz:   0% 2088 MHz:   0% 2352 MHz:   0% 2616 MHz:   0% 2868 MHz:   0% 3096 MHz:   0% 3300 MHz:   0% 3468 MHz:   0% 3624 MHz:   0% 3756 MHz:   0% 3852 MHz:   0% 3924 MHz: .05% 3996 MHz:   0% 4044 MHz:   0% 4104 MHz:   0% 4416 MHz: .05% 4512 MHz: .41%)
P1-Cluster idle residency:   1.29%
P1-Cluster down residency:  97.95%
CPU 8 frequency: 0 MHz
CPU 8 active residency:   0.00% (1260 MHz:   0% 1512 MHz:   0% 1800 MHz:   0% 2088 MHz:   0% 2352 MHz:   0% 2616 MHz:   0% 2868 MHz:   0% 3096 MHz:   0% 3300 MHz:   0% 3468 MHz:   0% 3624 MHz:   0% 3756 MHz:   0% 3852 MHz:   0% 3924 MHz:   0% 3996 MHz:   0% 4044 MHz:   0% 4104 MHz:   0% 4416 MHz:   0% 4512 MHz:   0%)
CPU 8 idle residency:   1.64%
CPU 8 down residency:  98.36%
CPU 9 frequency: 0 MHz
CPU 9 active residency:   0.00% (1260 MHz:   0% 1512 MHz:   0% 1800 MHz:   0% 2088 MHz:   0% 2352 MHz:   0% 2616 MHz:   0% 2868 MHz:   0% 3096 MHz:   0% 3300 MHz:   0% 3468 MHz:   0% 3624 MHz:   0% 3756 MHz:   0% 3852 MHz:   0% 3924 MHz:   0% 3996 MHz:   0% 4044 MHz:   0% 4104 MHz:   0% 4416 MHz:   0% 4512 MHz:   0%)
CPU 9 idle residency:   1.86%
CPU 9 down residency:  98.14%
CPU 10 frequency: 0 MHz
CPU 10 active residency:   0.00% (1260 MHz:   0% 1512 MHz:   0% 1800 MHz:   0% 2088 MHz:   0% 2352 MHz:   0% 2616 MHz:   0% 2868 MHz:   0% 3096 MHz:   0% 3300 MHz:   0% 3468 MHz:   0% 3624 MHz:   0% 3756 MHz:   0% 3852 MHz:   0% 3924 MHz:   0% 3996 MHz:   0% 4044 MHz:   0% 4104 MHz:   0% 4416 MHz:   0% 4512 MHz:   0%)
CPU 10 idle residency:   1.86%
CPU 10 down residency:  98.14%
CPU 11 frequency: 0 MHz
CPU 11 active residency:   0.00% (1260 MHz:   0% 1512 MHz:   0% 1800 MHz:   0% 2088 MHz:   0% 2352 MHz:   0% 2616 MHz:   0% 2868 MHz:   0% 3096 MHz:   0% 3300 MHz:   0% 3468 MHz:   0% 3624 MHz:   0% 3756 MHz:   0% 3852 MHz:   0% 3924 MHz:   0% 3996 MHz:   0% 4044 MHz:   0% 4104 MHz:   0% 4416 MHz:   0% 4512 MHz:   0%)
CPU 11 idle residency:   1.92%
CPU 11 down residency:  98.08%

CPU Power: 4964 mW
GPU Power: 0 mW
ANE Power: 0 mW
Combined Power (CPU + GPU + ANE): 4964 mW


*** Sampled system activity (Tue Sep 29 16:59:52 2026 -0300) (514.79ms elapsed) ***


**** Processor usage ****

E-Cluster Online: 100%
E-Cluster HW active frequency: 1963 MHz
E-Cluster HW active residency:  54.09% (1020 MHz:  16% 1404 MHz: 3.1% 1788 MHz: 5.1% 2112 MHz: .68% 2352 MHz: .77% 2532 MHz: .00% 2592 MHz:  28%)
E-Cluster idle residency:  45.91%
E-Cluster down residency:   0.00%
CPU 0 frequency: 1883 MHz
CPU 0 active residency:  35.73% (1020 MHz:  12% 1404 MHz: 2.6% 1788 MHz: 3.6% 2112 MHz: .14% 2352 MHz: .53% 2532 MHz:   0% 2592 MHz:  17%)
CPU 0 idle residency:  64.27%
CPU 0 down residency:   0.00%
CPU 1 frequency: 2075 MHz
CPU 1 active residency:  29.22% (1020 MHz: 6.0% 1404 MHz: 2.4% 1788 MHz: 3.1% 2112 MHz: .66% 2352 MHz: .26% 2532 MHz:   0% 2592 MHz:  17%)
CPU 1 idle residency:  70.78%
CPU 1 down residency:   0.00%
CPU 2 frequency: 1957 MHz
CPU 2 active residency:  15.49% (1020 MHz: 4.3% 1404 MHz: 1.3% 1788 MHz: 1.8% 2112 MHz: .13% 2352 MHz: .25% 2532 MHz:   0% 2592 MHz: 7.7%)
CPU 2 idle residency:  84.51%
CPU 2 down residency:   0.00%
CPU 3 frequency: 1943 MHz
CPU 3 active residency:  15.24% (1020 MHz: 3.1% 1404 MHz: 2.4% 1788 MHz: 2.6% 2112 MHz: .10% 2352 MHz: .01% 2532 MHz:   0% 2592 MHz: 7.0%)
CPU 3 idle residency:  84.76%
CPU 3 down residency:   0.00%

P0-Cluster Online: 35%
P0-Cluster HW active frequency: 4416 MHz
P0-Cluster HW active residency:  37.43% (1260 MHz:   0% 1512 MHz:   0% 1800 MHz:   0% 2088 MHz:   0% 2352 MHz:   0% 2616 MHz:   0% 2868 MHz:   0% 3096 MHz:   0% 3300 MHz:   0% 3468 MHz:   0% 3624 MHz:   0% 3756 MHz:   0% 3852 MHz:   0% 3924 MHz: .13% 3996 MHz: .18% 4044 MHz: 6.9% 4104 MHz:   0% 4416 MHz: 2.3% 4512 MHz:  28%)
P0-Cluster idle residency:   0.00%
P0-Cluster down residency:  62.57%
CPU 4 frequency: 4512 MHz
CPU 4 active residency:   1.61% (1260 MHz:   0% 1512 MHz:   0% 1800 MHz:   0% 2088 MHz:   0% 2352 MHz:   0% 2616 MHz:   0% 2868 MHz:   0% 3096 MHz:   0% 3300 MHz:   0% 3468 MHz:   0% 3624 MHz:   0% 3756 MHz:   0% 3852 MHz:   0% 3924 MHz:   0% 3996 MHz:   0% 4044 MHz:   0% 4104 MHz:   0% 4416 MHz:   0% 4512 MHz: 1.6%)
CPU 4 idle residency:  26.45%
CPU 4 down residency:  71.94%
CPU 5 frequency: 0 MHz
CPU 5 active residency:   0.00% (1260 MHz:   0% 1512 MHz:   0% 1800 MHz:   0% 2088 MHz:   0% 2352 MHz:   0% 2616 MHz:   0% 2868 MHz:   0% 3096 MHz:   0% 3300 MHz:   0% 3468 MHz:   0% 3624 MHz:   0% 3756 MHz:   0% 3852 MHz:   0% 3924 MHz:   0% 3996 MHz:   0% 4044 MHz:   0% 4104 MHz:   0% 4416 MHz:   0% 4512 MHz:   0%)
CPU 5 idle residency:  37.28%
CPU 5 down residency:  62.72%
CPU 6 frequency: 4512 MHz
CPU 6 active residency:   0.02% (1260 MHz:   0% 1512 MHz:   0% 1800 MHz:   0% 2088 MHz:   0% 2352 MHz:   0% 2616 MHz:   0% 2868 MHz:   0% 3096 MHz:   0% 3300 MHz:   0% 3468 MHz:   0% 3624 MHz:   0% 3756 MHz:   0% 3852 MHz:   0% 3924 MHz:   0% 3996 MHz:   0% 4044 MHz:   0% 4104 MHz:   0% 4416 MHz:   0% 4512 MHz: .02%)
CPU 6 idle residency:  17.85%
CPU 6 down residency:  82.13%
CPU 7 frequency: 4512 MHz
CPU 7 active residency:   1.39% (1260 MHz:   0% 1512 MHz:   0% 1800 MHz:   0% 2088 MHz:   0% 2352 MHz:   0% 2616 MHz:   0% 2868 MHz:   0% 3096 MHz:   0% 3300 MHz:   0% 3468 MHz:   0% 3624 MHz:   0% 3756 MHz:   0% 3852 MHz:   0% 3924 MHz:   0% 3996 MHz:   0% 4044 MHz:   0% 4104 MHz:   0% 4416 MHz:   0% 4512 MHz: 1.4%)
CPU 7 idle residency:  35.85%
CPU 7 down residency:  62.76%

P1-Cluster HW active frequency: 4425 MHz
P1-Cluster HW active residency:  62.62% (1260 MHz: .05% 1512 MHz:   0% 1800 MHz:   0% 2088 MHz:   0% 2352 MHz:   0% 2616 MHz:   0% 2868 MHz:   0% 3096 MHz:   0% 3300 MHz:   0% 3468 MHz:   0% 3624 MHz:   0% 3756 MHz:   0% 3852 MHz:   0% 3924 MHz: .15% 3996 MHz: .12% 4044 MHz:  11% 4104 MHz:   0% 4416 MHz: 1.1% 4512 MHz:  50%)
P1-Cluster idle residency:   0.04%
P1-Cluster down residency:  37.34%
CPU 8 frequency: 4466 MHz
CPU 8 active residency:  48.70% (1260 MHz: .67% 1512 MHz:   0% 1800 MHz:   0% 2088 MHz:   0% 2352 MHz:   0% 2616 MHz: .03% 2868 MHz:   0% 3096 MHz:   0% 3300 MHz:   0% 3468 MHz:   0% 3624 MHz:   0% 3756 MHz:   0% 3852 MHz:   0% 3924 MHz:   0% 3996 MHz:   0% 4044 MHz:   0% 4104 MHz:   0% 4416 MHz:   0% 4512 MHz:  48%)
CPU 8 idle residency:  15.45%
CPU 8 down residency:  35.85%
CPU 9 frequency: 4391 MHz
CPU 9 active residency:  17.38% (1260 MHz: .65% 1512 MHz:   0% 1800 MHz:   0% 2088 MHz:   0% 2352 MHz:   0% 2616 MHz:   0% 2868 MHz:   0% 3096 MHz:   0% 3300 MHz:   0% 3468 MHz:   0% 3624 MHz:   0% 3756 MHz:   0% 3852 MHz:   0% 3924 MHz:   0% 3996 MHz:   0% 4044 MHz:   0% 4104 MHz:   0% 4416 MHz:   0% 4512 MHz:  17%)
CPU 9 idle residency:  45.76%
CPU 9 down residency:  36.87%
CPU 10 frequency: 2597 MHz
CPU 10 active residency:   1.07% (1260 MHz: .63% 1512 MHz:   0% 1800 MHz:   0% 2088 MHz:   0% 2352 MHz:   0% 2616 MHz:   0% 2868 MHz:   0% 3096 MHz:   0% 3300 MHz:   0% 3468 MHz:   0% 3624 MHz:   0% 3756 MHz:   0% 3852 MHz:   0% 3924 MHz:   0% 3996 MHz:   0% 4044 MHz:   0% 4104 MHz:   0% 4416 MHz:   0% 4512 MHz: .44%)
CPU 10 idle residency:  61.95%
CPU 10 down residency:  36.97%
CPU 11 frequency: 4385 MHz
CPU 11 active residency:  13.88% (1260 MHz: .54% 1512 MHz:   0% 1800 MHz:   0% 2088 MHz:   0% 2352 MHz:   0% 2616 MHz:   0% 2868 MHz:   0% 3096 MHz:   0% 3300 MHz:   0% 3468 MHz:   0% 3624 MHz:   0% 3756 MHz:   0% 3852 MHz:   0% 3924 MHz:   0% 3996 MHz:   0% 4044 MHz:   0% 4104 MHz:   0% 4416 MHz:   0% 4512 MHz:  13%)
CPU 11 idle residency:  53.70%
CPU 11 down residency:  32.42%

CPU Power: 4936 mW
GPU Power: 0 mW
ANE Power: 0 mW
Combined Power (CPU + GPU + ANE): 4936 mW


*** Sampled system activity (Tue Sep 29 16:59:52 2026 -0300) (515.42ms elapsed) ***


**** Processor usage ****

E-Cluster Online: 100%
E-Cluster HW active frequency: 1112 MHz
E-Cluster HW active residency:  26.05% (1020 MHz:  24% 1404 MHz: .88% 1788 MHz: .05% 2112 MHz:   0% 2352 MHz:   0% 2532 MHz:   0% 2592 MHz: 1.3%)
E-Cluster idle residency:  73.95%
E-Cluster down residency:   0.00%
CPU 0 frequency: 1098 MHz
CPU 0 active residency:  15.92% (1020 MHz:  15% 1404 MHz: .52% 1788 MHz: .04% 2112 MHz:   0% 2352 MHz:   0% 2532 MHz:   0% 2592 MHz: .65%)
CPU 0 idle residency:  84.08%
CPU 0 down residency:   0.00%
CPU 1 frequency: 1105 MHz
CPU 1 active residency:  10.24% (1020 MHz: 9.4% 1404 MHz: .35% 1788 MHz: .00% 2112 MHz:   0% 2352 MHz:   0% 2532 MHz:   0% 2592 MHz: .47%)
CPU 1 idle residency:  89.76%
CPU 1 down residency:   0.00%
CPU 2 frequency: 1064 MHz
CPU 2 active residency:   6.42% (1020 MHz: 5.9% 1404 MHz: .43% 1788 MHz:   0% 2112 MHz:   0% 2352 MHz:   0% 2532 MHz:   0% 2592 MHz: .07%)
CPU 2 idle residency:  93.58%
CPU 2 down residency:   0.00%
CPU 3 frequency: 1035 MHz
CPU 3 active residency:   5.05% (1020 MHz: 4.9% 1404 MHz: .12% 1788 MHz:   0% 2112 MHz:   0% 2352 MHz:   0% 2532 MHz:   0% 2592 MHz: .02%)
CPU 3 idle residency:  94.95%
CPU 3 down residency:   0.00%

P0-Cluster Online: 8%
P0-Cluster HW active frequency: 4324 MHz
P0-Cluster HW active residency:   2.14% (1260 MHz: .12% 1512 MHz:   0% 1800 MHz:   0% 2088 MHz:   0% 2352 MHz:   0% 2616 MHz:   0% 2868 MHz:   0% 3096 MHz:   0% 3300 MHz:   0% 3468 MHz:   0% 3624 MHz:   0% 3756 MHz:   0% 3852 MHz:   0% 3924 MHz: .04% 3996 MHz:   0% 4044 MHz:   0% 4104 MHz:   0% 4416 MHz: .04% 4512 MHz: 1.9%)
P0-Cluster idle residency:   3.65%
P0-Cluster down residency:  94.22%
CPU 4 frequency: 0 MHz
CPU 4 active residency:   0.00% (1260 MHz:   0% 1512 MHz:   0% 1800 MHz:   0% 2088 MHz:   0% 2352 MHz:   0% 2616 MHz:   0% 2868 MHz:   0% 3096 MHz:   0% 3300 MHz:   0% 3468 MHz:   0% 3624 MHz:   0% 3756 MHz:   0% 3852 MHz:   0% 3924 MHz:   0% 3996 MHz:   0% 4044 MHz:   0% 4104 MHz:   0% 4416 MHz:   0% 4512 MHz:   0%)
CPU 4 idle residency:   4.07%
CPU 4 down residency:  95.93%
CPU 5 frequency: 0 MHz
CPU 5 active residency:   0.00% (1260 MHz:   0% 1512 MHz:   0% 1800 MHz:   0% 2088 MHz:   0% 2352 MHz:   0% 2616 MHz:   0% 2868 MHz:   0% 3096 MHz:   0% 3300 MHz:   0% 3468 MHz:   0% 3624 MHz:   0% 3756 MHz:   0% 3852 MHz:   0% 3924 MHz:   0% 3996 MHz:   0% 4044 MHz:   0% 4104 MHz:   0% 4416 MHz:   0% 4512 MHz:   0%)
CPU 5 idle residency:   5.52%
CPU 5 down residency:  94.48%
CPU 6 frequency: 0 MHz
CPU 6 active residency:   0.00% (1260 MHz:   0% 1512 MHz:   0% 1800 MHz:   0% 2088 MHz:   0% 2352 MHz:   0% 2616 MHz:   0% 2868 MHz:   0% 3096 MHz:   0% 3300 MHz:   0% 3468 MHz:   0% 3624 MHz:   0% 3756 MHz:   0% 3852 MHz:   0% 3924 MHz:   0% 3996 MHz:   0% 4044 MHz:   0% 4104 MHz:   0% 4416 MHz:   0% 4512 MHz:   0%)
CPU 6 idle residency:   5.53%
CPU 6 down residency:  94.47%
CPU 7 frequency: 0 MHz
CPU 7 active residency:   0.00% (1260 MHz:   0% 1512 MHz:   0% 1800 MHz:   0% 2088 MHz:   0% 2352 MHz:   0% 2616 MHz:   0% 2868 MHz:   0% 3096 MHz:   0% 3300 MHz:   0% 3468 MHz:   0% 3624 MHz:   0% 3756 MHz:   0% 3852 MHz:   0% 3924 MHz:   0% 3996 MHz:   0% 4044 MHz:   0% 4104 MHz:   0% 4416 MHz:   0% 4512 MHz:   0%)
CPU 7 idle residency:   5.53%
CPU 7 down residency:  94.47%

P1-Cluster HW active frequency: 4432 MHz
P1-Cluster HW active residency: 100.00% (1260 MHz: .01% 1512 MHz:   0% 1800 MHz: .46% 2088 MHz:   0% 2352 MHz:   0% 2616 MHz:   0% 2868 MHz:   0% 3096 MHz:   0% 3300 MHz:   0% 3468 MHz:   0% 3624 MHz:   0% 3756 MHz:   0% 3852 MHz: .00% 3924 MHz: .87% 3996 MHz: .38% 4044 MHz:  12% 4104 MHz:   0% 4416 MHz: 5.5% 4512 MHz:  81%)
P1-Cluster idle residency:   0.00%
P1-Cluster down residency:   0.00%
CPU 8 frequency: 4426 MHz
CPU 8 active residency:  15.01% (1260 MHz: .01% 1512 MHz:   0% 1800 MHz: .46% 2088 MHz:   0% 2352 MHz:   0% 2616 MHz:   0% 2868 MHz:   0% 3096 MHz:   0% 3300 MHz:   0% 3468 MHz:   0% 3624 MHz:   0% 3756 MHz:   0% 3852 MHz:   0% 3924 MHz:   0% 3996 MHz:   0% 4044 MHz:   0% 4104 MHz:   0% 4416 MHz:   0% 4512 MHz:  15%)
CPU 8 idle residency:  84.99%
CPU 8 down residency:   0.00%
CPU 9 frequency: 4511 MHz
CPU 9 active residency:  29.35% (1260 MHz:   0% 1512 MHz:   0% 1800 MHz: .01% 2088 MHz:   0% 2352 MHz:   0% 2616 MHz:   0% 2868 MHz:   0% 3096 MHz:   0% 3300 MHz:   0% 3468 MHz:   0% 3624 MHz:   0% 3756 MHz:   0% 3852 MHz:   0% 3924 MHz:   0% 3996 MHz:   0% 4044 MHz:   0% 4104 MHz:   0% 4416 MHz:   0% 4512 MHz:  29%)
CPU 9 idle residency:  70.65%
CPU 9 down residency:   0.00%
CPU 10 frequency: 4512 MHz
CPU 10 active residency:  39.72% (1260 MHz:   0% 1512 MHz:   0% 1800 MHz: .00% 2088 MHz:   0% 2352 MHz:   0% 2616 MHz:   0% 2868 MHz:   0% 3096 MHz:   0% 3300 MHz:   0% 3468 MHz:   0% 3624 MHz:   0% 3756 MHz:   0% 3852 MHz:   0% 3924 MHz:   0% 3996 MHz:   0% 4044 MHz:   0% 4104 MHz:   0% 4416 MHz:   0% 4512 MHz:  40%)
CPU 10 idle residency:  60.28%
CPU 10 down residency:   0.00%
CPU 11 frequency: 4512 MHz
CPU 11 active residency:  22.85% (1260 MHz:   0% 1512 MHz:   0% 1800 MHz:   0% 2088 MHz:   0% 2352 MHz:   0% 2616 MHz:   0% 2868 MHz:   0% 3096 MHz:   0% 3300 MHz:   0% 3468 MHz:   0% 3624 MHz:   0% 3756 MHz:   0% 3852 MHz:   0% 3924 MHz:   0% 3996 MHz:   0% 4044 MHz:   0% 4104 MHz:   0% 4416 MHz:   0% 4512 MHz:  23%)
CPU 11 idle residency:  77.15%
CPU 11 down residency:   0.00%

CPU Power: 5060 mW
GPU Power: 8 mW
ANE Power: 0 mW
Combined Power (CPU + GPU + ANE): 5068 mW


*** Sampled system activity (Tue Sep 29 16:59:53 2026 -0300) (514.69ms elapsed) ***


**** Processor usage ****

E-Cluster Online: 100%
E-Cluster HW active frequency: 1224 MHz
E-Cluster HW active residency:  26.10% (1020 MHz:  21% 1404 MHz: .91% 1788 MHz: 1.8% 2112 MHz: .92% 2352 MHz: .36% 2532 MHz: .76% 2592 MHz: .61%)
E-Cluster idle residency:  73.90%
E-Cluster down residency:   0.00%
CPU 0 frequency: 1289 MHz
CPU 0 active residency:  16.65% (1020 MHz:  12% 1404 MHz: .77% 1788 MHz: 1.6% 2112 MHz: .78% 2352 MHz: .20% 2532 MHz: .77% 2592 MHz: .43%)
CPU 0 idle residency:  83.35%
CPU 0 down residency:   0.00%
CPU 1 frequency: 1113 MHz
CPU 1 active residency:   8.35% (1020 MHz: 7.6% 1404 MHz: .11% 1788 MHz: .21% 2112 MHz: .16% 2352 MHz: .21% 2532 MHz: .05% 2592 MHz: .03%)
CPU 1 idle residency:  91.65%
CPU 1 down residency:   0.00%
CPU 2 frequency: 1071 MHz
CPU 2 active residency:   4.91% (1020 MHz: 4.7% 1404 MHz: .00% 1788 MHz: .14% 2112 MHz: .04% 2352 MHz: .06% 2532 MHz: .00% 2592 MHz: .01%)
CPU 2 idle residency:  95.09%
CPU 2 down residency:   0.00%
CPU 3 frequency: 1039 MHz
CPU 3 active residency:   3.49% (1020 MHz: 3.4% 1404 MHz: .01% 1788 MHz: .07% 2112 MHz: .00% 2352 MHz: .01% 2532 MHz:   0% 2592 MHz: .00%)
CPU 3 idle residency:  96.51%
CPU 3 down residency:   0.00%

P0-Cluster Online: 2%
P0-Cluster HW active frequency: 1358 MHz
P0-Cluster HW active residency:   0.45% (1260 MHz: .40% 1512 MHz:   0% 1800 MHz:   0% 2088 MHz: .05% 2352 MHz:   0% 2616 MHz:   0% 2868 MHz:   0% 3096 MHz:   0% 3300 MHz:   0% 3468 MHz:   0% 3624 MHz:   0% 3756 MHz:   0% 3852 MHz:   0% 3924 MHz:   0% 3996 MHz:   0% 4044 MHz:   0% 4104 MHz:   0% 4416 MHz:   0% 4512 MHz:   0%)
P0-Cluster idle residency:   2.06%
P0-Cluster down residency:  97.49%
CPU 4 frequency: 4504 MHz
CPU 4 active residency:  11.65% (1260 MHz: .03% 1512 MHz:   0% 1800 MHz:   0% 2088 MHz:   0% 2352 MHz:   0% 2616 MHz:   0% 2868 MHz:   0% 3096 MHz:   0% 3300 MHz:   0% 3468 MHz:   0% 3624 MHz:   0% 3756 MHz:   0% 3852 MHz:   0% 3924 MHz:   0% 3996 MHz:   0% 4044 MHz:   0% 4104 MHz:   0% 4416 MHz:   0% 4512 MHz:  12%)
CPU 4 idle residency:   2.13%
CPU 4 down residency:  86.22%
CPU 5 frequency: 4213 MHz
CPU 5 active residency:   0.38% (1260 MHz: .03% 1512 MHz:   0% 1800 MHz:   0% 2088 MHz:   0% 2352 MHz:   0% 2616 MHz:   0% 2868 MHz:   0% 3096 MHz:   0% 3300 MHz:   0% 3468 MHz:   0% 3624 MHz:   0% 3756 MHz:   0% 3852 MHz:   0% 3924 MHz:   0% 3996 MHz:   0% 4044 MHz:   0% 4104 MHz:   0% 4416 MHz:   0% 4512 MHz: .34%)
CPU 5 idle residency:   2.41%
CPU 5 down residency:  97.21%
CPU 6 frequency: 4380 MHz
CPU 6 active residency:   0.86% (1260 MHz: .04% 1512 MHz:   0% 1800 MHz:   0% 2088 MHz:   0% 2352 MHz:   0% 2616 MHz:   0% 2868 MHz:   0% 3096 MHz:   0% 3300 MHz:   0% 3468 MHz:   0% 3624 MHz:   0% 3756 MHz:   0% 3852 MHz:   0% 3924 MHz:   0% 3996 MHz:   0% 4044 MHz:   0% 4104 MHz:   0% 4416 MHz:   0% 4512 MHz: .82%)
CPU 6 idle residency:   2.36%
CPU 6 down residency:  96.79%
CPU 7 frequency: 4248 MHz
CPU 7 active residency:   0.43% (1260 MHz: .04% 1512 MHz:   0% 1800 MHz:   0% 2088 MHz:   0% 2352 MHz:   0% 2616 MHz:   0% 2868 MHz:   0% 3096 MHz:   0% 3300 MHz:   0% 3468 MHz:   0% 3624 MHz:   0% 3756 MHz:   0% 3852 MHz:   0% 3924 MHz:   0% 3996 MHz:   0% 4044 MHz:   0% 4104 MHz:   0% 4416 MHz:   0% 4512 MHz: .40%)
CPU 7 idle residency:   2.40%
CPU 7 down residency:  97.16%

P1-Cluster HW active frequency: 4439 MHz
P1-Cluster HW active residency: 100.00% (1260 MHz:   0% 1512 MHz:   0% 1800 MHz:   0% 2088 MHz:   0% 2352 MHz:   0% 2616 MHz:   0% 2868 MHz:   0% 3096 MHz:   0% 3300 MHz:   0% 3468 MHz:   0% 3624 MHz:   0% 3756 MHz:   0% 3852 MHz:   0% 3924 MHz: .46% 3996 MHz: .13% 4044 MHz:  14% 4104 MHz:   0% 4416 MHz: 6.4% 4512 MHz:  79%)
P1-Cluster idle residency:   0.00%
P1-Cluster down residency:   0.00%
CPU 8 frequency: 4512 MHz
CPU 8 active residency:  28.17% (1260 MHz:   0% 1512 MHz:   0% 1800 MHz:   0% 2088 MHz:   0% 2352 MHz:   0% 2616 MHz:   0% 2868 MHz:   0% 3096 MHz:   0% 3300 MHz:   0% 3468 MHz:   0% 3624 MHz:   0% 3756 MHz:   0% 3852 MHz:   0% 3924 MHz:   0% 3996 MHz:   0% 4044 MHz:   0% 4104 MHz:   0% 4416 MHz:   0% 4512 MHz:  28%)
CPU 8 idle residency:  71.83%
CPU 8 down residency:   0.00%
CPU 9 frequency: 4512 MHz
CPU 9 active residency:   3.17% (1260 MHz:   0% 1512 MHz:   0% 1800 MHz:   0% 2088 MHz:   0% 2352 MHz:   0% 2616 MHz:   0% 2868 MHz:   0% 3096 MHz:   0% 3300 MHz:   0% 3468 MHz:   0% 3624 MHz:   0% 3756 MHz:   0% 3852 MHz:   0% 3924 MHz:   0% 3996 MHz:   0% 4044 MHz:   0% 4104 MHz:   0% 4416 MHz:   0% 4512 MHz: 3.2%)
CPU 9 idle residency:  96.83%
CPU 9 down residency:   0.00%
CPU 10 frequency: 4512 MHz
CPU 10 active residency:  29.66% (1260 MHz:   0% 1512 MHz:   0% 1800 MHz:   0% 2088 MHz:   0% 2352 MHz:   0% 2616 MHz:   0% 2868 MHz:   0% 3096 MHz:   0% 3300 MHz:   0% 3468 MHz:   0% 3624 MHz:   0% 3756 MHz:   0% 3852 MHz:   0% 3924 MHz:   0% 3996 MHz:   0% 4044 MHz:   0% 4104 MHz:   0% 4416 MHz:   0% 4512 MHz:  30%)
CPU 10 idle residency:  70.34%
CPU 10 down residency:   0.00%
CPU 11 frequency: 4512 MHz
CPU 11 active residency:  46.02% (1260 MHz:   0% 1512 MHz:   0% 1800 MHz:   0% 2088 MHz:   0% 2352 MHz:   0% 2616 MHz:   0% 2868 MHz:   0% 3096 MHz:   0% 3300 MHz:   0% 3468 MHz:   0% 3624 MHz:   0% 3756 MHz:   0% 3852 MHz:   0% 3924 MHz:   0% 3996 MHz:   0% 4044 MHz:   0% 4104 MHz:   0% 4416 MHz:   0% 4512 MHz:  46%)
CPU 11 idle residency:  53.98%
CPU 11 down residency:   0.00%

CPU Power: 5090 mW
GPU Power: 0 mW
ANE Power: 0 mW
Combined Power (CPU + GPU + ANE): 5090 mW


*** Sampled system activity (Tue Sep 29 16:59:53 2026 -0300) (515.09ms elapsed) ***


**** Processor usage ****

E-Cluster Online: 100%
E-Cluster HW active frequency: 1096 MHz
E-Cluster HW active residency:  24.56% (1020 MHz:  22% 1404 MHz: .77% 1788 MHz: .70% 2112 MHz:   0% 2352 MHz:   0% 2532 MHz:   0% 2592 MHz: .67%)
E-Cluster idle residency:  75.44%
E-Cluster down residency:   0.00%
CPU 0 frequency: 1088 MHz
CPU 0 active residency:  12.24% (1020 MHz:  11% 1404 MHz: .44% 1788 MHz: .44% 2112 MHz:   0% 2352 MHz:   0% 2532 MHz:   0% 2592 MHz: .21%)
CPU 0 idle residency:  87.76%
CPU 0 down residency:   0.00%
CPU 1 frequency: 1099 MHz
CPU 1 active residency:  10.69% (1020 MHz: 9.7% 1404 MHz: .41% 1788 MHz: .37% 2112 MHz:   0% 2352 MHz:   0% 2532 MHz:   0% 2592 MHz: .25%)
CPU 1 idle residency:  89.31%
CPU 1 down residency:   0.00%
CPU 2 frequency: 1098 MHz
CPU 2 active residency:   3.06% (1020 MHz: 2.8% 1404 MHz: .04% 1788 MHz: .15% 2112 MHz:   0% 2352 MHz:   0% 2532 MHz:   0% 2592 MHz: .07%)
CPU 2 idle residency:  96.94%
CPU 2 down residency:   0.00%
CPU 3 frequency: 1082 MHz
CPU 3 active residency:   2.64% (1020 MHz: 2.5% 1404 MHz:   0% 1788 MHz: .08% 2112 MHz:   0% 2352 MHz:   0% 2532 MHz:   0% 2592 MHz: .06%)
CPU 3 idle residency:  97.36%
CPU 3 down residency:   0.00%

P0-Cluster Online: 8%
P0-Cluster HW active frequency: 1713 MHz
P0-Cluster HW active residency:   0.93% (1260 MHz: .79% 1512 MHz:   0% 1800 MHz:   0% 2088 MHz:   0% 2352 MHz:   0% 2616 MHz:   0% 2868 MHz:   0% 3096 MHz:   0% 3300 MHz:   0% 3468 MHz:   0% 3624 MHz:   0% 3756 MHz:   0% 3852 MHz:   0% 3924 MHz: .03% 3996 MHz:   0% 4044 MHz:   0% 4104 MHz:   0% 4416 MHz: .03% 4512 MHz: .08%)
P0-Cluster idle residency:   5.03%
P0-Cluster down residency:  94.04%
CPU 4 frequency: 0 MHz
CPU 4 active residency:   0.00% (1260 MHz:   0% 1512 MHz:   0% 1800 MHz:   0% 2088 MHz:   0% 2352 MHz:   0% 2616 MHz:   0% 2868 MHz:   0% 3096 MHz:   0% 3300 MHz:   0% 3468 MHz:   0% 3624 MHz:   0% 3756 MHz:   0% 3852 MHz:   0% 3924 MHz:   0% 3996 MHz:   0% 4044 MHz:   0% 4104 MHz:   0% 4416 MHz:   0% 4512 MHz:   0%)
CPU 4 idle residency:   5.62%
CPU 4 down residency:  94.38%
CPU 5 frequency: 0 MHz
CPU 5 active residency:   0.00% (1260 MHz:   0% 1512 MHz:   0% 1800 MHz:   0% 2088 MHz:   0% 2352 MHz:   0% 2616 MHz:   0% 2868 MHz:   0% 3096 MHz:   0% 3300 MHz:   0% 3468 MHz:   0% 3624 MHz:   0% 3756 MHz:   0% 3852 MHz:   0% 3924 MHz:   0% 3996 MHz:   0% 4044 MHz:   0% 4104 MHz:   0% 4416 MHz:   0% 4512 MHz:   0%)
CPU 5 idle residency:   5.65%
CPU 5 down residency:  94.35%
CPU 6 frequency: 0 MHz
CPU 6 active residency:   0.00% (1260 MHz:   0% 1512 MHz:   0% 1800 MHz:   0% 2088 MHz:   0% 2352 MHz:   0% 2616 MHz:   0% 2868 MHz:   0% 3096 MHz:   0% 3300 MHz:   0% 3468 MHz:   0% 3624 MHz:   0% 3756 MHz:   0% 3852 MHz:   0% 3924 MHz:   0% 3996 MHz:   0% 4044 MHz:   0% 4104 MHz:   0% 4416 MHz:   0% 4512 MHz:   0%)
CPU 6 idle residency:   5.64%
CPU 6 down residency:  94.36%
CPU 7 frequency: 0 MHz
CPU 7 active residency:   0.00% (1260 MHz:   0% 1512 MHz:   0% 1800 MHz:   0% 2088 MHz:   0% 2352 MHz:   0% 2616 MHz:   0% 2868 MHz:   0% 3096 MHz:   0% 3300 MHz:   0% 3468 MHz:   0% 3624 MHz:   0% 3756 MHz:   0% 3852 MHz:   0% 3924 MHz:   0% 3996 MHz:   0% 4044 MHz:   0% 4104 MHz:   0% 4416 MHz:   0% 4512 MHz:   0%)
CPU 7 idle residency:   5.68%
CPU 7 down residency:  94.32%

P1-Cluster HW active frequency: 4415 MHz
P1-Cluster HW active residency: 100.00% (1260 MHz:   0% 1512 MHz:   0% 1800 MHz:   0% 2088 MHz:   0% 2352 MHz:   0% 2616 MHz:   0% 2868 MHz:   0% 3096 MHz:   0% 3300 MHz:   0% 3468 MHz:   0% 3624 MHz:   0% 3756 MHz:   0% 3852 MHz:   0% 3924 MHz: 1.3% 3996 MHz: .44% 4044 MHz:  16% 4104 MHz:   0% 4416 MHz:  12% 4512 MHz:  70%)
P1-Cluster idle residency:   0.00%
P1-Cluster down residency:   0.00%
CPU 8 frequency: 4512 MHz
CPU 8 active residency:  13.55% (1260 MHz:   0% 1512 MHz:   0% 1800 MHz:   0% 2088 MHz:   0% 2352 MHz:   0% 2616 MHz:   0% 2868 MHz:   0% 3096 MHz:   0% 3300 MHz:   0% 3468 MHz:   0% 3624 MHz:   0% 3756 MHz:   0% 3852 MHz:   0% 3924 MHz:   0% 3996 MHz:   0% 4044 MHz:   0% 4104 MHz:   0% 4416 MHz:   0% 4512 MHz:  14%)
CPU 8 idle residency:  86.45%
CPU 8 down residency:   0.00%
CPU 9 frequency: 4512 MHz
CPU 9 active residency:  46.79% (1260 MHz:   0% 1512 MHz:   0% 1800 MHz:   0% 2088 MHz:   0% 2352 MHz:   0% 2616 MHz:   0% 2868 MHz:   0% 3096 MHz:   0% 3300 MHz:   0% 3468 MHz:   0% 3624 MHz:   0% 3756 MHz:   0% 3852 MHz:   0% 3924 MHz:   0% 3996 MHz:   0% 4044 MHz:   0% 4104 MHz:   0% 4416 MHz:   0% 4512 MHz:  47%)
CPU 9 idle residency:  53.21%
CPU 9 down residency:   0.00%
CPU 10 frequency: 4512 MHz
CPU 10 active residency:  27.91% (1260 MHz:   0% 1512 MHz:   0% 1800 MHz:   0% 2088 MHz:   0% 2352 MHz:   0% 2616 MHz:   0% 2868 MHz:   0% 3096 MHz:   0% 3300 MHz:   0% 3468 MHz:   0% 3624 MHz:   0% 3756 MHz:   0% 3852 MHz:   0% 3924 MHz:   0% 3996 MHz:   0% 4044 MHz:   0% 4104 MHz:   0% 4416 MHz:   0% 4512 MHz:  28%)
CPU 10 idle residency:  72.09%
CPU 10 down residency:   0.00%
CPU 11 frequency: 4512 MHz
CPU 11 active residency:  26.13% (1260 MHz:   0% 1512 MHz:   0% 1800 MHz:   0% 2088 MHz:   0% 2352 MHz:   0% 2616 MHz:   0% 2868 MHz:   0% 3096 MHz:   0% 3300 MHz:   0% 3468 MHz:   0% 3624 MHz:   0% 3756 MHz:   0% 3852 MHz:   0% 3924 MHz:   0% 3996 MHz:   0% 4044 MHz:   0% 4104 MHz:   0% 4416 MHz:   0% 4512 MHz:  26%)
CPU 11 idle residency:  73.87%
CPU 11 down residency:   0.00%

CPU Power: 5244 mW
GPU Power: 0 mW
ANE Power: 0 mW
Combined Power (CPU + GPU + ANE): 5244 mW


*** Sampled system activity (Tue Sep 29 16:59:54 2026 -0300) (513.59ms elapsed) ***


**** Processor usage ****

E-Cluster Online: 100%
E-Cluster HW active frequency: 1734 MHz
E-Cluster HW active residency:  49.78% (1020 MHz:  22% 1404 MHz: 1.7% 1788 MHz: .92% 2112 MHz: 8.4% 2352 MHz: 4.9% 2532 MHz: 1.1% 2592 MHz:  11%)
E-Cluster idle residency:  50.22%
E-Cluster down residency:   0.00%
CPU 0 frequency: 1795 MHz
CPU 0 active residency:  32.20% (1020 MHz:  12% 1404 MHz: 1.0% 1788 MHz: .75% 2112 MHz: 6.8% 2352 MHz: 4.1% 2532 MHz: .78% 2592 MHz: 6.3%)
CPU 0 idle residency:  67.80%
CPU 0 down residency:   0.00%
CPU 1 frequency: 1802 MHz
CPU 1 active residency:  23.00% (1020 MHz: 9.1% 1404 MHz: .99% 1788 MHz: .41% 2112 MHz: 3.3% 2352 MHz: 3.0% 2532 MHz: .57% 2592 MHz: 5.6%)
CPU 1 idle residency:  77.00%
CPU 1 down residency:   0.00%
CPU 2 frequency: 1827 MHz
CPU 2 active residency:  18.05% (1020 MHz: 6.9% 1404 MHz: .71% 1788 MHz: .41% 2112 MHz: 2.3% 2352 MHz: 2.5% 2532 MHz: .42% 2592 MHz: 4.8%)
CPU 2 idle residency:  81.95%
CPU 2 down residency:   0.00%
CPU 3 frequency: 1971 MHz
CPU 3 active residency:  12.10% (1020 MHz: 3.4% 1404 MHz: .50% 1788 MHz: .35% 2112 MHz: 1.5% 2352 MHz: 2.2% 2532 MHz: .50% 2592 MHz: 3.6%)
CPU 3 idle residency:  87.90%
CPU 3 down residency:   0.00%

P0-Cluster Online: 51%
P0-Cluster HW active frequency: 2997 MHz
P0-Cluster HW active residency:  10.87% (1260 MHz: 4.5% 1512 MHz: .10% 1800 MHz: .23% 2088 MHz: .15% 2352 MHz: .01% 2616 MHz:   0% 2868 MHz: .08% 3096 MHz: .09% 3300 MHz:   0% 3468 MHz:   0% 3624 MHz:   0% 3756 MHz:   0% 3852 MHz:   0% 3924 MHz: .32% 3996 MHz:   0% 4044 MHz:   0% 4104 MHz:   0% 4416 MHz: .28% 4512 MHz: 5.1%)
P0-Cluster idle residency:  28.56%
P0-Cluster down residency:  60.58%
CPU 4 frequency: 0 MHz
CPU 4 active residency:   0.00% (1260 MHz:   0% 1512 MHz:   0% 1800 MHz:   0% 2088 MHz:   0% 2352 MHz:   0% 2616 MHz:   0% 2868 MHz:   0% 3096 MHz:   0% 3300 MHz:   0% 3468 MHz:   0% 3624 MHz:   0% 3756 MHz:   0% 3852 MHz:   0% 3924 MHz:   0% 3996 MHz:   0% 4044 MHz:   0% 4104 MHz:   0% 4416 MHz:   0% 4512 MHz:   0%)
CPU 4 idle residency:  36.38%
CPU 4 down residency:  63.62%
CPU 5 frequency: 0 MHz
CPU 5 active residency:   0.00% (1260 MHz:   0% 1512 MHz:   0% 1800 MHz:   0% 2088 MHz:   0% 2352 MHz:   0% 2616 MHz:   0% 2868 MHz:   0% 3096 MHz:   0% 3300 MHz:   0% 3468 MHz:   0% 3624 MHz:   0% 3756 MHz:   0% 3852 MHz:   0% 3924 MHz:   0% 3996 MHz:   0% 4044 MHz:   0% 4104 MHz:   0% 4416 MHz:   0% 4512 MHz:   0%)
CPU 5 idle residency:  37.98%
CPU 5 down residency:  62.02%
CPU 6 frequency: 0 MHz
CPU 6 active residency:   0.00% (1260 MHz:   0% 1512 MHz:   0% 1800 MHz:   0% 2088 MHz:   0% 2352 MHz:   0% 2616 MHz:   0% 2868 MHz:   0% 3096 MHz:   0% 3300 MHz:   0% 3468 MHz:   0% 3624 MHz:   0% 3756 MHz:   0% 3852 MHz:   0% 3924 MHz:   0% 3996 MHz:   0% 4044 MHz:   0% 4104 MHz:   0% 4416 MHz:   0% 4512 MHz:   0%)
CPU 6 idle residency:  37.31%
CPU 6 down residency:  62.69%
CPU 7 frequency: 0 MHz
CPU 7 active residency:   0.00% (1260 MHz:   0% 1512 MHz:   0% 1800 MHz:   0% 2088 MHz:   0% 2352 MHz:   0% 2616 MHz:   0% 2868 MHz:   0% 3096 MHz:   0% 3300 MHz:   0% 3468 MHz:   0% 3624 MHz:   0% 3756 MHz:   0% 3852 MHz:   0% 3924 MHz:   0% 3996 MHz:   0% 4044 MHz:   0% 4104 MHz:   0% 4416 MHz:   0% 4512 MHz:   0%)
CPU 7 idle residency:  37.88%
CPU 7 down residency:  62.12%

P1-Cluster HW active frequency: 4438 MHz
P1-Cluster HW active residency:  98.10% (1260 MHz: .39% 1512 MHz: .28% 1800 MHz:   0% 2088 MHz:   0% 2352 MHz: .26% 2616 MHz:   0% 2868 MHz:   0% 3096 MHz: .05% 3300 MHz:   0% 3468 MHz:   0% 3624 MHz:   0% 3756 MHz:   0% 3852 MHz: .01% 3924 MHz: 5.4% 3996 MHz:   0% 4044 MHz: .21% 4104 MHz:   0% 4416 MHz:  13% 4512 MHz:  78%)
P1-Cluster idle residency:   1.90%
P1-Cluster down residency:   0.00%
CPU 8 frequency: 4493 MHz
CPU 8 active residency:  44.27% (1260 MHz: .04% 1512 MHz: .12% 1800 MHz:   0% 2088 MHz:   0% 2352 MHz: .16% 2616 MHz:   0% 2868 MHz:   0% 3096 MHz: .02% 3300 MHz:   0% 3468 MHz:   0% 3624 MHz:   0% 3756 MHz:   0% 3852 MHz:   0% 3924 MHz:   0% 3996 MHz:   0% 4044 MHz:   0% 4104 MHz:   0% 4416 MHz:   0% 4512 MHz:  44%)
CPU 8 idle residency:  55.73%
CPU 8 down residency:   0.00%
CPU 9 frequency: 4510 MHz
CPU 9 active residency:  27.37% (1260 MHz:   0% 1512 MHz: .01% 1800 MHz:   0% 2088 MHz:   0% 2352 MHz: .01% 2616 MHz:   0% 2868 MHz:   0% 3096 MHz: .00% 3300 MHz:   0% 3468 MHz:   0% 3624 MHz:   0% 3756 MHz:   0% 3852 MHz:   0% 3924 MHz:   0% 3996 MHz:   0% 4044 MHz:   0% 4104 MHz:   0% 4416 MHz:   0% 4512 MHz:  27%)
CPU 9 idle residency:  72.63%
CPU 9 down residency:   0.00%
CPU 10 frequency: 4507 MHz
CPU 10 active residency:  24.26% (1260 MHz: .01% 1512 MHz: .01% 1800 MHz:   0% 2088 MHz:   0% 2352 MHz: .01% 2616 MHz:   0% 2868 MHz:   0% 3096 MHz: .01% 3300 MHz:   0% 3468 MHz:   0% 3624 MHz:   0% 3756 MHz:   0% 3852 MHz:   0% 3924 MHz:   0% 3996 MHz:   0% 4044 MHz:   0% 4104 MHz:   0% 4416 MHz:   0% 4512 MHz:  24%)
CPU 10 idle residency:  75.74%
CPU 10 down residency:   0.00%
CPU 11 frequency: 4509 MHz
CPU 11 active residency:  25.14% (1260 MHz: .02% 1512 MHz: .01% 1800 MHz:   0% 2088 MHz:   0% 2352 MHz: .01% 2616 MHz:   0% 2868 MHz:   0% 3096 MHz:   0% 3300 MHz:   0% 3468 MHz:   0% 3624 MHz:   0% 3756 MHz:   0% 3852 MHz:   0% 3924 MHz:   0% 3996 MHz:   0% 4044 MHz:   0% 4104 MHz:   0% 4416 MHz:   0% 4512 MHz:  25%)
CPU 11 idle residency:  74.86%
CPU 11 down residency:   0.00%

CPU Power: 5497 mW
GPU Power: 105 mW
ANE Power: 0 mW
Combined Power (CPU + GPU + ANE): 5602 mW


*** Sampled system activity (Tue Sep 29 16:59:54 2026 -0300) (513.38ms elapsed) ***


**** Processor usage ****

E-Cluster Online: 100%
E-Cluster HW active frequency: 2087 MHz
E-Cluster HW active residency:  60.36% (1020 MHz: 7.3% 1404 MHz: .21% 1788 MHz: 3.0% 2112 MHz:  22% 2352 MHz:  23% 2532 MHz: 2.4% 2592 MHz: 2.3%)
E-Cluster idle residency:  39.64%
E-Cluster down residency:   0.00%
CPU 0 frequency: 2130 MHz
CPU 0 active residency:  45.53% (1020 MHz: 3.8% 1404 MHz: .07% 1788 MHz: 2.6% 2112 MHz:  18% 2352 MHz:  18% 2532 MHz: 2.0% 2592 MHz: 1.6%)
CPU 0 idle residency:  54.47%
CPU 0 down residency:   0.00%
CPU 1 frequency: 2117 MHz
CPU 1 active residency:  33.45% (1020 MHz: 3.5% 1404 MHz: .03% 1788 MHz: 1.8% 2112 MHz:  12% 2352 MHz:  13% 2532 MHz: 1.7% 2592 MHz: 1.6%)
CPU 1 idle residency:  66.55%
CPU 1 down residency:   0.00%
CPU 2 frequency: 2150 MHz
CPU 2 active residency:  26.29% (1020 MHz: 2.2% 1404 MHz: .20% 1788 MHz: 1.1% 2112 MHz: 9.0% 2352 MHz:  11% 2532 MHz: 1.6% 2592 MHz: 1.5%)
CPU 2 idle residency:  73.71%
CPU 2 down residency:   0.00%
CPU 3 frequency: 2226 MHz
CPU 3 active residency:  18.44% (1020 MHz: .65% 1404 MHz: .02% 1788 MHz: .84% 2112 MHz: 6.3% 2352 MHz: 8.1% 2532 MHz: 1.3% 2592 MHz: 1.2%)
CPU 3 idle residency:  81.56%
CPU 3 down residency:   0.00%

P0-Cluster Online: 17%
P0-Cluster HW active frequency: 1324 MHz
P0-Cluster HW active residency:   2.90% (1260 MHz: 2.8% 1512 MHz:   0% 1800 MHz:   0% 2088 MHz:   0% 2352 MHz:   0% 2616 MHz:   0% 2868 MHz:   0% 3096 MHz:   0% 3300 MHz:   0% 3468 MHz:   0% 3624 MHz:   0% 3756 MHz:   0% 3852 MHz:   0% 3924 MHz:   0% 3996 MHz:   0% 4044 MHz:   0% 4104 MHz:   0% 4416 MHz:   0% 4512 MHz: .06%)
P0-Cluster idle residency:  10.96%
P0-Cluster down residency:  86.14%
CPU 4 frequency: 3203 MHz
CPU 4 active residency:   3.62% (1260 MHz: 1.3% 1512 MHz: .05% 1800 MHz: .11% 2088 MHz: .02% 2352 MHz: .01% 2616 MHz:   0% 2868 MHz: .01% 3096 MHz: .06% 3300 MHz:   0% 3468 MHz:   0% 3624 MHz:   0% 3756 MHz:   0% 3852 MHz:   0% 3924 MHz:   0% 3996 MHz:   0% 4044 MHz:   0% 4104 MHz:   0% 4416 MHz:   0% 4512 MHz: 2.1%)
CPU 4 idle residency:  12.80%
CPU 4 down residency:  83.58%
CPU 5 frequency: 3145 MHz
CPU 5 active residency:   3.36% (1260 MHz: 1.2% 1512 MHz: .06% 1800 MHz: .12% 2088 MHz: .01% 2352 MHz: .01% 2616 MHz:   0% 2868 MHz: .02% 3096 MHz: .07% 3300 MHz:   0% 3468 MHz:   0% 3624 MHz:   0% 3756 MHz:   0% 3852 MHz:   0% 3924 MHz:   0% 3996 MHz:   0% 4044 MHz:   0% 4104 MHz:   0% 4416 MHz:   0% 4512 MHz: 1.9%)
CPU 5 idle residency:  12.87%
CPU 5 down residency:  83.77%
CPU 6 frequency: 3509 MHz
CPU 6 active residency:   4.38% (1260 MHz: 1.2% 1512 MHz: .05% 1800 MHz: .11% 2088 MHz: .04% 2352 MHz: .00% 2616 MHz:   0% 2868 MHz: .00% 3096 MHz: .04% 3300 MHz:   0% 3468 MHz:   0% 3624 MHz:   0% 3756 MHz:   0% 3852 MHz:   0% 3924 MHz:   0% 3996 MHz:   0% 4044 MHz:   0% 4104 MHz:   0% 4416 MHz:   0% 4512 MHz: 3.0%)
CPU 6 idle residency:  12.73%
CPU 6 down residency:  82.89%
CPU 7 frequency: 3092 MHz
CPU 7 active residency:   3.00% (1260 MHz: 1.2% 1512 MHz: .05% 1800 MHz: .10% 2088 MHz: .00% 2352 MHz: .00% 2616 MHz:   0% 2868 MHz: .00% 3096 MHz: .04% 3300 MHz:   0% 3468 MHz:   0% 3624 MHz:   0% 3756 MHz:   0% 3852 MHz:   0% 3924 MHz:   0% 3996 MHz:   0% 4044 MHz:   0% 4104 MHz:   0% 4416 MHz:   0% 4512 MHz: 1.6%)
CPU 7 idle residency:  12.91%
CPU 7 down residency:  84.08%

P1-Cluster HW active frequency: 4495 MHz
P1-Cluster HW active residency: 100.00% (1260 MHz:   0% 1512 MHz:   0% 1800 MHz:   0% 2088 MHz:   0% 2352 MHz:   0% 2616 MHz:   0% 2868 MHz:   0% 3096 MHz:   0% 3300 MHz:   0% 3468 MHz:   0% 3624 MHz:   0% 3756 MHz:   0% 3852 MHz: .00% 3924 MHz: 1.7% 3996 MHz: .03% 4044 MHz: .51% 4104 MHz:   0% 4416 MHz: 5.6% 4512 MHz:  92%)
P1-Cluster idle residency:   0.00%
P1-Cluster down residency:   0.00%
CPU 8 frequency: 4512 MHz
CPU 8 active residency:  35.41% (1260 MHz:   0% 1512 MHz:   0% 1800 MHz:   0% 2088 MHz:   0% 2352 MHz:   0% 2616 MHz:   0% 2868 MHz:   0% 3096 MHz:   0% 3300 MHz:   0% 3468 MHz:   0% 3624 MHz:   0% 3756 MHz:   0% 3852 MHz:   0% 3924 MHz:   0% 3996 MHz:   0% 4044 MHz:   0% 4104 MHz:   0% 4416 MHz:   0% 4512 MHz:  35%)
CPU 8 idle residency:  64.59%
CPU 8 down residency:   0.00%
CPU 9 frequency: 4512 MHz
CPU 9 active residency:  18.62% (1260 MHz:   0% 1512 MHz:   0% 1800 MHz:   0% 2088 MHz:   0% 2352 MHz:   0% 2616 MHz:   0% 2868 MHz:   0% 3096 MHz:   0% 3300 MHz:   0% 3468 MHz:   0% 3624 MHz:   0% 3756 MHz:   0% 3852 MHz:   0% 3924 MHz:   0% 3996 MHz:   0% 4044 MHz:   0% 4104 MHz:   0% 4416 MHz:   0% 4512 MHz:  19%)
CPU 9 idle residency:  81.38%
CPU 9 down residency:   0.00%
CPU 10 frequency: 4512 MHz
CPU 10 active residency:  22.53% (1260 MHz:   0% 1512 MHz:   0% 1800 MHz:   0% 2088 MHz:   0% 2352 MHz:   0% 2616 MHz:   0% 2868 MHz:   0% 3096 MHz:   0% 3300 MHz:   0% 3468 MHz:   0% 3624 MHz:   0% 3756 MHz:   0% 3852 MHz:   0% 3924 MHz:   0% 3996 MHz:   0% 4044 MHz:   0% 4104 MHz:   0% 4416 MHz:   0% 4512 MHz:  23%)
CPU 10 idle residency:  77.47%
CPU 10 down residency:   0.00%
CPU 11 frequency: 4512 MHz
CPU 11 active residency:  31.81% (1260 MHz:   0% 1512 MHz:   0% 1800 MHz:   0% 2088 MHz:   0% 2352 MHz:   0% 2616 MHz:   0% 2868 MHz:   0% 3096 MHz:   0% 3300 MHz:   0% 3468 MHz:   0% 3624 MHz:   0% 3756 MHz:   0% 3852 MHz:   0% 3924 MHz:   0% 3996 MHz:   0% 4044 MHz:   0% 4104 MHz:   0% 4416 MHz:   0% 4512 MHz:  32%)
CPU 11 idle residency:  68.19%
CPU 11 down residency:   0.00%

CPU Power: 5335 mW
GPU Power: 99 mW
ANE Power: 0 mW
Combined Power (CPU + GPU + ANE): 5435 mW


*** Sampled system activity (Tue Sep 29 16:59:55 2026 -0300) (513.16ms elapsed) ***


**** Processor usage ****

E-Cluster Online: 100%
E-Cluster HW active frequency: 2061 MHz
E-Cluster HW active residency:  61.39% (1020 MHz:  13% 1404 MHz: .67% 1788 MHz: 1.6% 2112 MHz: 9.2% 2352 MHz:  24% 2532 MHz: 7.0% 2592 MHz: 6.4%)
E-Cluster idle residency:  38.61%
E-Cluster down residency:   0.00%
CPU 0 frequency: 2107 MHz
CPU 0 active residency:  45.44% (1020 MHz: 7.8% 1404 MHz: .49% 1788 MHz: 1.2% 2112 MHz: 7.3% 2352 MHz:  18% 2532 MHz: 5.8% 2592 MHz: 4.7%)
CPU 0 idle residency:  54.56%
CPU 0 down residency:   0.00%
CPU 1 frequency: 2107 MHz
CPU 1 active residency:  32.26% (1020 MHz: 5.7% 1404 MHz: .46% 1788 MHz: 1.0% 2112 MHz: 4.4% 2352 MHz:  12% 2532 MHz: 4.8% 2592 MHz: 3.8%)
CPU 1 idle residency:  67.74%
CPU 1 down residency:   0.00%
CPU 2 frequency: 2133 MHz
CPU 2 active residency:  23.16% (1020 MHz: 4.0% 1404 MHz: .15% 1788 MHz: .55% 2112 MHz: 3.0% 2352 MHz: 8.6% 2532 MHz: 3.7% 2592 MHz: 3.1%)
CPU 2 idle residency:  76.84%
CPU 2 down residency:   0.00%
CPU 3 frequency: 2165 MHz
CPU 3 active residency:  19.92% (1020 MHz: 3.3% 1404 MHz: .05% 1788 MHz: .28% 2112 MHz: 2.4% 2352 MHz: 7.3% 2532 MHz: 3.2% 2592 MHz: 3.4%)
CPU 3 idle residency:  80.08%
CPU 3 down residency:   0.00%

P0-Cluster Online: 35%
P0-Cluster HW active frequency: 3237 MHz
P0-Cluster HW active residency:  13.85% (1260 MHz: 5.3% 1512 MHz: .03% 1800 MHz:   0% 2088 MHz:   0% 2352 MHz:   0% 2616 MHz:   0% 2868 MHz:   0% 3096 MHz:   0% 3300 MHz:   0% 3468 MHz:   0% 3624 MHz:   0% 3756 MHz:   0% 3852 MHz:   0% 3924 MHz: .51% 3996 MHz:   0% 4044 MHz:   0% 4104 MHz:   0% 4416 MHz: .34% 4512 MHz: 7.7%)
P0-Cluster idle residency:  17.76%
P0-Cluster down residency:  68.39%
CPU 4 frequency: 1349 MHz
CPU 4 active residency:   0.58% (1260 MHz: .56% 1512 MHz:   0% 1800 MHz:   0% 2088 MHz:   0% 2352 MHz:   0% 2616 MHz:   0% 2868 MHz:   0% 3096 MHz:   0% 3300 MHz:   0% 3468 MHz:   0% 3624 MHz:   0% 3756 MHz:   0% 3852 MHz:   0% 3924 MHz:   0% 3996 MHz:   0% 4044 MHz:   0% 4104 MHz:   0% 4416 MHz:   0% 4512 MHz: .02%)
CPU 4 idle residency:  26.64%
CPU 4 down residency:  72.79%
CPU 5 frequency: 1260 MHz
CPU 5 active residency:   0.53% (1260 MHz: .53% 1512 MHz:   0% 1800 MHz:   0% 2088 MHz:   0% 2352 MHz:   0% 2616 MHz:   0% 2868 MHz:   0% 3096 MHz:   0% 3300 MHz:   0% 3468 MHz:   0% 3624 MHz:   0% 3756 MHz:   0% 3852 MHz:   0% 3924 MHz:   0% 3996 MHz:   0% 4044 MHz:   0% 4104 MHz:   0% 4416 MHz:   0% 4512 MHz:   0%)
CPU 5 idle residency:  28.83%
CPU 5 down residency:  70.64%
CPU 6 frequency: 1260 MHz
CPU 6 active residency:   0.52% (1260 MHz: .52% 1512 MHz:   0% 1800 MHz:   0% 2088 MHz:   0% 2352 MHz:   0% 2616 MHz:   0% 2868 MHz:   0% 3096 MHz:   0% 3300 MHz:   0% 3468 MHz:   0% 3624 MHz:   0% 3756 MHz:   0% 3852 MHz:   0% 3924 MHz:   0% 3996 MHz:   0% 4044 MHz:   0% 4104 MHz:   0% 4416 MHz:   0% 4512 MHz:   0%)
CPU 6 idle residency:  30.68%
CPU 6 down residency:  68.81%
CPU 7 frequency: 1260 MHz
CPU 7 active residency:   0.52% (1260 MHz: .52% 1512 MHz:   0% 1800 MHz:   0% 2088 MHz:   0% 2352 MHz:   0% 2616 MHz:   0% 2868 MHz:   0% 3096 MHz:   0% 3300 MHz:   0% 3468 MHz:   0% 3624 MHz:   0% 3756 MHz:   0% 3852 MHz:   0% 3924 MHz:   0% 3996 MHz:   0% 4044 MHz:   0% 4104 MHz:   0% 4416 MHz:   0% 4512 MHz:   0%)
CPU 7 idle residency:  30.71%
CPU 7 down residency:  68.77%

P1-Cluster HW active frequency: 4376 MHz
P1-Cluster HW active residency:  97.35% (1260 MHz: .88% 1512 MHz: .85% 1800 MHz: 1.1% 2088 MHz:   0% 2352 MHz:   0% 2616 MHz:   0% 2868 MHz:   0% 3096 MHz:   0% 3300 MHz:   0% 3468 MHz:   0% 3624 MHz:   0% 3756 MHz:   0% 3852 MHz:   0% 3924 MHz: 3.2% 3996 MHz: .29% 4044 MHz: 4.5% 4104 MHz:   0% 4416 MHz: 7.0% 4512 MHz:  79%)
P1-Cluster idle residency:   2.65%
P1-Cluster down residency:   0.00%
CPU 8 frequency: 4457 MHz
CPU 8 active residency:  17.43% (1260 MHz: .00% 1512 MHz: .04% 1800 MHz: .30% 2088 MHz:   0% 2352 MHz:   0% 2616 MHz:   0% 2868 MHz:   0% 3096 MHz:   0% 3300 MHz:   0% 3468 MHz:   0% 3624 MHz:   0% 3756 MHz:   0% 3852 MHz:   0% 3924 MHz:   0% 3996 MHz:   0% 4044 MHz:   0% 4104 MHz:   0% 4416 MHz:   0% 4512 MHz:  17%)
CPU 8 idle residency:  82.57%
CPU 8 down residency:   0.00%
CPU 9 frequency: 4470 MHz
CPU 9 active residency:  43.76% (1260 MHz: .10% 1512 MHz: .08% 1800 MHz: .48% 2088 MHz:   0% 2352 MHz:   0% 2616 MHz:   0% 2868 MHz:   0% 3096 MHz:   0% 3300 MHz:   0% 3468 MHz:   0% 3624 MHz:   0% 3756 MHz:   0% 3852 MHz:   0% 3924 MHz:   0% 3996 MHz:   0% 4044 MHz:   0% 4104 MHz:   0% 4416 MHz:   0% 4512 MHz:  43%)
CPU 9 idle residency:  56.24%
CPU 9 down residency:   0.00%
CPU 10 frequency: 4441 MHz
CPU 10 active residency:  30.08% (1260 MHz: .05% 1512 MHz: .28% 1800 MHz: .42% 2088 MHz:   0% 2352 MHz:   0% 2616 MHz:   0% 2868 MHz:   0% 3096 MHz:   0% 3300 MHz:   0% 3468 MHz:   0% 3624 MHz:   0% 3756 MHz:   0% 3852 MHz:   0% 3924 MHz:   0% 3996 MHz:   0% 4044 MHz:   0% 4104 MHz:   0% 4416 MHz:   0% 4512 MHz:  29%)
CPU 10 idle residency:  69.92%
CPU 10 down residency:   0.00%
CPU 11 frequency: 4449 MHz
CPU 11 active residency:  18.30% (1260 MHz: .01% 1512 MHz: .02% 1800 MHz: .39% 2088 MHz:   0% 2352 MHz:   0% 2616 MHz:   0% 2868 MHz:   0% 3096 MHz:   0% 3300 MHz:   0% 3468 MHz:   0% 3624 MHz:   0% 3756 MHz:   0% 3852 MHz:   0% 3924 MHz:   0% 3996 MHz:   0% 4044 MHz:   0% 4104 MHz:   0% 4416 MHz:   0% 4512 MHz:  18%)
CPU 11 idle residency:  81.70%
CPU 11 down residency:   0.00%

CPU Power: 5382 mW
GPU Power: 99 mW
ANE Power: 0 mW
Combined Power (CPU + GPU + ANE): 5482 mW


*** Sampled system activity (Tue Sep 29 16:59:55 2026 -0300) (513.45ms elapsed) ***


**** Processor usage ****

E-Cluster Online: 100%
E-Cluster HW active frequency: 2150 MHz
E-Cluster HW active residency:  76.21% (1020 MHz:  12% 1404 MHz: 1.3% 1788 MHz: 2.8% 2112 MHz:  14% 2352 MHz:  15% 2532 MHz: 4.9% 2592 MHz:  26%)
E-Cluster idle residency:  23.79%
E-Cluster down residency:   0.00%
CPU 0 frequency: 2219 MHz
CPU 0 active residency:  49.85% (1020 MHz: 5.5% 1404 MHz: .71% 1788 MHz: 1.5% 2112 MHz:  11% 2352 MHz:  11% 2532 MHz: 3.7% 2592 MHz:  17%)
CPU 0 idle residency:  50.15%
CPU 0 down residency:   0.00%
CPU 1 frequency: 2195 MHz
CPU 1 active residency:  40.93% (1020 MHz: 5.7% 1404 MHz: .60% 1788 MHz: 1.2% 2112 MHz: 7.2% 2352 MHz: 8.6% 2532 MHz: 3.2% 2592 MHz:  14%)
CPU 1 idle residency:  59.07%
CPU 1 down residency:   0.00%
CPU 2 frequency: 2257 MHz
CPU 2 active residency:  31.77% (1020 MHz: 2.9% 1404 MHz: .46% 1788 MHz: 1.0% 2112 MHz: 5.9% 2352 MHz: 7.1% 2532 MHz: 2.3% 2592 MHz:  12%)
CPU 2 idle residency:  68.23%
CPU 2 down residency:   0.00%
CPU 3 frequency: 2254 MHz
CPU 3 active residency:  28.78% (1020 MHz: 2.8% 1404 MHz: .47% 1788 MHz: .65% 2112 MHz: 5.1% 2352 MHz: 6.9% 2532 MHz: 2.6% 2592 MHz:  10%)
CPU 3 idle residency:  71.22%
CPU 3 down residency:   0.00%

P0-Cluster Online: 21%
P0-Cluster HW active frequency: 1582 MHz
P0-Cluster HW active residency:   4.05% (1260 MHz: 3.6% 1512 MHz: .07% 1800 MHz:   0% 2088 MHz:   0% 2352 MHz:   0% 2616 MHz:   0% 2868 MHz:   0% 3096 MHz:   0% 3300 MHz:   0% 3468 MHz:   0% 3624 MHz:   0% 3756 MHz:   0% 3852 MHz:   0% 3924 MHz: .08% 3996 MHz:   0% 4044 MHz:   0% 4104 MHz:   0% 4416 MHz: .04% 4512 MHz: .29%)
P0-Cluster idle residency:  13.52%
P0-Cluster down residency:  82.43%
CPU 4 frequency: 4212 MHz
CPU 4 active residency:   6.14% (1260 MHz: .55% 1512 MHz: .02% 1800 MHz:   0% 2088 MHz:   0% 2352 MHz:   0% 2616 MHz:   0% 2868 MHz:   0% 3096 MHz:   0% 3300 MHz:   0% 3468 MHz:   0% 3624 MHz:   0% 3756 MHz:   0% 3852 MHz:   0% 3924 MHz:   0% 3996 MHz:   0% 4044 MHz:   0% 4104 MHz:   0% 4416 MHz:   0% 4512 MHz: 5.6%)
CPU 4 idle residency:  15.55%
CPU 4 down residency:  78.32%
CPU 5 frequency: 4004 MHz
CPU 5 active residency:   3.50% (1260 MHz: .53% 1512 MHz: .02% 1800 MHz:   0% 2088 MHz:   0% 2352 MHz:   0% 2616 MHz:   0% 2868 MHz:   0% 3096 MHz:   0% 3300 MHz:   0% 3468 MHz:   0% 3624 MHz:   0% 3756 MHz:   0% 3852 MHz:   0% 3924 MHz:   0% 3996 MHz:   0% 4044 MHz:   0% 4104 MHz:   0% 4416 MHz:   0% 4512 MHz: 3.0%)
CPU 5 idle residency:  16.08%
CPU 5 down residency:  80.42%
CPU 6 frequency: 2813 MHz
CPU 6 active residency:   1.01% (1260 MHz: .52% 1512 MHz: .00% 1800 MHz:   0% 2088 MHz:   0% 2352 MHz:   0% 2616 MHz:   0% 2868 MHz:   0% 3096 MHz:   0% 3300 MHz:   0% 3468 MHz:   0% 3624 MHz:   0% 3756 MHz:   0% 3852 MHz:   0% 3924 MHz:   0% 3996 MHz:   0% 4044 MHz:   0% 4104 MHz:   0% 4416 MHz:   0% 4512 MHz: .48%)
CPU 6 idle residency:  16.52%
CPU 6 down residency:  82.47%
CPU 7 frequency: 2767 MHz
CPU 7 active residency:   0.96% (1260 MHz: .52% 1512 MHz:   0% 1800 MHz:   0% 2088 MHz:   0% 2352 MHz:   0% 2616 MHz:   0% 2868 MHz:   0% 3096 MHz:   0% 3300 MHz:   0% 3468 MHz:   0% 3624 MHz:   0% 3756 MHz:   0% 3852 MHz:   0% 3924 MHz:   0% 3996 MHz:   0% 4044 MHz:   0% 4104 MHz:   0% 4416 MHz:   0% 4512 MHz: .45%)
CPU 7 idle residency:  16.54%
CPU 7 down residency:  82.49%

P1-Cluster HW active frequency: 4445 MHz
P1-Cluster HW active residency: 100.00% (1260 MHz:   0% 1512 MHz:   0% 1800 MHz:   0% 2088 MHz:   0% 2352 MHz:   0% 2616 MHz:   0% 2868 MHz:   0% 3096 MHz:   0% 3300 MHz:   0% 3468 MHz:   0% 3624 MHz:   0% 3756 MHz:   0% 3852 MHz: .00% 3924 MHz: 2.7% 3996 MHz: .48% 4044 MHz: 9.0% 4104 MHz:   0% 4416 MHz: 7.0% 4512 MHz:  81%)
P1-Cluster idle residency:   0.00%
P1-Cluster down residency:   0.00%
CPU 8 frequency: 4512 MHz
CPU 8 active residency:  29.29% (1260 MHz:   0% 1512 MHz:   0% 1800 MHz:   0% 2088 MHz:   0% 2352 MHz:   0% 2616 MHz:   0% 2868 MHz:   0% 3096 MHz:   0% 3300 MHz:   0% 3468 MHz:   0% 3624 MHz:   0% 3756 MHz:   0% 3852 MHz:   0% 3924 MHz:   0% 3996 MHz:   0% 4044 MHz:   0% 4104 MHz:   0% 4416 MHz:   0% 4512 MHz:  29%)
CPU 8 idle residency:  70.71%
CPU 8 down residency:   0.00%
CPU 9 frequency: 4512 MHz
CPU 9 active residency:  16.50% (1260 MHz:   0% 1512 MHz:   0% 1800 MHz:   0% 2088 MHz:   0% 2352 MHz:   0% 2616 MHz:   0% 2868 MHz:   0% 3096 MHz:   0% 3300 MHz:   0% 3468 MHz:   0% 3624 MHz:   0% 3756 MHz:   0% 3852 MHz:   0% 3924 MHz:   0% 3996 MHz:   0% 4044 MHz:   0% 4104 MHz:   0% 4416 MHz:   0% 4512 MHz:  16%)
CPU 9 idle residency:  83.50%
CPU 9 down residency:   0.00%
CPU 10 frequency: 4512 MHz
CPU 10 active residency:  28.22% (1260 MHz:   0% 1512 MHz:   0% 1800 MHz:   0% 2088 MHz:   0% 2352 MHz:   0% 2616 MHz:   0% 2868 MHz:   0% 3096 MHz:   0% 3300 MHz:   0% 3468 MHz:   0% 3624 MHz:   0% 3756 MHz:   0% 3852 MHz:   0% 3924 MHz:   0% 3996 MHz:   0% 4044 MHz:   0% 4104 MHz:   0% 4416 MHz:   0% 4512 MHz:  28%)
CPU 10 idle residency:  71.78%
CPU 10 down residency:   0.00%
CPU 11 frequency: 4512 MHz
CPU 11 active residency:  38.82% (1260 MHz:   0% 1512 MHz:   0% 1800 MHz:   0% 2088 MHz:   0% 2352 MHz:   0% 2616 MHz:   0% 2868 MHz:   0% 3096 MHz:   0% 3300 MHz:   0% 3468 MHz:   0% 3624 MHz:   0% 3756 MHz:   0% 3852 MHz:   0% 3924 MHz:   0% 3996 MHz:   0% 4044 MHz:   0% 4104 MHz:   0% 4416 MHz:   0% 4512 MHz:  39%)
CPU 11 idle residency:  61.18%
CPU 11 down residency:   0.00%

CPU Power: 5352 mW
GPU Power: 92 mW
ANE Power: 0 mW
Combined Power (CPU + GPU + ANE): 5444 mW


*** Sampled system activity (Tue Sep 29 16:59:56 2026 -0300) (513.53ms elapsed) ***


**** Processor usage ****

E-Cluster Online: 100%
E-Cluster HW active frequency: 1232 MHz
E-Cluster HW active residency:  30.91% (1020 MHz:  22% 1404 MHz: 4.7% 1788 MHz: 1.7% 2112 MHz:   0% 2352 MHz: .76% 2532 MHz: .77% 2592 MHz: .79%)
E-Cluster idle residency:  69.09%
E-Cluster down residency:   0.00%
CPU 0 frequency: 1250 MHz
CPU 0 active residency:  18.31% (1020 MHz:  13% 1404 MHz: 3.0% 1788 MHz: 1.1% 2112 MHz:   0% 2352 MHz: .61% 2532 MHz: .60% 2592 MHz: .33%)
CPU 0 idle residency:  81.69%
CPU 0 down residency:   0.00%
CPU 1 frequency: 1184 MHz
CPU 1 active residency:  13.28% (1020 MHz: 9.9% 1404 MHz: 2.0% 1788 MHz: .88% 2112 MHz:   0% 2352 MHz: .22% 2532 MHz: .24% 2592 MHz: .06%)
CPU 1 idle residency:  86.72%
CPU 1 down residency:   0.00%
CPU 2 frequency: 1099 MHz
CPU 2 active residency:   4.12% (1020 MHz: 3.6% 1404 MHz: .25% 1788 MHz: .24% 2112 MHz:   0% 2352 MHz:   0% 2532 MHz:   0% 2592 MHz: .03%)
CPU 2 idle residency:  95.88%
CPU 2 down residency:   0.00%
CPU 3 frequency: 1090 MHz
CPU 3 active residency:   2.05% (1020 MHz: 1.8% 1404 MHz: .21% 1788 MHz: .07% 2112 MHz:   0% 2352 MHz:   0% 2532 MHz:   0% 2592 MHz: .01%)
CPU 3 idle residency:  97.95%
CPU 3 down residency:   0.00%

P0-Cluster Online: 3%
P0-Cluster HW active frequency: 1260 MHz
P0-Cluster HW active residency:   0.08% (1260 MHz: .08% 1512 MHz:   0% 1800 MHz:   0% 2088 MHz:   0% 2352 MHz:   0% 2616 MHz:   0% 2868 MHz:   0% 3096 MHz:   0% 3300 MHz:   0% 3468 MHz:   0% 3624 MHz:   0% 3756 MHz:   0% 3852 MHz:   0% 3924 MHz:   0% 3996 MHz:   0% 4044 MHz:   0% 4104 MHz:   0% 4416 MHz:   0% 4512 MHz:   0%)
P0-Cluster idle residency:   0.99%
P0-Cluster down residency:  98.93%
CPU 4 frequency: 0 MHz
CPU 4 active residency:   0.00% (1260 MHz:   0% 1512 MHz:   0% 1800 MHz:   0% 2088 MHz:   0% 2352 MHz:   0% 2616 MHz:   0% 2868 MHz:   0% 3096 MHz:   0% 3300 MHz:   0% 3468 MHz:   0% 3624 MHz:   0% 3756 MHz:   0% 3852 MHz:   0% 3924 MHz:   0% 3996 MHz:   0% 4044 MHz:   0% 4104 MHz:   0% 4416 MHz:   0% 4512 MHz:   0%)
CPU 4 idle residency:   0.99%
CPU 4 down residency:  99.01%
CPU 5 frequency: 0 MHz
CPU 5 active residency:   0.00% (1260 MHz:   0% 1512 MHz:   0% 1800 MHz:   0% 2088 MHz:   0% 2352 MHz:   0% 2616 MHz:   0% 2868 MHz:   0% 3096 MHz:   0% 3300 MHz:   0% 3468 MHz:   0% 3624 MHz:   0% 3756 MHz:   0% 3852 MHz:   0% 3924 MHz:   0% 3996 MHz:   0% 4044 MHz:   0% 4104 MHz:   0% 4416 MHz:   0% 4512 MHz:   0%)
CPU 5 idle residency:   0.99%
CPU 5 down residency:  99.01%
CPU 6 frequency: 0 MHz
CPU 6 active residency:   0.00% (1260 MHz:   0% 1512 MHz:   0% 1800 MHz:   0% 2088 MHz:   0% 2352 MHz:   0% 2616 MHz:   0% 2868 MHz:   0% 3096 MHz:   0% 3300 MHz:   0% 3468 MHz:   0% 3624 MHz:   0% 3756 MHz:   0% 3852 MHz:   0% 3924 MHz:   0% 3996 MHz:   0% 4044 MHz:   0% 4104 MHz:   0% 4416 MHz:   0% 4512 MHz:   0%)
CPU 6 idle residency:   0.99%
CPU 6 down residency:  99.01%
CPU 7 frequency: 0 MHz
CPU 7 active residency:   0.00% (1260 MHz:   0% 1512 MHz:   0% 1800 MHz:   0% 2088 MHz:   0% 2352 MHz:   0% 2616 MHz:   0% 2868 MHz:   0% 3096 MHz:   0% 3300 MHz:   0% 3468 MHz:   0% 3624 MHz:   0% 3756 MHz:   0% 3852 MHz:   0% 3924 MHz:   0% 3996 MHz:   0% 4044 MHz:   0% 4104 MHz:   0% 4416 MHz:   0% 4512 MHz:   0%)
CPU 7 idle residency:   0.99%
CPU 7 down residency:  99.01%

P1-Cluster HW active frequency: 4410 MHz
P1-Cluster HW active residency: 100.00% (1260 MHz:   0% 1512 MHz:   0% 1800 MHz:   0% 2088 MHz:   0% 2352 MHz:   0% 2616 MHz:   0% 2868 MHz:   0% 3096 MHz:   0% 3300 MHz:   0% 3468 MHz:   0% 3624 MHz:   0% 3756 MHz:   0% 3852 MHz:   0% 3924 MHz: .46% 3996 MHz: .15% 4044 MHz:  20% 4104 MHz:   0% 4416 MHz: 4.2% 4512 MHz:  75%)
P1-Cluster idle residency:   0.00%
P1-Cluster down residency:   0.00%
CPU 8 frequency: 4512 MHz
CPU 8 active residency:  41.72% (1260 MHz:   0% 1512 MHz:   0% 1800 MHz:   0% 2088 MHz:   0% 2352 MHz:   0% 2616 MHz:   0% 2868 MHz:   0% 3096 MHz:   0% 3300 MHz:   0% 3468 MHz:   0% 3624 MHz:   0% 3756 MHz:   0% 3852 MHz:   0% 3924 MHz:   0% 3996 MHz:   0% 4044 MHz:   0% 4104 MHz:   0% 4416 MHz:   0% 4512 MHz:  42%)
CPU 8 idle residency:  58.28%
CPU 8 down residency:   0.00%
CPU 9 frequency: 4512 MHz
CPU 9 active residency:  22.41% (1260 MHz:   0% 1512 MHz:   0% 1800 MHz:   0% 2088 MHz:   0% 2352 MHz:   0% 2616 MHz:   0% 2868 MHz:   0% 3096 MHz:   0% 3300 MHz:   0% 3468 MHz:   0% 3624 MHz:   0% 3756 MHz:   0% 3852 MHz:   0% 3924 MHz:   0% 3996 MHz:   0% 4044 MHz:   0% 4104 MHz:   0% 4416 MHz:   0% 4512 MHz:  22%)
CPU 9 idle residency:  77.59%
CPU 9 down residency:   0.00%
CPU 10 frequency: 4512 MHz
CPU 10 active residency:  26.43% (1260 MHz:   0% 1512 MHz:   0% 1800 MHz:   0% 2088 MHz:   0% 2352 MHz:   0% 2616 MHz:   0% 2868 MHz:   0% 3096 MHz:   0% 3300 MHz:   0% 3468 MHz:   0% 3624 MHz:   0% 3756 MHz:   0% 3852 MHz:   0% 3924 MHz:   0% 3996 MHz:   0% 4044 MHz:   0% 4104 MHz:   0% 4416 MHz:   0% 4512 MHz:  26%)
CPU 10 idle residency:  73.57%
CPU 10 down residency:   0.00%
CPU 11 frequency: 4512 MHz
CPU 11 active residency:  14.15% (1260 MHz:   0% 1512 MHz:   0% 1800 MHz:   0% 2088 MHz:   0% 2352 MHz:   0% 2616 MHz:   0% 2868 MHz:   0% 3096 MHz:   0% 3300 MHz:   0% 3468 MHz:   0% 3624 MHz:   0% 3756 MHz:   0% 3852 MHz:   0% 3924 MHz:   0% 3996 MHz:   0% 4044 MHz:   0% 4104 MHz:   0% 4416 MHz:   0% 4512 MHz:  14%)
CPU 11 idle residency:  85.85%
CPU 11 down residency:   0.00%

CPU Power: 4796 mW
GPU Power: 0 mW
ANE Power: 0 mW
Combined Power (CPU + GPU + ANE): 4796 mW


*** Sampled system activity (Tue Sep 29 16:59:56 2026 -0300) (514.66ms elapsed) ***


**** Processor usage ****

E-Cluster Online: 100%
E-Cluster HW active frequency: 1354 MHz
E-Cluster HW active residency:  35.22% (1020 MHz:  22% 1404 MHz: 3.6% 1788 MHz: 4.1% 2112 MHz: 1.5% 2352 MHz:   0% 2532 MHz: 1.8% 2592 MHz: 1.8%)
E-Cluster idle residency:  64.78%
E-Cluster down residency:   0.00%
CPU 0 frequency: 1200 MHz
CPU 0 active residency:  17.35% (1020 MHz:  14% 1404 MHz: 1.2% 1788 MHz: 1.0% 2112 MHz: .55% 2352 MHz:   0% 2532 MHz: .68% 2592 MHz: .16%)
CPU 0 idle residency:  82.65%
CPU 0 down residency:   0.00%
CPU 1 frequency: 1492 MHz
CPU 1 active residency:  18.25% (1020 MHz: 9.5% 1404 MHz: 2.2% 1788 MHz: 2.5% 2112 MHz: 1.1% 2352 MHz:   0% 2532 MHz: 1.2% 2592 MHz: 1.8%)
CPU 1 idle residency:  81.75%
CPU 1 down residency:   0.00%
CPU 2 frequency: 1281 MHz
CPU 2 active residency:   7.04% (1020 MHz: 4.4% 1404 MHz: 1.3% 1788 MHz: 1.0% 2112 MHz: .04% 2352 MHz:   0% 2532 MHz: .34% 2592 MHz: .00%)
CPU 2 idle residency:  92.96%
CPU 2 down residency:   0.00%
CPU 3 frequency: 1075 MHz
CPU 3 active residency:   5.79% (1020 MHz: 5.3% 1404 MHz: .19% 1788 MHz: .25% 2112 MHz:   0% 2352 MHz:   0% 2532 MHz: .04% 2592 MHz:   0%)
CPU 3 idle residency:  94.21%
CPU 3 down residency:   0.00%

P0-Cluster Online: 2%
P0-Cluster HW active frequency: 1260 MHz
P0-Cluster HW active residency:   0.17% (1260 MHz: .17% 1512 MHz:   0% 1800 MHz:   0% 2088 MHz:   0% 2352 MHz:   0% 2616 MHz:   0% 2868 MHz:   0% 3096 MHz:   0% 3300 MHz:   0% 3468 MHz:   0% 3624 MHz:   0% 3756 MHz:   0% 3852 MHz:   0% 3924 MHz:   0% 3996 MHz:   0% 4044 MHz:   0% 4104 MHz:   0% 4416 MHz:   0% 4512 MHz:   0%)
P0-Cluster idle residency:   1.14%
P0-Cluster down residency:  98.69%
CPU 4 frequency: 1956 MHz
CPU 4 active residency:   1.11% (1260 MHz: .88% 1512 MHz:   0% 1800 MHz:   0% 2088 MHz:   0% 2352 MHz:   0% 2616 MHz:   0% 2868 MHz:   0% 3096 MHz:   0% 3300 MHz:   0% 3468 MHz:   0% 3624 MHz:   0% 3756 MHz:   0% 3852 MHz:   0% 3924 MHz:   0% 3996 MHz:   0% 4044 MHz:   0% 4104 MHz:   0% 4416 MHz:   0% 4512 MHz: .24%)
CPU 4 idle residency:   1.21%
CPU 4 down residency:  97.68%
CPU 5 frequency: 1695 MHz
CPU 5 active residency:   1.01% (1260 MHz: .87% 1512 MHz: .01% 1800 MHz:   0% 2088 MHz:   0% 2352 MHz:   0% 2616 MHz:   0% 2868 MHz:   0% 3096 MHz:   0% 3300 MHz:   0% 3468 MHz:   0% 3624 MHz:   0% 3756 MHz:   0% 3852 MHz:   0% 3924 MHz:   0% 3996 MHz:   0% 4044 MHz:   0% 4104 MHz:   0% 4416 MHz:   0% 4512 MHz: .13%)
CPU 5 idle residency:   1.21%
CPU 5 down residency:  97.78%
CPU 6 frequency: 1688 MHz
CPU 6 active residency:   0.98% (1260 MHz: .85% 1512 MHz:   0% 1800 MHz:   0% 2088 MHz:   0% 2352 MHz:   0% 2616 MHz:   0% 2868 MHz:   0% 3096 MHz:   0% 3300 MHz:   0% 3468 MHz:   0% 3624 MHz:   0% 3756 MHz:   0% 3852 MHz:   0% 3924 MHz:   0% 3996 MHz:   0% 4044 MHz:   0% 4104 MHz:   0% 4416 MHz:   0% 4512 MHz: .13%)
CPU 6 idle residency:   1.21%
CPU 6 down residency:  97.81%
CPU 7 frequency: 1648 MHz
CPU 7 active residency:   0.97% (1260 MHz: .85% 1512 MHz:   0% 1800 MHz:   0% 2088 MHz:   0% 2352 MHz:   0% 2616 MHz:   0% 2868 MHz:   0% 3096 MHz:   0% 3300 MHz:   0% 3468 MHz:   0% 3624 MHz:   0% 3756 MHz:   0% 3852 MHz:   0% 3924 MHz:   0% 3996 MHz:   0% 4044 MHz:   0% 4104 MHz:   0% 4416 MHz:   0% 4512 MHz: .12%)
CPU 7 idle residency:   1.21%
CPU 7 down residency:  97.82%

P1-Cluster HW active frequency: 4426 MHz
P1-Cluster HW active residency: 100.00% (1260 MHz:   0% 1512 MHz:   0% 1800 MHz:   0% 2088 MHz:   0% 2352 MHz:   0% 2616 MHz:   0% 2868 MHz:   0% 3096 MHz:   0% 3300 MHz:   0% 3468 MHz:   0% 3624 MHz:   0% 3756 MHz:   0% 3852 MHz:   0% 3924 MHz: .36% 3996 MHz: .22% 4044 MHz:  17% 4104 MHz:   0% 4416 MHz: 3.1% 4512 MHz:  79%)
P1-Cluster idle residency:   0.00%
P1-Cluster down residency:   0.00%
CPU 8 frequency: 4512 MHz
CPU 8 active residency:  11.54% (1260 MHz:   0% 1512 MHz:   0% 1800 MHz:   0% 2088 MHz:   0% 2352 MHz:   0% 2616 MHz:   0% 2868 MHz:   0% 3096 MHz:   0% 3300 MHz:   0% 3468 MHz:   0% 3624 MHz:   0% 3756 MHz:   0% 3852 MHz:   0% 3924 MHz:   0% 3996 MHz:   0% 4044 MHz:   0% 4104 MHz:   0% 4416 MHz:   0% 4512 MHz:  12%)
CPU 8 idle residency:  88.46%
CPU 8 down residency:   0.00%
CPU 9 frequency: 4512 MHz
CPU 9 active residency:  23.07% (1260 MHz:   0% 1512 MHz:   0% 1800 MHz:   0% 2088 MHz:   0% 2352 MHz:   0% 2616 MHz:   0% 2868 MHz:   0% 3096 MHz:   0% 3300 MHz:   0% 3468 MHz:   0% 3624 MHz:   0% 3756 MHz:   0% 3852 MHz:   0% 3924 MHz:   0% 3996 MHz:   0% 4044 MHz:   0% 4104 MHz:   0% 4416 MHz:   0% 4512 MHz:  23%)
CPU 9 idle residency:  76.93%
CPU 9 down residency:   0.00%
CPU 10 frequency: 4512 MHz
CPU 10 active residency:  41.64% (1260 MHz:   0% 1512 MHz:   0% 1800 MHz:   0% 2088 MHz:   0% 2352 MHz:   0% 2616 MHz:   0% 2868 MHz:   0% 3096 MHz:   0% 3300 MHz:   0% 3468 MHz:   0% 3624 MHz:   0% 3756 MHz:   0% 3852 MHz:   0% 3924 MHz:   0% 3996 MHz:   0% 4044 MHz:   0% 4104 MHz:   0% 4416 MHz:   0% 4512 MHz:  42%)
CPU 10 idle residency:  58.36%
CPU 10 down residency:   0.00%
CPU 11 frequency: 4512 MHz
CPU 11 active residency:  27.39% (1260 MHz:   0% 1512 MHz:   0% 1800 MHz:   0% 2088 MHz:   0% 2352 MHz:   0% 2616 MHz:   0% 2868 MHz:   0% 3096 MHz:   0% 3300 MHz:   0% 3468 MHz:   0% 3624 MHz:   0% 3756 MHz:   0% 3852 MHz:   0% 3924 MHz:   0% 3996 MHz:   0% 4044 MHz:   0% 4104 MHz:   0% 4416 MHz:   0% 4512 MHz:  27%)
CPU 11 idle residency:  72.61%
CPU 11 down residency:   0.00%

CPU Power: 4844 mW
GPU Power: 0 mW
ANE Power: 0 mW
Combined Power (CPU + GPU + ANE): 4844 mW


*** Sampled system activity (Tue Sep 29 16:59:57 2026 -0300) (514.24ms elapsed) ***


**** Processor usage ****

E-Cluster Online: 100%
E-Cluster HW active frequency: 1135 MHz
E-Cluster HW active residency:  24.47% (1020 MHz:  21% 1404 MHz: 1.9% 1788 MHz: .76% 2112 MHz:   0% 2352 MHz:   0% 2532 MHz:   0% 2592 MHz: .97%)
E-Cluster idle residency:  75.53%
E-Cluster down residency:   0.00%
CPU 0 frequency: 1112 MHz
CPU 0 active residency:  13.10% (1020 MHz:  11% 1404 MHz: .63% 1788 MHz: .75% 2112 MHz:   0% 2352 MHz:   0% 2532 MHz:   0% 2592 MHz: .25%)
CPU 0 idle residency:  86.90%
CPU 0 down residency:   0.00%
CPU 1 frequency: 1161 MHz
CPU 1 active residency:  11.03% (1020 MHz: 9.0% 1404 MHz: 1.4% 1788 MHz: .02% 2112 MHz:   0% 2352 MHz:   0% 2532 MHz:   0% 2592 MHz: .63%)
CPU 1 idle residency:  88.97%
CPU 1 down residency:   0.00%
CPU 2 frequency: 1074 MHz
CPU 2 active residency:   4.10% (1020 MHz: 3.8% 1404 MHz: .20% 1788 MHz: .00% 2112 MHz:   0% 2352 MHz:   0% 2532 MHz:   0% 2592 MHz: .09%)
CPU 2 idle residency:  95.90%
CPU 2 down residency:   0.00%
CPU 3 frequency: 1074 MHz
CPU 3 active residency:   2.01% (1020 MHz: 1.8% 1404 MHz: .14% 1788 MHz: .03% 2112 MHz:   0% 2352 MHz:   0% 2532 MHz:   0% 2592 MHz: .02%)
CPU 3 idle residency:  97.99%
CPU 3 down residency:   0.00%

P0-Cluster Online: 55%
P0-Cluster HW active frequency: 4401 MHz
P0-Cluster HW active residency:  53.03% (1260 MHz: .21% 1512 MHz:   0% 1800 MHz:   0% 2088 MHz:   0% 2352 MHz:   0% 2616 MHz:   0% 2868 MHz:   0% 3096 MHz:   0% 3300 MHz:   0% 3468 MHz:   0% 3624 MHz:   0% 3756 MHz:   0% 3852 MHz:   0% 3924 MHz: .31% 3996 MHz: .27% 4044 MHz:  10% 4104 MHz:   0% 4416 MHz: 1.7% 4512 MHz:  40%)
P0-Cluster idle residency:   1.28%
P0-Cluster down residency:  45.70%
CPU 4 frequency: 4504 MHz
CPU 4 active residency:  48.54% (1260 MHz: .12% 1512 MHz:   0% 1800 MHz:   0% 2088 MHz:   0% 2352 MHz:   0% 2616 MHz:   0% 2868 MHz:   0% 3096 MHz:   0% 3300 MHz:   0% 3468 MHz:   0% 3624 MHz:   0% 3756 MHz:   0% 3852 MHz:   0% 3924 MHz:   0% 3996 MHz:   0% 4044 MHz:   0% 4104 MHz:   0% 4416 MHz:   0% 4512 MHz:  48%)
CPU 4 idle residency:   5.80%
CPU 4 down residency:  45.67%
CPU 5 frequency: 4218 MHz
CPU 5 active residency:   1.17% (1260 MHz: .11% 1512 MHz:   0% 1800 MHz:   0% 2088 MHz:   0% 2352 MHz:   0% 2616 MHz:   0% 2868 MHz:   0% 3096 MHz:   0% 3300 MHz:   0% 3468 MHz:   0% 3624 MHz:   0% 3756 MHz:   0% 3852 MHz:   0% 3924 MHz:   0% 3996 MHz:   0% 4044 MHz:   0% 4104 MHz:   0% 4416 MHz:   0% 4512 MHz: 1.1%)
CPU 5 idle residency:  53.17%
CPU 5 down residency:  45.67%
CPU 6 frequency: 3933 MHz
CPU 6 active residency:   0.60% (1260 MHz: .11% 1512 MHz:   0% 1800 MHz:   0% 2088 MHz:   0% 2352 MHz:   0% 2616 MHz:   0% 2868 MHz:   0% 3096 MHz:   0% 3300 MHz:   0% 3468 MHz:   0% 3624 MHz:   0% 3756 MHz:   0% 3852 MHz:   0% 3924 MHz:   0% 3996 MHz:   0% 4044 MHz:   0% 4104 MHz:   0% 4416 MHz:   0% 4512 MHz: .49%)
CPU 6 idle residency:  53.74%
CPU 6 down residency:  45.67%
CPU 7 frequency: 4448 MHz
CPU 7 active residency:   5.38% (1260 MHz: .11% 1512 MHz:   0% 1800 MHz:   0% 2088 MHz:   0% 2352 MHz:   0% 2616 MHz:   0% 2868 MHz:   0% 3096 MHz:   0% 3300 MHz:   0% 3468 MHz:   0% 3624 MHz:   0% 3756 MHz:   0% 3852 MHz:   0% 3924 MHz:   0% 3996 MHz:   0% 4044 MHz:   0% 4104 MHz:   0% 4416 MHz:   0% 4512 MHz: 5.3%)
CPU 7 idle residency:  48.96%
CPU 7 down residency:  45.67%

P1-Cluster HW active frequency: 4416 MHz
P1-Cluster HW active residency:  47.39% (1260 MHz: .01% 1512 MHz:   0% 1800 MHz:   0% 2088 MHz:   0% 2352 MHz:   0% 2616 MHz:   0% 2868 MHz:   0% 3096 MHz:   0% 3300 MHz:   0% 3468 MHz:   0% 3624 MHz:   0% 3756 MHz:   0% 3852 MHz:   0% 3924 MHz: .16% 3996 MHz: .19% 4044 MHz: 8.8% 4104 MHz:   0% 4416 MHz: 2.2% 4512 MHz:  36%)
P1-Cluster idle residency:   0.74%
P1-Cluster down residency:  51.87%
CPU 8 frequency: 4512 MHz
CPU 8 active residency:   1.45% (1260 MHz:   0% 1512 MHz:   0% 1800 MHz:   0% 2088 MHz:   0% 2352 MHz:   0% 2616 MHz:   0% 2868 MHz:   0% 3096 MHz:   0% 3300 MHz:   0% 3468 MHz:   0% 3624 MHz:   0% 3756 MHz:   0% 3852 MHz:   0% 3924 MHz:   0% 3996 MHz:   0% 4044 MHz:   0% 4104 MHz:   0% 4416 MHz:   0% 4512 MHz: 1.4%)
CPU 8 idle residency:  40.00%
CPU 8 down residency:  58.55%
CPU 9 frequency: 4512 MHz
CPU 9 active residency:   0.03% (1260 MHz:   0% 1512 MHz:   0% 1800 MHz:   0% 2088 MHz:   0% 2352 MHz:   0% 2616 MHz:   0% 2868 MHz:   0% 3096 MHz:   0% 3300 MHz:   0% 3468 MHz:   0% 3624 MHz:   0% 3756 MHz:   0% 3852 MHz:   0% 3924 MHz:   0% 3996 MHz:   0% 4044 MHz:   0% 4104 MHz:   0% 4416 MHz:   0% 4512 MHz: .03%)
CPU 9 idle residency:  30.26%
CPU 9 down residency:  69.72%
CPU 10 frequency: 4512 MHz
CPU 10 active residency:   1.29% (1260 MHz:   0% 1512 MHz:   0% 1800 MHz:   0% 2088 MHz:   0% 2352 MHz:   0% 2616 MHz:   0% 2868 MHz:   0% 3096 MHz:   0% 3300 MHz:   0% 3468 MHz:   0% 3624 MHz:   0% 3756 MHz:   0% 3852 MHz:   0% 3924 MHz:   0% 3996 MHz:   0% 4044 MHz:   0% 4104 MHz:   0% 4416 MHz:   0% 4512 MHz: 1.3%)
CPU 10 idle residency:  46.40%
CPU 10 down residency:  52.31%
CPU 11 frequency: 4512 MHz
CPU 11 active residency:   0.00% (1260 MHz:   0% 1512 MHz:   0% 1800 MHz:   0% 2088 MHz:   0% 2352 MHz:   0% 2616 MHz:   0% 2868 MHz:   0% 3096 MHz:   0% 3300 MHz:   0% 3468 MHz:   0% 3624 MHz:   0% 3756 MHz:   0% 3852 MHz:   0% 3924 MHz:   0% 3996 MHz:   0% 4044 MHz:   0% 4104 MHz:   0% 4416 MHz:   0% 4512 MHz: .00%)
CPU 11 idle residency:  42.55%
CPU 11 down residency:  57.45%

CPU Power: 4825 mW
GPU Power: 0 mW
ANE Power: 0 mW
Combined Power (CPU + GPU + ANE): 4825 mW


*** Sampled system activity (Tue Sep 29 16:59:57 2026 -0300) (514.13ms elapsed) ***


**** Processor usage ****

E-Cluster Online: 100%
E-Cluster HW active frequency: 1132 MHz
E-Cluster HW active residency:  25.90% (1020 MHz:  21% 1404 MHz: 2.8% 1788 MHz: 1.2% 2112 MHz:   0% 2352 MHz: .06% 2532 MHz:   0% 2592 MHz: .53%)
E-Cluster idle residency:  74.10%
E-Cluster down residency:   0.00%
CPU 0 frequency: 1150 MHz
CPU 0 active residency:  13.86% (1020 MHz:  11% 1404 MHz: 1.7% 1788 MHz: .83% 2112 MHz:   0% 2352 MHz: .03% 2532 MHz:   0% 2592 MHz: .30%)
CPU 0 idle residency:  86.14%
CPU 0 down residency:   0.00%
CPU 1 frequency: 1115 MHz
CPU 1 active residency:  11.00% (1020 MHz: 9.0% 1404 MHz: 1.4% 1788 MHz: .46% 2112 MHz:   0% 2352 MHz: .03% 2532 MHz:   0% 2592 MHz: .08%)
CPU 1 idle residency:  89.00%
CPU 1 down residency:   0.00%
CPU 2 frequency: 1065 MHz
CPU 2 active residency:   4.78% (1020 MHz: 4.5% 1404 MHz: .20% 1788 MHz: .05% 2112 MHz:   0% 2352 MHz: .01% 2532 MHz:   0% 2592 MHz: .06%)
CPU 2 idle residency:  95.22%
CPU 2 down residency:   0.00%
CPU 3 frequency: 1046 MHz
CPU 3 active residency:   1.19% (1020 MHz: 1.1% 1404 MHz: .04% 1788 MHz:   0% 2112 MHz:   0% 2352 MHz:   0% 2532 MHz:   0% 2592 MHz: .01%)
CPU 3 idle residency:  98.81%
CPU 3 down residency:   0.00%

P0-Cluster Online: 100%
P0-Cluster HW active frequency: 4406 MHz
P0-Cluster HW active residency:  99.25% (1260 MHz: .10% 1512 MHz:   0% 1800 MHz:   0% 2088 MHz:   0% 2352 MHz:   0% 2616 MHz:   0% 2868 MHz:   0% 3096 MHz:   0% 3300 MHz:   0% 3468 MHz:   0% 3624 MHz:   0% 3756 MHz:   0% 3852 MHz:   0% 3924 MHz: .90% 3996 MHz: .36% 4044 MHz:  19% 4104 MHz:   0% 4416 MHz: 4.8% 4512 MHz:  74%)
P0-Cluster idle residency:   0.75%
P0-Cluster down residency:   0.00%
CPU 4 frequency: 4495 MHz
CPU 4 active residency:   4.87% (1260 MHz: .03% 1512 MHz:   0% 1800 MHz:   0% 2088 MHz:   0% 2352 MHz:   0% 2616 MHz:   0% 2868 MHz:   0% 3096 MHz:   0% 3300 MHz:   0% 3468 MHz:   0% 3624 MHz:   0% 3756 MHz:   0% 3852 MHz:   0% 3924 MHz:   0% 3996 MHz:   0% 4044 MHz:   0% 4104 MHz:   0% 4416 MHz:   0% 4512 MHz: 4.8%)
CPU 4 idle residency:  95.13%
CPU 4 down residency:   0.00%
CPU 5 frequency: 4512 MHz
CPU 5 active residency:  43.33% (1260 MHz:   0% 1512 MHz:   0% 1800 MHz:   0% 2088 MHz:   0% 2352 MHz:   0% 2616 MHz:   0% 2868 MHz:   0% 3096 MHz:   0% 3300 MHz:   0% 3468 MHz:   0% 3624 MHz:   0% 3756 MHz:   0% 3852 MHz:   0% 3924 MHz:   0% 3996 MHz:   0% 4044 MHz:   0% 4104 MHz:   0% 4416 MHz:   0% 4512 MHz:  43%)
CPU 5 idle residency:  56.67%
CPU 5 down residency:   0.00%
CPU 6 frequency: 4512 MHz
CPU 6 active residency:  23.34% (1260 MHz: .00% 1512 MHz:   0% 1800 MHz:   0% 2088 MHz:   0% 2352 MHz:   0% 2616 MHz:   0% 2868 MHz:   0% 3096 MHz:   0% 3300 MHz:   0% 3468 MHz:   0% 3624 MHz:   0% 3756 MHz:   0% 3852 MHz:   0% 3924 MHz:   0% 3996 MHz:   0% 4044 MHz:   0% 4104 MHz:   0% 4416 MHz:   0% 4512 MHz:  23%)
CPU 6 idle residency:  76.66%
CPU 6 down residency:   0.00%
CPU 7 frequency: 4512 MHz
CPU 7 active residency:  34.27% (1260 MHz:   0% 1512 MHz:   0% 1800 MHz:   0% 2088 MHz:   0% 2352 MHz:   0% 2616 MHz:   0% 2868 MHz:   0% 3096 MHz:   0% 3300 MHz:   0% 3468 MHz:   0% 3624 MHz:   0% 3756 MHz:   0% 3852 MHz:   0% 3924 MHz:   0% 3996 MHz:   0% 4044 MHz:   0% 4104 MHz:   0% 4416 MHz:   0% 4512 MHz:  34%)
CPU 7 idle residency:  65.73%
CPU 7 down residency:   0.00%

P1-Cluster HW active frequency: 4047 MHz
P1-Cluster HW active residency:   1.38% (1260 MHz: .19% 1512 MHz:   0% 1800 MHz:   0% 2088 MHz:   0% 2352 MHz:   0% 2616 MHz:   0% 2868 MHz:   0% 3096 MHz:   0% 3300 MHz:   0% 3468 MHz:   0% 3624 MHz:   0% 3756 MHz:   0% 3852 MHz:   0% 3924 MHz: .03% 3996 MHz:   0% 4044 MHz:   0% 4104 MHz:   0% 4416 MHz: .02% 4512 MHz: 1.1%)
P1-Cluster idle residency:   1.40%
P1-Cluster down residency:  97.22%
CPU 8 frequency: 0 MHz
CPU 8 active residency:   0.00% (1260 MHz:   0% 1512 MHz:   0% 1800 MHz:   0% 2088 MHz:   0% 2352 MHz:   0% 2616 MHz:   0% 2868 MHz:   0% 3096 MHz:   0% 3300 MHz:   0% 3468 MHz:   0% 3624 MHz:   0% 3756 MHz:   0% 3852 MHz:   0% 3924 MHz:   0% 3996 MHz:   0% 4044 MHz:   0% 4104 MHz:   0% 4416 MHz:   0% 4512 MHz:   0%)
CPU 8 idle residency:   2.58%
CPU 8 down residency:  97.42%
CPU 9 frequency: 0 MHz
CPU 9 active residency:   0.00% (1260 MHz:   0% 1512 MHz:   0% 1800 MHz:   0% 2088 MHz:   0% 2352 MHz:   0% 2616 MHz:   0% 2868 MHz:   0% 3096 MHz:   0% 3300 MHz:   0% 3468 MHz:   0% 3624 MHz:   0% 3756 MHz:   0% 3852 MHz:   0% 3924 MHz:   0% 3996 MHz:   0% 4044 MHz:   0% 4104 MHz:   0% 4416 MHz:   0% 4512 MHz:   0%)
CPU 9 idle residency:   1.59%
CPU 9 down residency:  98.41%
CPU 10 frequency: 0 MHz
CPU 10 active residency:   0.00% (1260 MHz:   0% 1512 MHz:   0% 1800 MHz:   0% 2088 MHz:   0% 2352 MHz:   0% 2616 MHz:   0% 2868 MHz:   0% 3096 MHz:   0% 3300 MHz:   0% 3468 MHz:   0% 3624 MHz:   0% 3756 MHz:   0% 3852 MHz:   0% 3924 MHz:   0% 3996 MHz:   0% 4044 MHz:   0% 4104 MHz:   0% 4416 MHz:   0% 4512 MHz:   0%)
CPU 10 idle residency:   2.59%
CPU 10 down residency:  97.41%
CPU 11 frequency: 0 MHz
CPU 11 active residency:   0.00% (1260 MHz:   0% 1512 MHz:   0% 1800 MHz:   0% 2088 MHz:   0% 2352 MHz:   0% 2616 MHz:   0% 2868 MHz:   0% 3096 MHz:   0% 3300 MHz:   0% 3468 MHz:   0% 3624 MHz:   0% 3756 MHz:   0% 3852 MHz:   0% 3924 MHz:   0% 3996 MHz:   0% 4044 MHz:   0% 4104 MHz:   0% 4416 MHz:   0% 4512 MHz:   0%)
CPU 11 idle residency:   2.60%
CPU 11 down residency:  97.40%

CPU Power: 4911 mW
GPU Power: 0 mW
ANE Power: 0 mW
Combined Power (CPU + GPU + ANE): 4911 mW


*** Sampled system activity (Tue Sep 29 16:59:58 2026 -0300) (514.12ms elapsed) ***


**** Processor usage ****

E-Cluster Online: 100%
E-Cluster HW active frequency: 1309 MHz
E-Cluster HW active residency:  22.81% (1020 MHz:  15% 1404 MHz: 3.7% 1788 MHz: 1.5% 2112 MHz: .78% 2352 MHz:   0% 2532 MHz: .76% 2592 MHz: 1.3%)
E-Cluster idle residency:  77.19%
E-Cluster down residency:   0.00%
CPU 0 frequency: 1392 MHz
CPU 0 active residency:  15.05% (1020 MHz: 8.6% 1404 MHz: 2.4% 1788 MHz: 1.5% 2112 MHz: .78% 2352 MHz:   0% 2532 MHz: .76% 2592 MHz: .94%)
CPU 0 idle residency:  84.95%
CPU 0 down residency:   0.00%
CPU 1 frequency: 1108 MHz
CPU 1 active residency:   5.63% (1020 MHz: 4.8% 1404 MHz: .73% 1788 MHz: .01% 2112 MHz: .02% 2352 MHz:   0% 2532 MHz: .03% 2592 MHz: .09%)
CPU 1 idle residency:  94.37%
CPU 1 down residency:   0.00%
CPU 2 frequency: 1132 MHz
CPU 2 active residency:   4.16% (1020 MHz: 3.2% 1404 MHz: .84% 1788 MHz:   0% 2112 MHz: .00% 2352 MHz:   0% 2532 MHz: .00% 2592 MHz: .09%)
CPU 2 idle residency:  95.84%
CPU 2 down residency:   0.00%
CPU 3 frequency: 1394 MHz
CPU 3 active residency:   1.34% (1020 MHz: .87% 1404 MHz: .15% 1788 MHz: .06% 2112 MHz: .04% 2352 MHz:   0% 2532 MHz: .05% 2592 MHz: .18%)
CPU 3 idle residency:  98.66%
CPU 3 down residency:   0.00%

P0-Cluster Online: 100%
P0-Cluster HW active frequency: 4418 MHz
P0-Cluster HW active residency: 100.00% (1260 MHz:   0% 1512 MHz:   0% 1800 MHz:   0% 2088 MHz:   0% 2352 MHz:   0% 2616 MHz:   0% 2868 MHz:   0% 3096 MHz:   0% 3300 MHz:   0% 3468 MHz:   0% 3624 MHz:   0% 3756 MHz:   0% 3852 MHz:   0% 3924 MHz: .43% 3996 MHz: .40% 4044 MHz:  18% 4104 MHz:   0% 4416 MHz: 4.0% 4512 MHz:  77%)
P0-Cluster idle residency:   0.00%
P0-Cluster down residency:   0.00%
CPU 4 frequency: 4512 MHz
CPU 4 active residency:  39.74% (1260 MHz:   0% 1512 MHz:   0% 1800 MHz:   0% 2088 MHz:   0% 2352 MHz:   0% 2616 MHz:   0% 2868 MHz:   0% 3096 MHz:   0% 3300 MHz:   0% 3468 MHz:   0% 3624 MHz:   0% 3756 MHz:   0% 3852 MHz:   0% 3924 MHz:   0% 3996 MHz:   0% 4044 MHz:   0% 4104 MHz:   0% 4416 MHz:   0% 4512 MHz:  40%)
CPU 4 idle residency:  60.26%
CPU 4 down residency:   0.00%
CPU 5 frequency: 4512 MHz
CPU 5 active residency:  26.18% (1260 MHz:   0% 1512 MHz:   0% 1800 MHz:   0% 2088 MHz:   0% 2352 MHz:   0% 2616 MHz:   0% 2868 MHz:   0% 3096 MHz:   0% 3300 MHz:   0% 3468 MHz:   0% 3624 MHz:   0% 3756 MHz:   0% 3852 MHz:   0% 3924 MHz:   0% 3996 MHz:   0% 4044 MHz:   0% 4104 MHz:   0% 4416 MHz:   0% 4512 MHz:  26%)
CPU 5 idle residency:  73.82%
CPU 5 down residency:   0.00%
CPU 6 frequency: 4512 MHz
CPU 6 active residency:  26.15% (1260 MHz:   0% 1512 MHz:   0% 1800 MHz:   0% 2088 MHz:   0% 2352 MHz:   0% 2616 MHz:   0% 2868 MHz:   0% 3096 MHz:   0% 3300 MHz:   0% 3468 MHz:   0% 3624 MHz:   0% 3756 MHz:   0% 3852 MHz:   0% 3924 MHz:   0% 3996 MHz:   0% 4044 MHz:   0% 4104 MHz:   0% 4416 MHz:   0% 4512 MHz:  26%)
CPU 6 idle residency:  73.85%
CPU 6 down residency:   0.00%
CPU 7 frequency: 4512 MHz
CPU 7 active residency:  12.79% (1260 MHz:   0% 1512 MHz:   0% 1800 MHz:   0% 2088 MHz:   0% 2352 MHz:   0% 2616 MHz:   0% 2868 MHz:   0% 3096 MHz:   0% 3300 MHz:   0% 3468 MHz:   0% 3624 MHz:   0% 3756 MHz:   0% 3852 MHz:   0% 3924 MHz:   0% 3996 MHz:   0% 4044 MHz:   0% 4104 MHz:   0% 4416 MHz:   0% 4512 MHz:  13%)
CPU 7 idle residency:  87.21%
CPU 7 down residency:   0.00%

P1-Cluster HW active frequency: 4254 MHz
P1-Cluster HW active residency:   0.39% (1260 MHz: .03% 1512 MHz:   0% 1800 MHz:   0% 2088 MHz:   0% 2352 MHz:   0% 2616 MHz:   0% 2868 MHz:   0% 3096 MHz:   0% 3300 MHz:   0% 3468 MHz:   0% 3624 MHz:   0% 3756 MHz:   0% 3852 MHz:   0% 3924 MHz: .01% 3996 MHz:   0% 4044 MHz:   0% 4104 MHz:   0% 4416 MHz: .01% 4512 MHz: .34%)
P1-Cluster idle residency:   2.10%
P1-Cluster down residency:  97.51%
CPU 8 frequency: 0 MHz
CPU 8 active residency:   0.00% (1260 MHz:   0% 1512 MHz:   0% 1800 MHz:   0% 2088 MHz:   0% 2352 MHz:   0% 2616 MHz:   0% 2868 MHz:   0% 3096 MHz:   0% 3300 MHz:   0% 3468 MHz:   0% 3624 MHz:   0% 3756 MHz:   0% 3852 MHz:   0% 3924 MHz:   0% 3996 MHz:   0% 4044 MHz:   0% 4104 MHz:   0% 4416 MHz:   0% 4512 MHz:   0%)
CPU 8 idle residency:   2.36%
CPU 8 down residency:  97.64%
CPU 9 frequency: 0 MHz
CPU 9 active residency:   0.00% (1260 MHz:   0% 1512 MHz:   0% 1800 MHz:   0% 2088 MHz:   0% 2352 MHz:   0% 2616 MHz:   0% 2868 MHz:   0% 3096 MHz:   0% 3300 MHz:   0% 3468 MHz:   0% 3624 MHz:   0% 3756 MHz:   0% 3852 MHz:   0% 3924 MHz:   0% 3996 MHz:   0% 4044 MHz:   0% 4104 MHz:   0% 4416 MHz:   0% 4512 MHz:   0%)
CPU 9 idle residency:   2.36%
CPU 9 down residency:  97.64%
CPU 10 frequency: 0 MHz
CPU 10 active residency:   0.00% (1260 MHz:   0% 1512 MHz:   0% 1800 MHz:   0% 2088 MHz:   0% 2352 MHz:   0% 2616 MHz:   0% 2868 MHz:   0% 3096 MHz:   0% 3300 MHz:   0% 3468 MHz:   0% 3624 MHz:   0% 3756 MHz:   0% 3852 MHz:   0% 3924 MHz:   0% 3996 MHz:   0% 4044 MHz:   0% 4104 MHz:   0% 4416 MHz:   0% 4512 MHz:   0%)
CPU 10 idle residency:   2.36%
CPU 10 down residency:  97.64%
CPU 11 frequency: 0 MHz
CPU 11 active residency:   0.00% (1260 MHz:   0% 1512 MHz:   0% 1800 MHz:   0% 2088 MHz:   0% 2352 MHz:   0% 2616 MHz:   0% 2868 MHz:   0% 3096 MHz:   0% 3300 MHz:   0% 3468 MHz:   0% 3624 MHz:   0% 3756 MHz:   0% 3852 MHz:   0% 3924 MHz:   0% 3996 MHz:   0% 4044 MHz:   0% 4104 MHz:   0% 4416 MHz:   0% 4512 MHz:   0%)
CPU 11 idle residency:   2.36%
CPU 11 down residency:  97.64%

CPU Power: 4849 mW
GPU Power: 0 mW
ANE Power: 0 mW
Combined Power (CPU + GPU + ANE): 4849 mW


*** Sampled system activity (Tue Sep 29 16:59:58 2026 -0300) (513.95ms elapsed) ***


**** Processor usage ****

E-Cluster Online: 100%
E-Cluster HW active frequency: 1084 MHz
E-Cluster HW active residency:  20.87% (1020 MHz:  18% 1404 MHz: 2.8% 1788 MHz: .38% 2112 MHz:   0% 2352 MHz:   0% 2532 MHz:   0% 2592 MHz:   0%)
E-Cluster idle residency:  79.13%
E-Cluster down residency:   0.00%
CPU 0 frequency: 1076 MHz
CPU 0 active residency:  10.67% (1020 MHz: 9.3% 1404 MHz: 1.1% 1788 MHz: .23% 2112 MHz:   0% 2352 MHz:   0% 2532 MHz:   0% 2592 MHz:   0%)
CPU 0 idle residency:  89.33%
CPU 0 down residency:   0.00%
CPU 1 frequency: 1105 MHz
CPU 1 active residency:  10.33% (1020 MHz: 8.3% 1404 MHz: 1.9% 1788 MHz: .21% 2112 MHz:   0% 2352 MHz:   0% 2532 MHz:   0% 2592 MHz:   0%)
CPU 1 idle residency:  89.67%
CPU 1 down residency:   0.00%
CPU 2 frequency: 1062 MHz
CPU 2 active residency:   3.01% (1020 MHz: 2.7% 1404 MHz: .32% 1788 MHz: .01% 2112 MHz:   0% 2352 MHz:   0% 2532 MHz:   0% 2592 MHz:   0%)
CPU 2 idle residency:  96.99%
CPU 2 down residency:   0.00%
CPU 3 frequency: 1025 MHz
CPU 3 active residency:   2.13% (1020 MHz: 2.1% 1404 MHz: .03% 1788 MHz:   0% 2112 MHz:   0% 2352 MHz:   0% 2532 MHz:   0% 2592 MHz:   0%)
CPU 3 idle residency:  97.87%
CPU 3 down residency:   0.00%

P0-Cluster Online: 100%
P0-Cluster HW active frequency: 4416 MHz
P0-Cluster HW active residency: 100.00% (1260 MHz:   0% 1512 MHz:   0% 1800 MHz:   0% 2088 MHz:   0% 2352 MHz:   0% 2616 MHz:   0% 2868 MHz:   0% 3096 MHz:   0% 3300 MHz:   0% 3468 MHz:   0% 3624 MHz:   0% 3756 MHz:   0% 3852 MHz:   0% 3924 MHz: .25% 3996 MHz: .25% 4044 MHz:  19% 4104 MHz:   0% 4416 MHz: 3.2% 4512 MHz:  77%)
P0-Cluster idle residency:   0.00%
P0-Cluster down residency:   0.00%
CPU 4 frequency: 4512 MHz
CPU 4 active residency:  25.61% (1260 MHz:   0% 1512 MHz:   0% 1800 MHz:   0% 2088 MHz:   0% 2352 MHz:   0% 2616 MHz:   0% 2868 MHz:   0% 3096 MHz:   0% 3300 MHz:   0% 3468 MHz:   0% 3624 MHz:   0% 3756 MHz:   0% 3852 MHz:   0% 3924 MHz:   0% 3996 MHz:   0% 4044 MHz:   0% 4104 MHz:   0% 4416 MHz:   0% 4512 MHz:  26%)
CPU 4 idle residency:  74.39%
CPU 4 down residency:   0.00%
CPU 5 frequency: 4512 MHz
CPU 5 active residency:  18.90% (1260 MHz:   0% 1512 MHz:   0% 1800 MHz:   0% 2088 MHz:   0% 2352 MHz:   0% 2616 MHz:   0% 2868 MHz:   0% 3096 MHz:   0% 3300 MHz:   0% 3468 MHz:   0% 3624 MHz:   0% 3756 MHz:   0% 3852 MHz:   0% 3924 MHz:   0% 3996 MHz:   0% 4044 MHz:   0% 4104 MHz:   0% 4416 MHz:   0% 4512 MHz:  19%)
CPU 5 idle residency:  81.10%
CPU 5 down residency:   0.00%
CPU 6 frequency: 4512 MHz
CPU 6 active residency:  37.64% (1260 MHz:   0% 1512 MHz:   0% 1800 MHz:   0% 2088 MHz:   0% 2352 MHz:   0% 2616 MHz:   0% 2868 MHz:   0% 3096 MHz:   0% 3300 MHz:   0% 3468 MHz:   0% 3624 MHz:   0% 3756 MHz:   0% 3852 MHz:   0% 3924 MHz:   0% 3996 MHz:   0% 4044 MHz:   0% 4104 MHz:   0% 4416 MHz:   0% 4512 MHz:  38%)
CPU 6 idle residency:  62.36%
CPU 6 down residency:   0.00%
CPU 7 frequency: 4512 MHz
CPU 7 active residency:  21.41% (1260 MHz:   0% 1512 MHz:   0% 1800 MHz:   0% 2088 MHz:   0% 2352 MHz:   0% 2616 MHz:   0% 2868 MHz:   0% 3096 MHz:   0% 3300 MHz:   0% 3468 MHz:   0% 3624 MHz:   0% 3756 MHz:   0% 3852 MHz:   0% 3924 MHz:   0% 3996 MHz:   0% 4044 MHz:   0% 4104 MHz:   0% 4416 MHz:   0% 4512 MHz:  21%)
CPU 7 idle residency:  78.59%
CPU 7 down residency:   0.00%

P1-Cluster HW active frequency: 0 MHz
P1-Cluster HW active residency:   0.00% (1260 MHz:   0% 1512 MHz:   0% 1800 MHz:   0% 2088 MHz:   0% 2352 MHz:   0% 2616 MHz:   0% 2868 MHz:   0% 3096 MHz:   0% 3300 MHz:   0% 3468 MHz:   0% 3624 MHz:   0% 3756 MHz:   0% 3852 MHz:   0% 3924 MHz:   0% 3996 MHz:   0% 4044 MHz:   0% 4104 MHz:   0% 4416 MHz:   0% 4512 MHz:   0%)
P1-Cluster idle residency:   0.00%
P1-Cluster down residency: 100.00%
CPU 8 frequency: 0 MHz
CPU 8 active residency:   0.00% (1260 MHz:   0% 1512 MHz:   0% 1800 MHz:   0% 2088 MHz:   0% 2352 MHz:   0% 2616 MHz:   0% 2868 MHz:   0% 3096 MHz:   0% 3300 MHz:   0% 3468 MHz:   0% 3624 MHz:   0% 3756 MHz:   0% 3852 MHz:   0% 3924 MHz:   0% 3996 MHz:   0% 4044 MHz:   0% 4104 MHz:   0% 4416 MHz:   0% 4512 MHz:   0%)
CPU 8 idle residency:   0.00%
CPU 8 down residency: 100.00%
CPU 9 frequency: 0 MHz
CPU 9 active residency:   0.00% (1260 MHz:   0% 1512 MHz:   0% 1800 MHz:   0% 2088 MHz:   0% 2352 MHz:   0% 2616 MHz:   0% 2868 MHz:   0% 3096 MHz:   0% 3300 MHz:   0% 3468 MHz:   0% 3624 MHz:   0% 3756 MHz:   0% 3852 MHz:   0% 3924 MHz:   0% 3996 MHz:   0% 4044 MHz:   0% 4104 MHz:   0% 4416 MHz:   0% 4512 MHz:   0%)
CPU 9 idle residency:   0.00%
CPU 9 down residency: 100.00%
CPU 10 frequency: 0 MHz
CPU 10 active residency:   0.00% (1260 MHz:   0% 1512 MHz:   0% 1800 MHz:   0% 2088 MHz:   0% 2352 MHz:   0% 2616 MHz:   0% 2868 MHz:   0% 3096 MHz:   0% 3300 MHz:   0% 3468 MHz:   0% 3624 MHz:   0% 3756 MHz:   0% 3852 MHz:   0% 3924 MHz:   0% 3996 MHz:   0% 4044 MHz:   0% 4104 MHz:   0% 4416 MHz:   0% 4512 MHz:   0%)
CPU 10 idle residency:   0.00%
CPU 10 down residency: 100.00%
CPU 11 frequency: 0 MHz
CPU 11 active residency:   0.00% (1260 MHz:   0% 1512 MHz:   0% 1800 MHz:   0% 2088 MHz:   0% 2352 MHz:   0% 2616 MHz:   0% 2868 MHz:   0% 3096 MHz:   0% 3300 MHz:   0% 3468 MHz:   0% 3624 MHz:   0% 3756 MHz:   0% 3852 MHz:   0% 3924 MHz:   0% 3996 MHz:   0% 4044 MHz:   0% 4104 MHz:   0% 4416 MHz:   0% 4512 MHz:   0%)
CPU 11 idle residency:   0.00%
CPU 11 down residency: 100.00%

CPU Power: 4794 mW
GPU Power: 0 mW
ANE Power: 0 mW
Combined Power (CPU + GPU + ANE): 4794 mW


*** Sampled system activity (Tue Sep 29 16:59:59 2026 -0300) (513.73ms elapsed) ***


**** Processor usage ****

E-Cluster Online: 100%
E-Cluster HW active frequency: 1122 MHz
E-Cluster HW active residency:  21.34% (1020 MHz:  18% 1404 MHz: 1.8% 1788 MHz: 1.4% 2112 MHz:   0% 2352 MHz: .27% 2532 MHz:   0% 2592 MHz: .03%)
E-Cluster idle residency:  78.66%
E-Cluster down residency:   0.00%
CPU 0 frequency: 1072 MHz
CPU 0 active residency:  10.45% (1020 MHz: 9.5% 1404 MHz: .63% 1788 MHz: .31% 2112 MHz:   0% 2352 MHz: .03% 2532 MHz:   0% 2592 MHz: .02%)
CPU 0 idle residency:  89.55%
CPU 0 down residency:   0.00%
CPU 1 frequency: 1144 MHz
CPU 1 active residency:   9.19% (1020 MHz: 7.1% 1404 MHz: 1.1% 1788 MHz: .88% 2112 MHz:   0% 2352 MHz: .00% 2532 MHz:   0% 2592 MHz: .01%)
CPU 1 idle residency:  90.81%
CPU 1 down residency:   0.00%
CPU 2 frequency: 1086 MHz
CPU 2 active residency:   3.60% (1020 MHz: 3.2% 1404 MHz: .23% 1788 MHz: .16% 2112 MHz:   0% 2352 MHz:   0% 2532 MHz:   0% 2592 MHz: .01%)
CPU 2 idle residency:  96.40%
CPU 2 down residency:   0.00%
CPU 3 frequency: 1241 MHz
CPU 3 active residency:   3.72% (1020 MHz: 2.7% 1404 MHz: .28% 1788 MHz: .45% 2112 MHz:   0% 2352 MHz: .26% 2532 MHz:   0% 2592 MHz: .02%)
CPU 3 idle residency:  96.28%
CPU 3 down residency:   0.00%

P0-Cluster Online: 100%
P0-Cluster HW active frequency: 4419 MHz
P0-Cluster HW active residency: 100.00% (1260 MHz:   0% 1512 MHz:   0% 1800 MHz:   0% 2088 MHz:   0% 2352 MHz:   0% 2616 MHz:   0% 2868 MHz:   0% 3096 MHz:   0% 3300 MHz:   0% 3468 MHz:   0% 3624 MHz:   0% 3756 MHz:   0% 3852 MHz:   0% 3924 MHz: .32% 3996 MHz: .59% 4044 MHz:  18% 4104 MHz:   0% 4416 MHz: 3.0% 4512 MHz:  78%)
P0-Cluster idle residency:   0.00%
P0-Cluster down residency:   0.00%
CPU 4 frequency: 4512 MHz
CPU 4 active residency:  25.67% (1260 MHz:   0% 1512 MHz:   0% 1800 MHz:   0% 2088 MHz:   0% 2352 MHz:   0% 2616 MHz:   0% 2868 MHz:   0% 3096 MHz:   0% 3300 MHz:   0% 3468 MHz:   0% 3624 MHz:   0% 3756 MHz:   0% 3852 MHz:   0% 3924 MHz:   0% 3996 MHz:   0% 4044 MHz:   0% 4104 MHz:   0% 4416 MHz:   0% 4512 MHz:  26%)
CPU 4 idle residency:  74.33%
CPU 4 down residency:   0.00%
CPU 5 frequency: 4512 MHz
CPU 5 active residency:  12.79% (1260 MHz:   0% 1512 MHz:   0% 1800 MHz:   0% 2088 MHz:   0% 2352 MHz:   0% 2616 MHz:   0% 2868 MHz:   0% 3096 MHz:   0% 3300 MHz:   0% 3468 MHz:   0% 3624 MHz:   0% 3756 MHz:   0% 3852 MHz:   0% 3924 MHz:   0% 3996 MHz:   0% 4044 MHz:   0% 4104 MHz:   0% 4416 MHz:   0% 4512 MHz:  13%)
CPU 5 idle residency:  87.21%
CPU 5 down residency:   0.00%
CPU 6 frequency: 4512 MHz
CPU 6 active residency:  27.35% (1260 MHz:   0% 1512 MHz:   0% 1800 MHz:   0% 2088 MHz:   0% 2352 MHz:   0% 2616 MHz:   0% 2868 MHz:   0% 3096 MHz:   0% 3300 MHz:   0% 3468 MHz:   0% 3624 MHz:   0% 3756 MHz:   0% 3852 MHz:   0% 3924 MHz:   0% 3996 MHz:   0% 4044 MHz:   0% 4104 MHz:   0% 4416 MHz:   0% 4512 MHz:  27%)
CPU 6 idle residency:  72.65%
CPU 6 down residency:   0.00%
CPU 7 frequency: 4512 MHz
CPU 7 active residency:  37.96% (1260 MHz:   0% 1512 MHz:   0% 1800 MHz:   0% 2088 MHz:   0% 2352 MHz:   0% 2616 MHz:   0% 2868 MHz:   0% 3096 MHz:   0% 3300 MHz:   0% 3468 MHz:   0% 3624 MHz:   0% 3756 MHz:   0% 3852 MHz:   0% 3924 MHz:   0% 3996 MHz:   0% 4044 MHz:   0% 4104 MHz:   0% 4416 MHz:   0% 4512 MHz:  38%)
CPU 7 idle residency:  62.04%
CPU 7 down residency:   0.00%

P1-Cluster HW active frequency: 4102 MHz
P1-Cluster HW active residency:   0.13% (1260 MHz: .01% 1512 MHz:   0% 1800 MHz:   0% 2088 MHz:   0% 2352 MHz:   0% 2616 MHz:   0% 2868 MHz:   0% 3096 MHz:   0% 3300 MHz:   0% 3468 MHz:   0% 3624 MHz:   0% 3756 MHz:   0% 3852 MHz:   0% 3924 MHz: .01% 3996 MHz:   0% 4044 MHz:   0% 4104 MHz:   0% 4416 MHz: .01% 4512 MHz: .10%)
P1-Cluster idle residency:   1.20%
P1-Cluster down residency:  98.67%
CPU 8 frequency: 0 MHz
CPU 8 active residency:   0.00% (1260 MHz:   0% 1512 MHz:   0% 1800 MHz:   0% 2088 MHz:   0% 2352 MHz:   0% 2616 MHz:   0% 2868 MHz:   0% 3096 MHz:   0% 3300 MHz:   0% 3468 MHz:   0% 3624 MHz:   0% 3756 MHz:   0% 3852 MHz:   0% 3924 MHz:   0% 3996 MHz:   0% 4044 MHz:   0% 4104 MHz:   0% 4416 MHz:   0% 4512 MHz:   0%)
CPU 8 idle residency:   1.23%
CPU 8 down residency:  98.77%
CPU 9 frequency: 0 MHz
CPU 9 active residency:   0.00% (1260 MHz:   0% 1512 MHz:   0% 1800 MHz:   0% 2088 MHz:   0% 2352 MHz:   0% 2616 MHz:   0% 2868 MHz:   0% 3096 MHz:   0% 3300 MHz:   0% 3468 MHz:   0% 3624 MHz:   0% 3756 MHz:   0% 3852 MHz:   0% 3924 MHz:   0% 3996 MHz:   0% 4044 MHz:   0% 4104 MHz:   0% 4416 MHz:   0% 4512 MHz:   0%)
CPU 9 idle residency:   1.23%
CPU 9 down residency:  98.77%
CPU 10 frequency: 0 MHz
CPU 10 active residency:   0.00% (1260 MHz:   0% 1512 MHz:   0% 1800 MHz:   0% 2088 MHz:   0% 2352 MHz:   0% 2616 MHz:   0% 2868 MHz:   0% 3096 MHz:   0% 3300 MHz:   0% 3468 MHz:   0% 3624 MHz:   0% 3756 MHz:   0% 3852 MHz:   0% 3924 MHz:   0% 3996 MHz:   0% 4044 MHz:   0% 4104 MHz:   0% 4416 MHz:   0% 4512 MHz:   0%)
CPU 10 idle residency:   1.23%
CPU 10 down residency:  98.77%
CPU 11 frequency: 0 MHz
CPU 11 active residency:   0.00% (1260 MHz:   0% 1512 MHz:   0% 1800 MHz:   0% 2088 MHz:   0% 2352 MHz:   0% 2616 MHz:   0% 2868 MHz:   0% 3096 MHz:   0% 3300 MHz:   0% 3468 MHz:   0% 3624 MHz:   0% 3756 MHz:   0% 3852 MHz:   0% 3924 MHz:   0% 3996 MHz:   0% 4044 MHz:   0% 4104 MHz:   0% 4416 MHz:   0% 4512 MHz:   0%)
CPU 11 idle residency:   1.23%
CPU 11 down residency:  98.77%

CPU Power: 4833 mW
GPU Power: 0 mW
ANE Power: 0 mW
Combined Power (CPU + GPU + ANE): 4833 mW


*** Sampled system activity (Tue Sep 29 16:59:59 2026 -0300) (515.08ms elapsed) ***


**** Processor usage ****

E-Cluster Online: 100%
E-Cluster HW active frequency: 1151 MHz
E-Cluster HW active residency:  22.20% (1020 MHz:  17% 1404 MHz: 2.8% 1788 MHz: 2.4% 2112 MHz:   0% 2352 MHz:   0% 2532 MHz:   0% 2592 MHz:   0%)
E-Cluster idle residency:  77.80%
E-Cluster down residency:   0.00%
CPU 0 frequency: 1138 MHz
CPU 0 active residency:  12.87% (1020 MHz:  10% 1404 MHz: 1.5% 1788 MHz: 1.2% 2112 MHz:   0% 2352 MHz:   0% 2532 MHz:   0% 2592 MHz:   0%)
CPU 0 idle residency:  87.13%
CPU 0 down residency:   0.00%
CPU 1 frequency: 1203 MHz
CPU 1 active residency:  10.54% (1020 MHz: 7.1% 1404 MHz: 1.9% 1788 MHz: 1.6% 2112 MHz:   0% 2352 MHz:   0% 2532 MHz:   0% 2592 MHz:   0%)
CPU 1 idle residency:  89.46%
CPU 1 down residency:   0.00%
CPU 2 frequency: 1101 MHz
CPU 2 active residency:   4.74% (1020 MHz: 4.1% 1404 MHz: .29% 1788 MHz: .36% 2112 MHz:   0% 2352 MHz:   0% 2532 MHz:   0% 2592 MHz:   0%)
CPU 2 idle residency:  95.26%
CPU 2 down residency:   0.00%
CPU 3 frequency: 1037 MHz
CPU 3 active residency:   3.37% (1020 MHz: 3.3% 1404 MHz: .04% 1788 MHz: .05% 2112 MHz:   0% 2352 MHz:   0% 2532 MHz:   0% 2592 MHz:   0%)
CPU 3 idle residency:  96.63%
CPU 3 down residency:   0.00%

P0-Cluster Online: 100%
P0-Cluster HW active frequency: 4411 MHz
P0-Cluster HW active residency: 100.00% (1260 MHz:   0% 1512 MHz:   0% 1800 MHz:   0% 2088 MHz:   0% 2352 MHz:   0% 2616 MHz:   0% 2868 MHz:   0% 3096 MHz:   0% 3300 MHz:   0% 3468 MHz:   0% 3624 MHz:   0% 3756 MHz:   0% 3852 MHz:   0% 3924 MHz: .29% 3996 MHz: .28% 4044 MHz:  20% 4104 MHz:   0% 4416 MHz: 3.3% 4512 MHz:  76%)
P0-Cluster idle residency:   0.00%
P0-Cluster down residency:   0.00%
CPU 4 frequency: 4512 MHz
CPU 4 active residency:  22.59% (1260 MHz:   0% 1512 MHz:   0% 1800 MHz:   0% 2088 MHz:   0% 2352 MHz:   0% 2616 MHz:   0% 2868 MHz:   0% 3096 MHz:   0% 3300 MHz:   0% 3468 MHz:   0% 3624 MHz:   0% 3756 MHz:   0% 3852 MHz:   0% 3924 MHz:   0% 3996 MHz:   0% 4044 MHz:   0% 4104 MHz:   0% 4416 MHz:   0% 4512 MHz:  23%)
CPU 4 idle residency:  77.41%
CPU 4 down residency:   0.00%
CPU 5 frequency: 4512 MHz
CPU 5 active residency:  33.07% (1260 MHz:   0% 1512 MHz:   0% 1800 MHz:   0% 2088 MHz:   0% 2352 MHz:   0% 2616 MHz:   0% 2868 MHz:   0% 3096 MHz:   0% 3300 MHz:   0% 3468 MHz:   0% 3624 MHz:   0% 3756 MHz:   0% 3852 MHz:   0% 3924 MHz:   0% 3996 MHz:   0% 4044 MHz:   0% 4104 MHz:   0% 4416 MHz:   0% 4512 MHz:  33%)
CPU 5 idle residency:  66.93%
CPU 5 down residency:   0.00%
CPU 6 frequency: 4512 MHz
CPU 6 active residency:  23.63% (1260 MHz:   0% 1512 MHz:   0% 1800 MHz:   0% 2088 MHz:   0% 2352 MHz:   0% 2616 MHz:   0% 2868 MHz:   0% 3096 MHz:   0% 3300 MHz:   0% 3468 MHz:   0% 3624 MHz:   0% 3756 MHz:   0% 3852 MHz:   0% 3924 MHz:   0% 3996 MHz:   0% 4044 MHz:   0% 4104 MHz:   0% 4416 MHz:   0% 4512 MHz:  24%)
CPU 6 idle residency:  76.37%
CPU 6 down residency:   0.00%
CPU 7 frequency: 4512 MHz
CPU 7 active residency:  24.46% (1260 MHz:   0% 1512 MHz:   0% 1800 MHz:   0% 2088 MHz:   0% 2352 MHz:   0% 2616 MHz:   0% 2868 MHz:   0% 3096 MHz:   0% 3300 MHz:   0% 3468 MHz:   0% 3624 MHz:   0% 3756 MHz:   0% 3852 MHz:   0% 3924 MHz:   0% 3996 MHz:   0% 4044 MHz:   0% 4104 MHz:   0% 4416 MHz:   0% 4512 MHz:  24%)
CPU 7 idle residency:  75.54%
CPU 7 down residency:   0.00%

P1-Cluster HW active frequency: 0 MHz
P1-Cluster HW active residency:   0.00% (1260 MHz:   0% 1512 MHz:   0% 1800 MHz:   0% 2088 MHz:   0% 2352 MHz:   0% 2616 MHz:   0% 2868 MHz:   0% 3096 MHz:   0% 3300 MHz:   0% 3468 MHz:   0% 3624 MHz:   0% 3756 MHz:   0% 3852 MHz:   0% 3924 MHz:   0% 3996 MHz:   0% 4044 MHz:   0% 4104 MHz:   0% 4416 MHz:   0% 4512 MHz:   0%)
P1-Cluster idle residency:   0.00%
P1-Cluster down residency: 100.00%
CPU 8 frequency: 0 MHz
CPU 8 active residency:   0.00% (1260 MHz:   0% 1512 MHz:   0% 1800 MHz:   0% 2088 MHz:   0% 2352 MHz:   0% 2616 MHz:   0% 2868 MHz:   0% 3096 MHz:   0% 3300 MHz:   0% 3468 MHz:   0% 3624 MHz:   0% 3756 MHz:   0% 3852 MHz:   0% 3924 MHz:   0% 3996 MHz:   0% 4044 MHz:   0% 4104 MHz:   0% 4416 MHz:   0% 4512 MHz:   0%)
CPU 8 idle residency:   0.00%
CPU 8 down residency: 100.00%
CPU 9 frequency: 0 MHz
CPU 9 active residency:   0.00% (1260 MHz:   0% 1512 MHz:   0% 1800 MHz:   0% 2088 MHz:   0% 2352 MHz:   0% 2616 MHz:   0% 2868 MHz:   0% 3096 MHz:   0% 3300 MHz:   0% 3468 MHz:   0% 3624 MHz:   0% 3756 MHz:   0% 3852 MHz:   0% 3924 MHz:   0% 3996 MHz:   0% 4044 MHz:   0% 4104 MHz:   0% 4416 MHz:   0% 4512 MHz:   0%)
CPU 9 idle residency:   0.00%
CPU 9 down residency: 100.00%
CPU 10 frequency: 0 MHz
CPU 10 active residency:   0.00% (1260 MHz:   0% 1512 MHz:   0% 1800 MHz:   0% 2088 MHz:   0% 2352 MHz:   0% 2616 MHz:   0% 2868 MHz:   0% 3096 MHz:   0% 3300 MHz:   0% 3468 MHz:   0% 3624 MHz:   0% 3756 MHz:   0% 3852 MHz:   0% 3924 MHz:   0% 3996 MHz:   0% 4044 MHz:   0% 4104 MHz:   0% 4416 MHz:   0% 4512 MHz:   0%)
CPU 10 idle residency:   0.00%
CPU 10 down residency: 100.00%
CPU 11 frequency: 0 MHz
CPU 11 active residency:   0.00% (1260 MHz:   0% 1512 MHz:   0% 1800 MHz:   0% 2088 MHz:   0% 2352 MHz:   0% 2616 MHz:   0% 2868 MHz:   0% 3096 MHz:   0% 3300 MHz:   0% 3468 MHz:   0% 3624 MHz:   0% 3756 MHz:   0% 3852 MHz:   0% 3924 MHz:   0% 3996 MHz:   0% 4044 MHz:   0% 4104 MHz:   0% 4416 MHz:   0% 4512 MHz:   0%)
CPU 11 idle residency:   0.00%
CPU 11 down residency: 100.00%

CPU Power: 4778 mW
GPU Power: 0 mW
ANE Power: 0 mW
Combined Power (CPU + GPU + ANE): 4778 mW


*** Sampled system activity (Tue Sep 29 17:00:00 2026 -0300) (514.89ms elapsed) ***


**** Processor usage ****

E-Cluster Online: 100%
E-Cluster HW active frequency: 1161 MHz
E-Cluster HW active residency:  26.78% (1020 MHz:  21% 1404 MHz: 2.2% 1788 MHz: 3.2% 2112 MHz:   0% 2352 MHz:   0% 2532 MHz:   0% 2592 MHz: .33%)
E-Cluster idle residency:  73.22%
E-Cluster down residency:   0.00%
CPU 0 frequency: 1144 MHz
CPU 0 active residency:  14.81% (1020 MHz:  12% 1404 MHz: 1.6% 1788 MHz: 1.4% 2112 MHz:   0% 2352 MHz:   0% 2532 MHz:   0% 2592 MHz: .09%)
CPU 0 idle residency:  85.19%
CPU 0 down residency:   0.00%
CPU 1 frequency: 1143 MHz
CPU 1 active residency:   8.92% (1020 MHz: 7.4% 1404 MHz: .28% 1788 MHz: 1.1% 2112 MHz:   0% 2352 MHz:   0% 2532 MHz:   0% 2592 MHz: .07%)
CPU 1 idle residency:  91.08%
CPU 1 down residency:   0.00%
CPU 2 frequency: 1119 MHz
CPU 2 active residency:   8.71% (1020 MHz: 7.6% 1404 MHz: .15% 1788 MHz: .89% 2112 MHz:   0% 2352 MHz:   0% 2532 MHz:   0% 2592 MHz: .08%)
CPU 2 idle residency:  91.29%
CPU 2 down residency:   0.00%
CPU 3 frequency: 1220 MHz
CPU 3 active residency:   3.94% (1020 MHz: 2.6% 1404 MHz: .67% 1788 MHz: .60% 2112 MHz:   0% 2352 MHz:   0% 2532 MHz:   0% 2592 MHz: .05%)
CPU 3 idle residency:  96.06%
CPU 3 down residency:   0.00%

P0-Cluster Online: 100%
P0-Cluster HW active frequency: 4416 MHz
P0-Cluster HW active residency: 100.00% (1260 MHz:   0% 1512 MHz:   0% 1800 MHz:   0% 2088 MHz:   0% 2352 MHz:   0% 2616 MHz:   0% 2868 MHz:   0% 3096 MHz:   0% 3300 MHz:   0% 3468 MHz:   0% 3624 MHz:   0% 3756 MHz:   0% 3852 MHz:   0% 3924 MHz: .99% 3996 MHz: .74% 4044 MHz:  17% 4104 MHz:   0% 4416 MHz: 5.0% 4512 MHz:  76%)
P0-Cluster idle residency:   0.00%
P0-Cluster down residency:   0.00%
CPU 4 frequency: 4512 MHz
CPU 4 active residency:  20.93% (1260 MHz:   0% 1512 MHz:   0% 1800 MHz:   0% 2088 MHz:   0% 2352 MHz:   0% 2616 MHz:   0% 2868 MHz:   0% 3096 MHz:   0% 3300 MHz:   0% 3468 MHz:   0% 3624 MHz:   0% 3756 MHz:   0% 3852 MHz:   0% 3924 MHz:   0% 3996 MHz:   0% 4044 MHz:   0% 4104 MHz:   0% 4416 MHz:   0% 4512 MHz:  21%)
CPU 4 idle residency:  79.07%
CPU 4 down residency:   0.00%
CPU 5 frequency: 4512 MHz
CPU 5 active residency:  25.71% (1260 MHz:   0% 1512 MHz:   0% 1800 MHz:   0% 2088 MHz:   0% 2352 MHz:   0% 2616 MHz:   0% 2868 MHz:   0% 3096 MHz:   0% 3300 MHz:   0% 3468 MHz:   0% 3624 MHz:   0% 3756 MHz:   0% 3852 MHz:   0% 3924 MHz:   0% 3996 MHz:   0% 4044 MHz:   0% 4104 MHz:   0% 4416 MHz:   0% 4512 MHz:  26%)
CPU 5 idle residency:  74.29%
CPU 5 down residency:   0.00%
CPU 6 frequency: 4512 MHz
CPU 6 active residency:  32.88% (1260 MHz:   0% 1512 MHz:   0% 1800 MHz:   0% 2088 MHz:   0% 2352 MHz:   0% 2616 MHz:   0% 2868 MHz:   0% 3096 MHz:   0% 3300 MHz:   0% 3468 MHz:   0% 3624 MHz:   0% 3756 MHz:   0% 3852 MHz:   0% 3924 MHz:   0% 3996 MHz:   0% 4044 MHz:   0% 4104 MHz:   0% 4416 MHz:   0% 4512 MHz:  33%)
CPU 6 idle residency:  67.12%
CPU 6 down residency:   0.00%
CPU 7 frequency: 4512 MHz
CPU 7 active residency:  27.94% (1260 MHz:   0% 1512 MHz:   0% 1800 MHz:   0% 2088 MHz:   0% 2352 MHz:   0% 2616 MHz:   0% 2868 MHz:   0% 3096 MHz:   0% 3300 MHz:   0% 3468 MHz:   0% 3624 MHz:   0% 3756 MHz:   0% 3852 MHz:   0% 3924 MHz:   0% 3996 MHz:   0% 4044 MHz:   0% 4104 MHz:   0% 4416 MHz:   0% 4512 MHz:  28%)
CPU 7 idle residency:  72.06%
CPU 7 down residency:   0.00%

P1-Cluster HW active frequency: 2445 MHz
P1-Cluster HW active residency:   0.45% (1260 MHz: .28% 1512 MHz:   0% 1800 MHz:   0% 2088 MHz:   0% 2352 MHz:   0% 2616 MHz:   0% 2868 MHz:   0% 3096 MHz:   0% 3300 MHz:   0% 3468 MHz:   0% 3624 MHz:   0% 3756 MHz:   0% 3852 MHz:   0% 3924 MHz: .03% 3996 MHz:   0% 4044 MHz:   0% 4104 MHz:   0% 4416 MHz: .01% 4512 MHz: .14%)
P1-Cluster idle residency:   1.87%
P1-Cluster down residency:  97.67%
CPU 8 frequency: 0 MHz
CPU 8 active residency:   0.00% (1260 MHz:   0% 1512 MHz:   0% 1800 MHz:   0% 2088 MHz:   0% 2352 MHz:   0% 2616 MHz:   0% 2868 MHz:   0% 3096 MHz:   0% 3300 MHz:   0% 3468 MHz:   0% 3624 MHz:   0% 3756 MHz:   0% 3852 MHz:   0% 3924 MHz:   0% 3996 MHz:   0% 4044 MHz:   0% 4104 MHz:   0% 4416 MHz:   0% 4512 MHz:   0%)
CPU 8 idle residency:   2.17%
CPU 8 down residency:  97.83%
CPU 9 frequency: 0 MHz
CPU 9 active residency:   0.00% (1260 MHz:   0% 1512 MHz:   0% 1800 MHz:   0% 2088 MHz:   0% 2352 MHz:   0% 2616 MHz:   0% 2868 MHz:   0% 3096 MHz:   0% 3300 MHz:   0% 3468 MHz:   0% 3624 MHz:   0% 3756 MHz:   0% 3852 MHz:   0% 3924 MHz:   0% 3996 MHz:   0% 4044 MHz:   0% 4104 MHz:   0% 4416 MHz:   0% 4512 MHz:   0%)
CPU 9 idle residency:   2.18%
CPU 9 down residency:  97.82%
CPU 10 frequency: 0 MHz
CPU 10 active residency:   0.00% (1260 MHz:   0% 1512 MHz:   0% 1800 MHz:   0% 2088 MHz:   0% 2352 MHz:   0% 2616 MHz:   0% 2868 MHz:   0% 3096 MHz:   0% 3300 MHz:   0% 3468 MHz:   0% 3624 MHz:   0% 3756 MHz:   0% 3852 MHz:   0% 3924 MHz:   0% 3996 MHz:   0% 4044 MHz:   0% 4104 MHz:   0% 4416 MHz:   0% 4512 MHz:   0%)
CPU 10 idle residency:   2.18%
CPU 10 down residency:  97.82%
CPU 11 frequency: 0 MHz
CPU 11 active residency:   0.00% (1260 MHz:   0% 1512 MHz:   0% 1800 MHz:   0% 2088 MHz:   0% 2352 MHz:   0% 2616 MHz:   0% 2868 MHz:   0% 3096 MHz:   0% 3300 MHz:   0% 3468 MHz:   0% 3624 MHz:   0% 3756 MHz:   0% 3852 MHz:   0% 3924 MHz:   0% 3996 MHz:   0% 4044 MHz:   0% 4104 MHz:   0% 4416 MHz:   0% 4512 MHz:   0%)
CPU 11 idle residency:   2.18%
CPU 11 down residency:  97.82%

CPU Power: 4953 mW
GPU Power: 0 mW
ANE Power: 0 mW
Combined Power (CPU + GPU + ANE): 4953 mW


*** Sampled system activity (Tue Sep 29 17:00:00 2026 -0300) (515.48ms elapsed) ***


**** Processor usage ****

E-Cluster Online: 100%
E-Cluster HW active frequency: 1137 MHz
E-Cluster HW active residency:  28.83% (1020 MHz:  23% 1404 MHz: 3.9% 1788 MHz: 2.4% 2112 MHz:   0% 2352 MHz: .05% 2532 MHz:   0% 2592 MHz:   0%)
E-Cluster idle residency:  71.17%
E-Cluster down residency:   0.00%
CPU 0 frequency: 1121 MHz
CPU 0 active residency:  15.80% (1020 MHz:  13% 1404 MHz: 2.4% 1788 MHz: .86% 2112 MHz:   0% 2352 MHz: .03% 2532 MHz:   0% 2592 MHz:   0%)
CPU 0 idle residency:  84.20%
CPU 0 down residency:   0.00%
CPU 1 frequency: 1174 MHz
CPU 1 active residency:  12.65% (1020 MHz: 9.1% 1404 MHz: 2.0% 1788 MHz: 1.5% 2112 MHz:   0% 2352 MHz: .02% 2532 MHz:   0% 2592 MHz:   0%)
CPU 1 idle residency:  87.35%
CPU 1 down residency:   0.00%
CPU 2 frequency: 1134 MHz
CPU 2 active residency:   3.95% (1020 MHz: 3.2% 1404 MHz: .26% 1788 MHz: .46% 2112 MHz:   0% 2352 MHz:   0% 2532 MHz:   0% 2592 MHz:   0%)
CPU 2 idle residency:  96.05%
CPU 2 down residency:   0.00%
CPU 3 frequency: 1100 MHz
CPU 3 active residency:   3.49% (1020 MHz: 3.1% 1404 MHz: .06% 1788 MHz: .31% 2112 MHz:   0% 2352 MHz: .01% 2532 MHz:   0% 2592 MHz:   0%)
CPU 3 idle residency:  96.51%
CPU 3 down residency:   0.00%

P0-Cluster Online: 100%
P0-Cluster HW active frequency: 4407 MHz
P0-Cluster HW active residency: 100.00% (1260 MHz:   0% 1512 MHz:   0% 1800 MHz:   0% 2088 MHz:   0% 2352 MHz:   0% 2616 MHz:   0% 2868 MHz:   0% 3096 MHz:   0% 3300 MHz:   0% 3468 MHz:   0% 3624 MHz:   0% 3756 MHz:   0% 3852 MHz:   0% 3924 MHz: .26% 3996 MHz: .42% 4044 MHz:  21% 4104 MHz:   0% 4416 MHz: 3.1% 4512 MHz:  75%)
P0-Cluster idle residency:   0.00%
P0-Cluster down residency:   0.00%
CPU 4 frequency: 4512 MHz
CPU 4 active residency:  24.69% (1260 MHz:   0% 1512 MHz:   0% 1800 MHz:   0% 2088 MHz:   0% 2352 MHz:   0% 2616 MHz:   0% 2868 MHz:   0% 3096 MHz:   0% 3300 MHz:   0% 3468 MHz:   0% 3624 MHz:   0% 3756 MHz:   0% 3852 MHz:   0% 3924 MHz:   0% 3996 MHz:   0% 4044 MHz:   0% 4104 MHz:   0% 4416 MHz:   0% 4512 MHz:  25%)
CPU 4 idle residency:  75.31%
CPU 4 down residency:   0.00%
CPU 5 frequency: 4512 MHz
CPU 5 active residency:  26.51% (1260 MHz:   0% 1512 MHz:   0% 1800 MHz:   0% 2088 MHz:   0% 2352 MHz:   0% 2616 MHz:   0% 2868 MHz:   0% 3096 MHz:   0% 3300 MHz:   0% 3468 MHz:   0% 3624 MHz:   0% 3756 MHz:   0% 3852 MHz:   0% 3924 MHz:   0% 3996 MHz:   0% 4044 MHz:   0% 4104 MHz:   0% 4416 MHz:   0% 4512 MHz:  27%)
CPU 5 idle residency:  73.49%
CPU 5 down residency:   0.00%
CPU 6 frequency: 4512 MHz
CPU 6 active residency:  23.27% (1260 MHz:   0% 1512 MHz:   0% 1800 MHz:   0% 2088 MHz:   0% 2352 MHz:   0% 2616 MHz:   0% 2868 MHz:   0% 3096 MHz:   0% 3300 MHz:   0% 3468 MHz:   0% 3624 MHz:   0% 3756 MHz:   0% 3852 MHz:   0% 3924 MHz:   0% 3996 MHz:   0% 4044 MHz:   0% 4104 MHz:   0% 4416 MHz:   0% 4512 MHz:  23%)
CPU 6 idle residency:  76.73%
CPU 6 down residency:   0.00%
CPU 7 frequency: 4512 MHz
CPU 7 active residency:  29.20% (1260 MHz:   0% 1512 MHz:   0% 1800 MHz:   0% 2088 MHz:   0% 2352 MHz:   0% 2616 MHz:   0% 2868 MHz:   0% 3096 MHz:   0% 3300 MHz:   0% 3468 MHz:   0% 3624 MHz:   0% 3756 MHz:   0% 3852 MHz:   0% 3924 MHz:   0% 3996 MHz:   0% 4044 MHz:   0% 4104 MHz:   0% 4416 MHz:   0% 4512 MHz:  29%)
CPU 7 idle residency:  70.80%
CPU 7 down residency:   0.00%

P1-Cluster HW active frequency: 0 MHz
P1-Cluster HW active residency:   0.00% (1260 MHz:   0% 1512 MHz:   0% 1800 MHz:   0% 2088 MHz:   0% 2352 MHz:   0% 2616 MHz:   0% 2868 MHz:   0% 3096 MHz:   0% 3300 MHz:   0% 3468 MHz:   0% 3624 MHz:   0% 3756 MHz:   0% 3852 MHz:   0% 3924 MHz:   0% 3996 MHz:   0% 4044 MHz:   0% 4104 MHz:   0% 4416 MHz:   0% 4512 MHz:   0%)
P1-Cluster idle residency:   0.00%
P1-Cluster down residency: 100.00%
CPU 8 frequency: 0 MHz
CPU 8 active residency:   0.00% (1260 MHz:   0% 1512 MHz:   0% 1800 MHz:   0% 2088 MHz:   0% 2352 MHz:   0% 2616 MHz:   0% 2868 MHz:   0% 3096 MHz:   0% 3300 MHz:   0% 3468 MHz:   0% 3624 MHz:   0% 3756 MHz:   0% 3852 MHz:   0% 3924 MHz:   0% 3996 MHz:   0% 4044 MHz:   0% 4104 MHz:   0% 4416 MHz:   0% 4512 MHz:   0%)
CPU 8 idle residency:   0.00%
CPU 8 down residency: 100.00%
CPU 9 frequency: 0 MHz
CPU 9 active residency:   0.00% (1260 MHz:   0% 1512 MHz:   0% 1800 MHz:   0% 2088 MHz:   0% 2352 MHz:   0% 2616 MHz:   0% 2868 MHz:   0% 3096 MHz:   0% 3300 MHz:   0% 3468 MHz:   0% 3624 MHz:   0% 3756 MHz:   0% 3852 MHz:   0% 3924 MHz:   0% 3996 MHz:   0% 4044 MHz:   0% 4104 MHz:   0% 4416 MHz:   0% 4512 MHz:   0%)
CPU 9 idle residency:   0.00%
CPU 9 down residency: 100.00%
CPU 10 frequency: 0 MHz
CPU 10 active residency:   0.00% (1260 MHz:   0% 1512 MHz:   0% 1800 MHz:   0% 2088 MHz:   0% 2352 MHz:   0% 2616 MHz:   0% 2868 MHz:   0% 3096 MHz:   0% 3300 MHz:   0% 3468 MHz:   0% 3624 MHz:   0% 3756 MHz:   0% 3852 MHz:   0% 3924 MHz:   0% 3996 MHz:   0% 4044 MHz:   0% 4104 MHz:   0% 4416 MHz:   0% 4512 MHz:   0%)
CPU 10 idle residency:   0.00%
CPU 10 down residency: 100.00%
CPU 11 frequency: 0 MHz
CPU 11 active residency:   0.00% (1260 MHz:   0% 1512 MHz:   0% 1800 MHz:   0% 2088 MHz:   0% 2352 MHz:   0% 2616 MHz:   0% 2868 MHz:   0% 3096 MHz:   0% 3300 MHz:   0% 3468 MHz:   0% 3624 MHz:   0% 3756 MHz:   0% 3852 MHz:   0% 3924 MHz:   0% 3996 MHz:   0% 4044 MHz:   0% 4104 MHz:   0% 4416 MHz:   0% 4512 MHz:   0%)
CPU 11 idle residency:   0.00%
CPU 11 down residency: 100.00%

CPU Power: 4763 mW
GPU Power: 0 mW
ANE Power: 0 mW
Combined Power (CPU + GPU + ANE): 4763 mW


*** Sampled system activity (Tue Sep 29 17:00:01 2026 -0300) (514.82ms elapsed) ***


**** Processor usage ****

E-Cluster Online: 100%
E-Cluster HW active frequency: 1158 MHz
E-Cluster HW active residency:  11.65% (1020 MHz:  10% 1404 MHz:   0% 1788 MHz: .38% 2112 MHz:   0% 2352 MHz: .38% 2532 MHz: .38% 2592 MHz: .15%)
E-Cluster idle residency:  88.35%
E-Cluster down residency:   0.00%
CPU 0 frequency: 1202 MHz
CPU 0 active residency:   5.21% (1020 MHz: 4.5% 1404 MHz:   0% 1788 MHz: .21% 2112 MHz:   0% 2352 MHz: .22% 2532 MHz: .22% 2592 MHz: .10%)
CPU 0 idle residency:  94.79%
CPU 0 down residency:   0.00%
CPU 1 frequency: 1244 MHz
CPU 1 active residency:   3.93% (1020 MHz: 3.2% 1404 MHz:   0% 1788 MHz: .22% 2112 MHz:   0% 2352 MHz: .23% 2532 MHz: .22% 2592 MHz: .04%)
CPU 1 idle residency:  96.07%
CPU 1 down residency:   0.00%
CPU 2 frequency: 1123 MHz
CPU 2 active residency:   1.00% (1020 MHz: .91% 1404 MHz:   0% 1788 MHz: .03% 2112 MHz:   0% 2352 MHz: .02% 2532 MHz:   0% 2592 MHz: .04%)
CPU 2 idle residency:  99.00%
CPU 2 down residency:   0.00%
CPU 3 frequency: 1038 MHz
CPU 3 active residency:   2.39% (1020 MHz: 2.4% 1404 MHz:   0% 1788 MHz:   0% 2112 MHz:   0% 2352 MHz: .00% 2532 MHz:   0% 2592 MHz: .03%)
CPU 3 idle residency:  97.61%
CPU 3 down residency:   0.00%

P0-Cluster Online: 100%
P0-Cluster HW active frequency: 4406 MHz
P0-Cluster HW active residency: 100.00% (1260 MHz:   0% 1512 MHz:   0% 1800 MHz:   0% 2088 MHz:   0% 2352 MHz:   0% 2616 MHz:   0% 2868 MHz:   0% 3096 MHz:   0% 3300 MHz:   0% 3468 MHz:   0% 3624 MHz:   0% 3756 MHz:   0% 3852 MHz:   0% 3924 MHz: .43% 3996 MHz: .43% 4044 MHz:  21% 4104 MHz:   0% 4416 MHz: 3.3% 4512 MHz:  75%)
P0-Cluster idle residency:   0.00%
P0-Cluster down residency:   0.00%
CPU 4 frequency: 4512 MHz
CPU 4 active residency:  24.31% (1260 MHz:   0% 1512 MHz:   0% 1800 MHz:   0% 2088 MHz:   0% 2352 MHz:   0% 2616 MHz:   0% 2868 MHz:   0% 3096 MHz:   0% 3300 MHz:   0% 3468 MHz:   0% 3624 MHz:   0% 3756 MHz:   0% 3852 MHz:   0% 3924 MHz:   0% 3996 MHz:   0% 4044 MHz:   0% 4104 MHz:   0% 4416 MHz:   0% 4512 MHz:  24%)
CPU 4 idle residency:  75.69%
CPU 4 down residency:   0.00%
CPU 5 frequency: 4512 MHz
CPU 5 active residency:  29.65% (1260 MHz:   0% 1512 MHz:   0% 1800 MHz:   0% 2088 MHz:   0% 2352 MHz:   0% 2616 MHz:   0% 2868 MHz:   0% 3096 MHz:   0% 3300 MHz:   0% 3468 MHz:   0% 3624 MHz:   0% 3756 MHz:   0% 3852 MHz:   0% 3924 MHz:   0% 3996 MHz:   0% 4044 MHz:   0% 4104 MHz:   0% 4416 MHz:   0% 4512 MHz:  30%)
CPU 5 idle residency:  70.35%
CPU 5 down residency:   0.00%
CPU 6 frequency: 4512 MHz
CPU 6 active residency:  15.06% (1260 MHz:   0% 1512 MHz:   0% 1800 MHz:   0% 2088 MHz:   0% 2352 MHz:   0% 2616 MHz:   0% 2868 MHz:   0% 3096 MHz:   0% 3300 MHz:   0% 3468 MHz:   0% 3624 MHz:   0% 3756 MHz:   0% 3852 MHz:   0% 3924 MHz:   0% 3996 MHz:   0% 4044 MHz:   0% 4104 MHz:   0% 4416 MHz:   0% 4512 MHz:  15%)
CPU 6 idle residency:  84.94%
CPU 6 down residency:   0.00%
CPU 7 frequency: 4512 MHz
CPU 7 active residency:  35.01% (1260 MHz:   0% 1512 MHz:   0% 1800 MHz:   0% 2088 MHz:   0% 2352 MHz:   0% 2616 MHz:   0% 2868 MHz:   0% 3096 MHz:   0% 3300 MHz:   0% 3468 MHz:   0% 3624 MHz:   0% 3756 MHz:   0% 3852 MHz:   0% 3924 MHz:   0% 3996 MHz:   0% 4044 MHz:   0% 4104 MHz:   0% 4416 MHz:   0% 4512 MHz:  35%)
CPU 7 idle residency:  64.99%
CPU 7 down residency:   0.00%

P1-Cluster HW active frequency: 0 MHz
P1-Cluster HW active residency:   0.00% (1260 MHz:   0% 1512 MHz:   0% 1800 MHz:   0% 2088 MHz:   0% 2352 MHz:   0% 2616 MHz:   0% 2868 MHz:   0% 3096 MHz:   0% 3300 MHz:   0% 3468 MHz:   0% 3624 MHz:   0% 3756 MHz:   0% 3852 MHz:   0% 3924 MHz:   0% 3996 MHz:   0% 4044 MHz:   0% 4104 MHz:   0% 4416 MHz:   0% 4512 MHz:   0%)
P1-Cluster idle residency:   0.00%
P1-Cluster down residency: 100.00%
CPU 8 frequency: 0 MHz
CPU 8 active residency:   0.00% (1260 MHz:   0% 1512 MHz:   0% 1800 MHz:   0% 2088 MHz:   0% 2352 MHz:   0% 2616 MHz:   0% 2868 MHz:   0% 3096 MHz:   0% 3300 MHz:   0% 3468 MHz:   0% 3624 MHz:   0% 3756 MHz:   0% 3852 MHz:   0% 3924 MHz:   0% 3996 MHz:   0% 4044 MHz:   0% 4104 MHz:   0% 4416 MHz:   0% 4512 MHz:   0%)
CPU 8 idle residency:   0.00%
CPU 8 down residency: 100.00%
CPU 9 frequency: 0 MHz
CPU 9 active residency:   0.00% (1260 MHz:   0% 1512 MHz:   0% 1800 MHz:   0% 2088 MHz:   0% 2352 MHz:   0% 2616 MHz:   0% 2868 MHz:   0% 3096 MHz:   0% 3300 MHz:   0% 3468 MHz:   0% 3624 MHz:   0% 3756 MHz:   0% 3852 MHz:   0% 3924 MHz:   0% 3996 MHz:   0% 4044 MHz:   0% 4104 MHz:   0% 4416 MHz:   0% 4512 MHz:   0%)
CPU 9 idle residency:   0.00%
CPU 9 down residency: 100.00%
CPU 10 frequency: 0 MHz
CPU 10 active residency:   0.00% (1260 MHz:   0% 1512 MHz:   0% 1800 MHz:   0% 2088 MHz:   0% 2352 MHz:   0% 2616 MHz:   0% 2868 MHz:   0% 3096 MHz:   0% 3300 MHz:   0% 3468 MHz:   0% 3624 MHz:   0% 3756 MHz:   0% 3852 MHz:   0% 3924 MHz:   0% 3996 MHz:   0% 4044 MHz:   0% 4104 MHz:   0% 4416 MHz:   0% 4512 MHz:   0%)
CPU 10 idle residency:   0.00%
CPU 10 down residency: 100.00%
CPU 11 frequency: 0 MHz
CPU 11 active residency:   0.00% (1260 MHz:   0% 1512 MHz:   0% 1800 MHz:   0% 2088 MHz:   0% 2352 MHz:   0% 2616 MHz:   0% 2868 MHz:   0% 3096 MHz:   0% 3300 MHz:   0% 3468 MHz:   0% 3624 MHz:   0% 3756 MHz:   0% 3852 MHz:   0% 3924 MHz:   0% 3996 MHz:   0% 4044 MHz:   0% 4104 MHz:   0% 4416 MHz:   0% 4512 MHz:   0%)
CPU 11 idle residency:   0.00%
CPU 11 down residency: 100.00%

CPU Power: 4763 mW
GPU Power: 0 mW
ANE Power: 0 mW
Combined Power (CPU + GPU + ANE): 4763 mW


*** Sampled system activity (Tue Sep 29 17:00:01 2026 -0300) (514.78ms elapsed) ***


**** Processor usage ****

E-Cluster Online: 100%
E-Cluster HW active frequency: 1360 MHz
E-Cluster HW active residency:  34.89% (1020 MHz:  23% 1404 MHz: 3.5% 1788 MHz: 2.9% 2112 MHz: .78% 2352 MHz: .07% 2532 MHz:   0% 2592 MHz: 4.7%)
E-Cluster idle residency:  65.11%
E-Cluster down residency:   0.00%
CPU 0 frequency: 1507 MHz
CPU 0 active residency:  19.63% (1020 MHz:  11% 1404 MHz: 1.7% 1788 MHz: 1.7% 2112 MHz: .77% 2352 MHz: .05% 2532 MHz:   0% 2592 MHz: 4.2%)
CPU 0 idle residency:  80.37%
CPU 0 down residency:   0.00%
CPU 1 frequency: 1318 MHz
CPU 1 active residency:  20.69% (1020 MHz:  14% 1404 MHz: 2.6% 1788 MHz: 2.2% 2112 MHz: .25% 2352 MHz: .03% 2532 MHz:   0% 2592 MHz: 2.0%)
CPU 1 idle residency:  79.31%
CPU 1 down residency:   0.00%
CPU 2 frequency: 1476 MHz
CPU 2 active residency:   9.43% (1020 MHz: 5.1% 1404 MHz: .78% 1788 MHz: 1.5% 2112 MHz: .69% 2352 MHz:   0% 2532 MHz:   0% 2592 MHz: 1.3%)
CPU 2 idle residency:  90.57%
CPU 2 down residency:   0.00%
CPU 3 frequency: 1171 MHz
CPU 3 active residency:   6.26% (1020 MHz: 5.1% 1404 MHz: .31% 1788 MHz: .61% 2112 MHz: .05% 2352 MHz:   0% 2532 MHz:   0% 2592 MHz: .19%)
CPU 3 idle residency:  93.74%
CPU 3 down residency:   0.00%

P0-Cluster Online: 100%
P0-Cluster HW active frequency: 4372 MHz
P0-Cluster HW active residency: 100.00% (1260 MHz:   0% 1512 MHz:   0% 1800 MHz:   0% 2088 MHz: 1.3% 2352 MHz: .46% 2616 MHz:   0% 2868 MHz:   0% 3096 MHz:   0% 3300 MHz:   0% 3468 MHz:   0% 3624 MHz:   0% 3756 MHz:   0% 3852 MHz:   0% 3924 MHz: .99% 3996 MHz: .24% 4044 MHz:  19% 4104 MHz:   0% 4416 MHz: 4.3% 4512 MHz:  74%)
P0-Cluster idle residency:   0.00%
P0-Cluster down residency:   0.00%
CPU 4 frequency: 4414 MHz
CPU 4 active residency:  34.19% (1260 MHz:   0% 1512 MHz:   0% 1800 MHz:   0% 2088 MHz: 1.1% 2352 MHz: .30% 2616 MHz:   0% 2868 MHz:   0% 3096 MHz:   0% 3300 MHz:   0% 3468 MHz:   0% 3624 MHz:   0% 3756 MHz:   0% 3852 MHz:   0% 3924 MHz:   0% 3996 MHz:   0% 4044 MHz:   0% 4104 MHz:   0% 4416 MHz:   0% 4512 MHz:  33%)
CPU 4 idle residency:  65.81%
CPU 4 down residency:   0.00%
CPU 5 frequency: 4421 MHz
CPU 5 active residency:  36.32% (1260 MHz:   0% 1512 MHz:   0% 1800 MHz:   0% 2088 MHz: 1.0% 2352 MHz: .40% 2616 MHz:   0% 2868 MHz:   0% 3096 MHz:   0% 3300 MHz:   0% 3468 MHz:   0% 3624 MHz:   0% 3756 MHz:   0% 3852 MHz:   0% 3924 MHz:   0% 3996 MHz:   0% 4044 MHz:   0% 4104 MHz:   0% 4416 MHz:   0% 4512 MHz:  35%)
CPU 5 idle residency:  63.68%
CPU 5 down residency:   0.00%
CPU 6 frequency: 4427 MHz
CPU 6 active residency:  26.39% (1260 MHz:   0% 1512 MHz:   0% 1800 MHz:   0% 2088 MHz: .63% 2352 MHz: .34% 2616 MHz:   0% 2868 MHz:   0% 3096 MHz:   0% 3300 MHz:   0% 3468 MHz:   0% 3624 MHz:   0% 3756 MHz:   0% 3852 MHz:   0% 3924 MHz:   0% 3996 MHz:   0% 4044 MHz:   0% 4104 MHz:   0% 4416 MHz:   0% 4512 MHz:  25%)
CPU 6 idle residency:  73.61%
CPU 6 down residency:   0.00%
CPU 7 frequency: 4389 MHz
CPU 7 active residency:  12.30% (1260 MHz:   0% 1512 MHz:   0% 1800 MHz:   0% 2088 MHz: .39% 2352 MHz: .27% 2616 MHz:   0% 2868 MHz:   0% 3096 MHz:   0% 3300 MHz:   0% 3468 MHz:   0% 3624 MHz:   0% 3756 MHz:   0% 3852 MHz:   0% 3924 MHz:   0% 3996 MHz:   0% 4044 MHz:   0% 4104 MHz:   0% 4416 MHz:   0% 4512 MHz:  12%)
CPU 7 idle residency:  87.70%
CPU 7 down residency:   0.00%

P1-Cluster HW active frequency: 3614 MHz
P1-Cluster HW active residency:   2.80% (1260 MHz: .76% 1512 MHz:   0% 1800 MHz:   0% 2088 MHz:   0% 2352 MHz:   0% 2616 MHz:   0% 2868 MHz:   0% 3096 MHz:   0% 3300 MHz:   0% 3468 MHz:   0% 3624 MHz:   0% 3756 MHz:   0% 3852 MHz:   0% 3924 MHz: .08% 3996 MHz:   0% 4044 MHz:   0% 4104 MHz:   0% 4416 MHz: .09% 4512 MHz: 1.9%)
P1-Cluster idle residency:   4.24%
P1-Cluster down residency:  92.96%
CPU 8 frequency: 0 MHz
CPU 8 active residency:   0.00% (1260 MHz:   0% 1512 MHz:   0% 1800 MHz:   0% 2088 MHz:   0% 2352 MHz:   0% 2616 MHz:   0% 2868 MHz:   0% 3096 MHz:   0% 3300 MHz:   0% 3468 MHz:   0% 3624 MHz:   0% 3756 MHz:   0% 3852 MHz:   0% 3924 MHz:   0% 3996 MHz:   0% 4044 MHz:   0% 4104 MHz:   0% 4416 MHz:   0% 4512 MHz:   0%)
CPU 8 idle residency:   6.90%
CPU 8 down residency:  93.10%
CPU 9 frequency: 0 MHz
CPU 9 active residency:   0.00% (1260 MHz:   0% 1512 MHz:   0% 1800 MHz:   0% 2088 MHz:   0% 2352 MHz:   0% 2616 MHz:   0% 2868 MHz:   0% 3096 MHz:   0% 3300 MHz:   0% 3468 MHz:   0% 3624 MHz:   0% 3756 MHz:   0% 3852 MHz:   0% 3924 MHz:   0% 3996 MHz:   0% 4044 MHz:   0% 4104 MHz:   0% 4416 MHz:   0% 4512 MHz:   0%)
CPU 9 idle residency:   6.89%
CPU 9 down residency:  93.11%
CPU 10 frequency: 0 MHz
CPU 10 active residency:   0.00% (1260 MHz:   0% 1512 MHz:   0% 1800 MHz:   0% 2088 MHz:   0% 2352 MHz:   0% 2616 MHz:   0% 2868 MHz:   0% 3096 MHz:   0% 3300 MHz:   0% 3468 MHz:   0% 3624 MHz:   0% 3756 MHz:   0% 3852 MHz:   0% 3924 MHz:   0% 3996 MHz:   0% 4044 MHz:   0% 4104 MHz:   0% 4416 MHz:   0% 4512 MHz:   0%)
CPU 10 idle residency:   6.86%
CPU 10 down residency:  93.14%
CPU 11 frequency: 0 MHz
CPU 11 active residency:   0.00% (1260 MHz:   0% 1512 MHz:   0% 1800 MHz:   0% 2088 MHz:   0% 2352 MHz:   0% 2616 MHz:   0% 2868 MHz:   0% 3096 MHz:   0% 3300 MHz:   0% 3468 MHz:   0% 3624 MHz:   0% 3756 MHz:   0% 3852 MHz:   0% 3924 MHz:   0% 3996 MHz:   0% 4044 MHz:   0% 4104 MHz:   0% 4416 MHz:   0% 4512 MHz:   0%)
CPU 11 idle residency:   5.23%
CPU 11 down residency:  94.77%

CPU Power: 4907 mW
GPU Power: 0 mW
ANE Power: 0 mW
Combined Power (CPU + GPU + ANE): 4907 mW


*** Sampled system activity (Tue Sep 29 17:00:02 2026 -0300) (515.17ms elapsed) ***


**** Processor usage ****

E-Cluster Online: 100%
E-Cluster HW active frequency: 1159 MHz
E-Cluster HW active residency:  51.71% (1020 MHz:  41% 1404 MHz: 4.9% 1788 MHz: 4.5% 2112 MHz: .92% 2352 MHz:   0% 2532 MHz:   0% 2592 MHz: .54%)
E-Cluster idle residency:  48.29%
E-Cluster down residency:   0.00%
CPU 0 frequency: 1155 MHz
CPU 0 active residency:  26.94% (1020 MHz:  21% 1404 MHz: 2.6% 1788 MHz: 2.3% 2112 MHz: .53% 2352 MHz:   0% 2532 MHz:   0% 2592 MHz: .19%)
CPU 0 idle residency:  73.06%
CPU 0 down residency:   0.00%
CPU 1 frequency: 1167 MHz
CPU 1 active residency:  29.80% (1020 MHz:  23% 1404 MHz: 2.4% 1788 MHz: 3.3% 2112 MHz: .67% 2352 MHz:   0% 2532 MHz:   0% 2592 MHz: .14%)
CPU 1 idle residency:  70.20%
CPU 1 down residency:   0.00%
CPU 2 frequency: 1093 MHz
CPU 2 active residency:  13.07% (1020 MHz:  12% 1404 MHz: .58% 1788 MHz: .28% 2112 MHz: .19% 2352 MHz:   0% 2532 MHz:   0% 2592 MHz: .20%)
CPU 2 idle residency:  86.93%
CPU 2 down residency:   0.00%
CPU 3 frequency: 1083 MHz
CPU 3 active residency:  11.83% (1020 MHz:  11% 1404 MHz: .71% 1788 MHz: .13% 2112 MHz: .15% 2352 MHz:   0% 2532 MHz:   0% 2592 MHz: .13%)
CPU 3 idle residency:  88.17%
CPU 3 down residency:   0.00%

P0-Cluster Online: 100%
P0-Cluster HW active frequency: 4396 MHz
P0-Cluster HW active residency: 100.00% (1260 MHz:   0% 1512 MHz:   0% 1800 MHz:   0% 2088 MHz:   0% 2352 MHz:   0% 2616 MHz:   0% 2868 MHz:   0% 3096 MHz:   0% 3300 MHz:   0% 3468 MHz:   0% 3624 MHz:   0% 3756 MHz:   0% 3852 MHz:   0% 3924 MHz: .98% 3996 MHz: .51% 4044 MHz:  22% 4104 MHz:   0% 4416 MHz: 5.1% 4512 MHz:  72%)
P0-Cluster idle residency:   0.00%
P0-Cluster down residency:   0.00%
CPU 4 frequency: 4512 MHz
CPU 4 active residency:  34.87% (1260 MHz:   0% 1512 MHz:   0% 1800 MHz:   0% 2088 MHz:   0% 2352 MHz:   0% 2616 MHz:   0% 2868 MHz:   0% 3096 MHz:   0% 3300 MHz:   0% 3468 MHz:   0% 3624 MHz:   0% 3756 MHz:   0% 3852 MHz:   0% 3924 MHz:   0% 3996 MHz:   0% 4044 MHz:   0% 4104 MHz:   0% 4416 MHz:   0% 4512 MHz:  35%)
CPU 4 idle residency:  65.13%
CPU 4 down residency:   0.00%
CPU 5 frequency: 4512 MHz
CPU 5 active residency:  24.62% (1260 MHz:   0% 1512 MHz:   0% 1800 MHz:   0% 2088 MHz:   0% 2352 MHz:   0% 2616 MHz:   0% 2868 MHz:   0% 3096 MHz:   0% 3300 MHz:   0% 3468 MHz:   0% 3624 MHz:   0% 3756 MHz:   0% 3852 MHz:   0% 3924 MHz:   0% 3996 MHz:   0% 4044 MHz:   0% 4104 MHz:   0% 4416 MHz:   0% 4512 MHz:  25%)
CPU 5 idle residency:  75.38%
CPU 5 down residency:   0.00%
CPU 6 frequency: 4512 MHz
CPU 6 active residency:  30.67% (1260 MHz:   0% 1512 MHz:   0% 1800 MHz:   0% 2088 MHz:   0% 2352 MHz:   0% 2616 MHz:   0% 2868 MHz:   0% 3096 MHz:   0% 3300 MHz:   0% 3468 MHz:   0% 3624 MHz:   0% 3756 MHz:   0% 3852 MHz:   0% 3924 MHz:   0% 3996 MHz:   0% 4044 MHz:   0% 4104 MHz:   0% 4416 MHz:   0% 4512 MHz:  31%)
CPU 6 idle residency:  69.33%
CPU 6 down residency:   0.00%
CPU 7 frequency: 4512 MHz
CPU 7 active residency:  17.10% (1260 MHz:   0% 1512 MHz:   0% 1800 MHz:   0% 2088 MHz:   0% 2352 MHz:   0% 2616 MHz:   0% 2868 MHz:   0% 3096 MHz:   0% 3300 MHz:   0% 3468 MHz:   0% 3624 MHz:   0% 3756 MHz:   0% 3852 MHz:   0% 3924 MHz:   0% 3996 MHz:   0% 4044 MHz:   0% 4104 MHz:   0% 4416 MHz:   0% 4512 MHz:  17%)
CPU 7 idle residency:  82.90%
CPU 7 down residency:   0.00%

P1-Cluster HW active frequency: 2208 MHz
P1-Cluster HW active residency:   0.38% (1260 MHz: .27% 1512 MHz:   0% 1800 MHz:   0% 2088 MHz:   0% 2352 MHz:   0% 2616 MHz:   0% 2868 MHz:   0% 3096 MHz:   0% 3300 MHz:   0% 3468 MHz:   0% 3624 MHz:   0% 3756 MHz:   0% 3852 MHz:   0% 3924 MHz: .02% 3996 MHz:   0% 4044 MHz:   0% 4104 MHz:   0% 4416 MHz: .03% 4512 MHz: .07%)
P1-Cluster idle residency:   1.76%
P1-Cluster down residency:  97.86%
CPU 8 frequency: 0 MHz
CPU 8 active residency:   0.00% (1260 MHz:   0% 1512 MHz:   0% 1800 MHz:   0% 2088 MHz:   0% 2352 MHz:   0% 2616 MHz:   0% 2868 MHz:   0% 3096 MHz:   0% 3300 MHz:   0% 3468 MHz:   0% 3624 MHz:   0% 3756 MHz:   0% 3852 MHz:   0% 3924 MHz:   0% 3996 MHz:   0% 4044 MHz:   0% 4104 MHz:   0% 4416 MHz:   0% 4512 MHz:   0%)
CPU 8 idle residency:   1.99%
CPU 8 down residency:  98.01%
CPU 9 frequency: 0 MHz
CPU 9 active residency:   0.00% (1260 MHz:   0% 1512 MHz:   0% 1800 MHz:   0% 2088 MHz:   0% 2352 MHz:   0% 2616 MHz:   0% 2868 MHz:   0% 3096 MHz:   0% 3300 MHz:   0% 3468 MHz:   0% 3624 MHz:   0% 3756 MHz:   0% 3852 MHz:   0% 3924 MHz:   0% 3996 MHz:   0% 4044 MHz:   0% 4104 MHz:   0% 4416 MHz:   0% 4512 MHz:   0%)
CPU 9 idle residency:   1.98%
CPU 9 down residency:  98.02%
CPU 10 frequency: 0 MHz
CPU 10 active residency:   0.00% (1260 MHz:   0% 1512 MHz:   0% 1800 MHz:   0% 2088 MHz:   0% 2352 MHz:   0% 2616 MHz:   0% 2868 MHz:   0% 3096 MHz:   0% 3300 MHz:   0% 3468 MHz:   0% 3624 MHz:   0% 3756 MHz:   0% 3852 MHz:   0% 3924 MHz:   0% 3996 MHz:   0% 4044 MHz:   0% 4104 MHz:   0% 4416 MHz:   0% 4512 MHz:   0%)
CPU 10 idle residency:   2.01%
CPU 10 down residency:  97.99%
CPU 11 frequency: 0 MHz
CPU 11 active residency:   0.00% (1260 MHz:   0% 1512 MHz:   0% 1800 MHz:   0% 2088 MHz:   0% 2352 MHz:   0% 2616 MHz:   0% 2868 MHz:   0% 3096 MHz:   0% 3300 MHz:   0% 3468 MHz:   0% 3624 MHz:   0% 3756 MHz:   0% 3852 MHz:   0% 3924 MHz:   0% 3996 MHz:   0% 4044 MHz:   0% 4104 MHz:   0% 4416 MHz:   0% 4512 MHz:   0%)
CPU 11 idle residency:   2.03%
CPU 11 down residency:  97.97%

CPU Power: 4894 mW
GPU Power: 0 mW
ANE Power: 0 mW
Combined Power (CPU + GPU + ANE): 4894 mW


*** Sampled system activity (Tue Sep 29 17:00:02 2026 -0300) (515.31ms elapsed) ***


**** Processor usage ****

E-Cluster Online: 100%
E-Cluster HW active frequency: 1076 MHz
E-Cluster HW active residency:  41.43% (1020 MHz:  37% 1404 MHz: 3.1% 1788 MHz: .80% 2112 MHz:   0% 2352 MHz: .39% 2532 MHz:   0% 2592 MHz: .02%)
E-Cluster idle residency:  58.57%
E-Cluster down residency:   0.00%
CPU 0 frequency: 1074 MHz
CPU 0 active residency:  26.19% (1020 MHz:  23% 1404 MHz: 2.3% 1788 MHz: .66% 2112 MHz:   0% 2352 MHz: .02% 2532 MHz:   0% 2592 MHz: .01%)
CPU 0 idle residency:  73.81%
CPU 0 down residency:   0.00%
CPU 1 frequency: 1093 MHz
CPU 1 active residency:  21.08% (1020 MHz:  18% 1404 MHz: 1.8% 1788 MHz: .39% 2112 MHz:   0% 2352 MHz: .39% 2532 MHz:   0% 2592 MHz: .01%)
CPU 1 idle residency:  78.92%
CPU 1 down residency:   0.00%
CPU 2 frequency: 1067 MHz
CPU 2 active residency:  11.85% (1020 MHz:  11% 1404 MHz: .86% 1788 MHz: .24% 2112 MHz:   0% 2352 MHz: .04% 2532 MHz:   0% 2592 MHz: .00%)
CPU 2 idle residency:  88.15%
CPU 2 down residency:   0.00%
CPU 3 frequency: 1065 MHz
CPU 3 active residency:   6.99% (1020 MHz: 6.3% 1404 MHz: .60% 1788 MHz: .09% 2112 MHz:   0% 2352 MHz: .01% 2532 MHz:   0% 2592 MHz:   0%)
CPU 3 idle residency:  93.01%
CPU 3 down residency:   0.00%

P0-Cluster Online: 66%
P0-Cluster HW active frequency: 4418 MHz
P0-Cluster HW active residency:  67.44% (1260 MHz:   0% 1512 MHz:   0% 1800 MHz:   0% 2088 MHz:   0% 2352 MHz:   0% 2616 MHz:   0% 2868 MHz:   0% 3096 MHz:   0% 3300 MHz:   0% 3468 MHz:   0% 3624 MHz:   0% 3756 MHz:   0% 3852 MHz:   0% 3924 MHz: .21% 3996 MHz: .42% 4044 MHz:  12% 4104 MHz:   0% 4416 MHz: 2.9% 4512 MHz:  52%)
P0-Cluster idle residency:   0.00%
P0-Cluster down residency:  32.56%
CPU 4 frequency: 0 MHz
CPU 4 active residency:   0.00% (1260 MHz:   0% 1512 MHz:   0% 1800 MHz:   0% 2088 MHz:   0% 2352 MHz:   0% 2616 MHz:   0% 2868 MHz:   0% 3096 MHz:   0% 3300 MHz:   0% 3468 MHz:   0% 3624 MHz:   0% 3756 MHz:   0% 3852 MHz:   0% 3924 MHz:   0% 3996 MHz:   0% 4044 MHz:   0% 4104 MHz:   0% 4416 MHz:   0% 4512 MHz:   0%)
CPU 4 idle residency:  66.72%
CPU 4 down residency:  33.28%
CPU 5 frequency: 4512 MHz
CPU 5 active residency:   1.43% (1260 MHz:   0% 1512 MHz:   0% 1800 MHz:   0% 2088 MHz:   0% 2352 MHz:   0% 2616 MHz:   0% 2868 MHz:   0% 3096 MHz:   0% 3300 MHz:   0% 3468 MHz:   0% 3624 MHz:   0% 3756 MHz:   0% 3852 MHz:   0% 3924 MHz:   0% 3996 MHz:   0% 4044 MHz:   0% 4104 MHz:   0% 4416 MHz:   0% 4512 MHz: 1.4%)
CPU 5 idle residency:  65.82%
CPU 5 down residency:  32.75%
CPU 6 frequency: 4512 MHz
CPU 6 active residency:   2.01% (1260 MHz:   0% 1512 MHz:   0% 1800 MHz:   0% 2088 MHz:   0% 2352 MHz:   0% 2616 MHz:   0% 2868 MHz:   0% 3096 MHz:   0% 3300 MHz:   0% 3468 MHz:   0% 3624 MHz:   0% 3756 MHz:   0% 3852 MHz:   0% 3924 MHz:   0% 3996 MHz:   0% 4044 MHz:   0% 4104 MHz:   0% 4416 MHz:   0% 4512 MHz: 2.0%)
CPU 6 idle residency:  51.46%
CPU 6 down residency:  46.53%
CPU 7 frequency: 4512 MHz
CPU 7 active residency:   0.03% (1260 MHz:   0% 1512 MHz:   0% 1800 MHz:   0% 2088 MHz:   0% 2352 MHz:   0% 2616 MHz:   0% 2868 MHz:   0% 3096 MHz:   0% 3300 MHz:   0% 3468 MHz:   0% 3624 MHz:   0% 3756 MHz:   0% 3852 MHz:   0% 3924 MHz:   0% 3996 MHz:   0% 4044 MHz:   0% 4104 MHz:   0% 4416 MHz:   0% 4512 MHz: .03%)
CPU 7 idle residency:  49.28%
CPU 7 down residency:  50.69%

P1-Cluster HW active frequency: 4409 MHz
P1-Cluster HW active residency:  32.77% (1260 MHz: .20% 1512 MHz:   0% 1800 MHz:   0% 2088 MHz:   0% 2352 MHz:   0% 2616 MHz:   0% 2868 MHz:   0% 3096 MHz:   0% 3300 MHz:   0% 3468 MHz:   0% 3624 MHz:   0% 3756 MHz:   0% 3852 MHz:   0% 3924 MHz: .12% 3996 MHz: .14% 4044 MHz: 5.3% 4104 MHz:   0% 4416 MHz: .95% 4512 MHz:  26%)
P1-Cluster idle residency:   0.81%
P1-Cluster down residency:  66.42%
CPU 8 frequency: 4489 MHz
CPU 8 active residency:  44.65% (1260 MHz: .32% 1512 MHz:   0% 1800 MHz:   0% 2088 MHz:   0% 2352 MHz:   0% 2616 MHz:   0% 2868 MHz:   0% 3096 MHz:   0% 3300 MHz:   0% 3468 MHz:   0% 3624 MHz:   0% 3756 MHz:   0% 3852 MHz:   0% 3924 MHz:   0% 3996 MHz:   0% 4044 MHz:   0% 4104 MHz:   0% 4416 MHz:   0% 4512 MHz:  44%)
CPU 8 idle residency:   0.73%
CPU 8 down residency:  54.62%
CPU 9 frequency: 4480 MHz
CPU 9 active residency:  26.64% (1260 MHz: .27% 1512 MHz:   0% 1800 MHz:   0% 2088 MHz:   0% 2352 MHz:   0% 2616 MHz:   0% 2868 MHz:   0% 3096 MHz:   0% 3300 MHz:   0% 3468 MHz:   0% 3624 MHz:   0% 3756 MHz:   0% 3852 MHz:   0% 3924 MHz:   0% 3996 MHz:   0% 4044 MHz:   0% 4104 MHz:   0% 4416 MHz:   0% 4512 MHz:  26%)
CPU 9 idle residency:  24.44%
CPU 9 down residency:  48.92%
CPU 10 frequency: 4414 MHz
CPU 10 active residency:  10.68% (1260 MHz: .32% 1512 MHz:   0% 1800 MHz:   0% 2088 MHz:   0% 2352 MHz:   0% 2616 MHz:   0% 2868 MHz:   0% 3096 MHz:   0% 3300 MHz:   0% 3468 MHz:   0% 3624 MHz:   0% 3756 MHz:   0% 3852 MHz:   0% 3924 MHz:   0% 3996 MHz:   0% 4044 MHz:   0% 4104 MHz:   0% 4416 MHz:   0% 4512 MHz:  10%)
CPU 10 idle residency:  29.51%
CPU 10 down residency:  59.81%
CPU 11 frequency: 4420 MHz
CPU 11 active residency:  10.83% (1260 MHz: .31% 1512 MHz:   0% 1800 MHz:   0% 2088 MHz:   0% 2352 MHz:   0% 2616 MHz:   0% 2868 MHz:   0% 3096 MHz:   0% 3300 MHz:   0% 3468 MHz:   0% 3624 MHz:   0% 3756 MHz:   0% 3852 MHz:   0% 3924 MHz:   0% 3996 MHz:   0% 4044 MHz:   0% 4104 MHz:   0% 4416 MHz:   0% 4512 MHz:  11%)
CPU 11 idle residency:  29.93%
CPU 11 down residency:  59.24%

CPU Power: 4848 mW
GPU Power: 0 mW
ANE Power: 0 mW
Combined Power (CPU + GPU + ANE): 4848 mW


*** Sampled system activity (Tue Sep 29 17:00:03 2026 -0300) (515.07ms elapsed) ***


**** Processor usage ****

E-Cluster Online: 100%
E-Cluster HW active frequency: 1160 MHz
E-Cluster HW active residency:  42.01% (1020 MHz:  35% 1404 MHz: 3.5% 1788 MHz: 1.8% 2112 MHz: .39% 2352 MHz:   0% 2532 MHz: 1.1% 2592 MHz: .71%)
E-Cluster idle residency:  57.99%
E-Cluster down residency:   0.00%
CPU 0 frequency: 1156 MHz
CPU 0 active residency:  20.90% (1020 MHz:  18% 1404 MHz: 1.3% 1788 MHz: .55% 2112 MHz: .14% 2352 MHz:   0% 2532 MHz: .80% 2592 MHz: .35%)
CPU 0 idle residency:  79.10%
CPU 0 down residency:   0.00%
CPU 1 frequency: 1108 MHz
CPU 1 active residency:  18.76% (1020 MHz:  17% 1404 MHz: 1.1% 1788 MHz: .24% 2112 MHz: .29% 2352 MHz:   0% 2532 MHz: .19% 2592 MHz: .29%)
CPU 1 idle residency:  81.24%
CPU 1 down residency:   0.00%
CPU 2 frequency: 1182 MHz
CPU 2 active residency:  16.23% (1020 MHz:  12% 1404 MHz: 2.4% 1788 MHz: 1.2% 2112 MHz: .11% 2352 MHz:   0% 2532 MHz: .08% 2592 MHz: .33%)
CPU 2 idle residency:  83.77%
CPU 2 down residency:   0.00%
CPU 3 frequency: 1164 MHz
CPU 3 active residency:   8.31% (1020 MHz: 6.2% 1404 MHz: 1.5% 1788 MHz: .33% 2112 MHz: .02% 2352 MHz:   0% 2532 MHz: .19% 2592 MHz: .04%)
CPU 3 idle residency:  91.69%
CPU 3 down residency:   0.00%

P0-Cluster Online: 5%
P0-Cluster HW active frequency: 2852 MHz
P0-Cluster HW active residency:   1.02% (1260 MHz: .52% 1512 MHz:   0% 1800 MHz:   0% 2088 MHz:   0% 2352 MHz:   0% 2616 MHz:   0% 2868 MHz:   0% 3096 MHz:   0% 3300 MHz:   0% 3468 MHz:   0% 3624 MHz:   0% 3756 MHz:   0% 3852 MHz:   0% 3924 MHz: .02% 3996 MHz:   0% 4044 MHz:   0% 4104 MHz:   0% 4416 MHz: .04% 4512 MHz: .45%)
P0-Cluster idle residency:   3.36%
P0-Cluster down residency:  95.61%
CPU 4 frequency: 0 MHz
CPU 4 active residency:   0.00% (1260 MHz:   0% 1512 MHz:   0% 1800 MHz:   0% 2088 MHz:   0% 2352 MHz:   0% 2616 MHz:   0% 2868 MHz:   0% 3096 MHz:   0% 3300 MHz:   0% 3468 MHz:   0% 3624 MHz:   0% 3756 MHz:   0% 3852 MHz:   0% 3924 MHz:   0% 3996 MHz:   0% 4044 MHz:   0% 4104 MHz:   0% 4416 MHz:   0% 4512 MHz:   0%)
CPU 4 idle residency:   4.13%
CPU 4 down residency:  95.87%
CPU 5 frequency: 0 MHz
CPU 5 active residency:   0.00% (1260 MHz:   0% 1512 MHz:   0% 1800 MHz:   0% 2088 MHz:   0% 2352 MHz:   0% 2616 MHz:   0% 2868 MHz:   0% 3096 MHz:   0% 3300 MHz:   0% 3468 MHz:   0% 3624 MHz:   0% 3756 MHz:   0% 3852 MHz:   0% 3924 MHz:   0% 3996 MHz:   0% 4044 MHz:   0% 4104 MHz:   0% 4416 MHz:   0% 4512 MHz:   0%)
CPU 5 idle residency:   4.15%
CPU 5 down residency:  95.85%
CPU 6 frequency: 0 MHz
CPU 6 active residency:   0.00% (1260 MHz:   0% 1512 MHz:   0% 1800 MHz:   0% 2088 MHz:   0% 2352 MHz:   0% 2616 MHz:   0% 2868 MHz:   0% 3096 MHz:   0% 3300 MHz:   0% 3468 MHz:   0% 3624 MHz:   0% 3756 MHz:   0% 3852 MHz:   0% 3924 MHz:   0% 3996 MHz:   0% 4044 MHz:   0% 4104 MHz:   0% 4416 MHz:   0% 4512 MHz:   0%)
CPU 6 idle residency:   4.16%
CPU 6 down residency:  95.84%
CPU 7 frequency: 0 MHz
CPU 7 active residency:   0.00% (1260 MHz:   0% 1512 MHz:   0% 1800 MHz:   0% 2088 MHz:   0% 2352 MHz:   0% 2616 MHz:   0% 2868 MHz:   0% 3096 MHz:   0% 3300 MHz:   0% 3468 MHz:   0% 3624 MHz:   0% 3756 MHz:   0% 3852 MHz:   0% 3924 MHz:   0% 3996 MHz:   0% 4044 MHz:   0% 4104 MHz:   0% 4416 MHz:   0% 4512 MHz:   0%)
CPU 7 idle residency:   4.17%
CPU 7 down residency:  95.83%

P1-Cluster HW active frequency: 4436 MHz
P1-Cluster HW active residency: 100.00% (1260 MHz:   0% 1512 MHz:   0% 1800 MHz:   0% 2088 MHz:   0% 2352 MHz:   0% 2616 MHz:   0% 2868 MHz:   0% 3096 MHz:   0% 3300 MHz:   0% 3468 MHz:   0% 3624 MHz:   0% 3756 MHz:   0% 3852 MHz:   0% 3924 MHz: .94% 3996 MHz: .23% 4044 MHz:  14% 4104 MHz:   0% 4416 MHz: 5.0% 4512 MHz:  80%)
P1-Cluster idle residency:   0.00%
P1-Cluster down residency:   0.00%
CPU 8 frequency: 4512 MHz
CPU 8 active residency:  21.39% (1260 MHz:   0% 1512 MHz:   0% 1800 MHz:   0% 2088 MHz:   0% 2352 MHz:   0% 2616 MHz:   0% 2868 MHz:   0% 3096 MHz:   0% 3300 MHz:   0% 3468 MHz:   0% 3624 MHz:   0% 3756 MHz:   0% 3852 MHz:   0% 3924 MHz:   0% 3996 MHz:   0% 4044 MHz:   0% 4104 MHz:   0% 4416 MHz:   0% 4512 MHz:  21%)
CPU 8 idle residency:  78.61%
CPU 8 down residency:   0.00%
CPU 9 frequency: 4512 MHz
CPU 9 active residency:  28.26% (1260 MHz:   0% 1512 MHz:   0% 1800 MHz:   0% 2088 MHz:   0% 2352 MHz:   0% 2616 MHz:   0% 2868 MHz:   0% 3096 MHz:   0% 3300 MHz:   0% 3468 MHz:   0% 3624 MHz:   0% 3756 MHz:   0% 3852 MHz:   0% 3924 MHz:   0% 3996 MHz:   0% 4044 MHz:   0% 4104 MHz:   0% 4416 MHz:   0% 4512 MHz:  28%)
CPU 9 idle residency:  71.74%
CPU 9 down residency:   0.00%
CPU 10 frequency: 4512 MHz
CPU 10 active residency:  31.33% (1260 MHz:   0% 1512 MHz:   0% 1800 MHz:   0% 2088 MHz:   0% 2352 MHz:   0% 2616 MHz:   0% 2868 MHz:   0% 3096 MHz:   0% 3300 MHz:   0% 3468 MHz:   0% 3624 MHz:   0% 3756 MHz:   0% 3852 MHz:   0% 3924 MHz:   0% 3996 MHz:   0% 4044 MHz:   0% 4104 MHz:   0% 4416 MHz:   0% 4512 MHz:  31%)
CPU 10 idle residency:  68.67%
CPU 10 down residency:   0.00%
CPU 11 frequency: 4512 MHz
CPU 11 active residency:  25.82% (1260 MHz:   0% 1512 MHz:   0% 1800 MHz:   0% 2088 MHz:   0% 2352 MHz:   0% 2616 MHz:   0% 2868 MHz:   0% 3096 MHz:   0% 3300 MHz:   0% 3468 MHz:   0% 3624 MHz:   0% 3756 MHz:   0% 3852 MHz:   0% 3924 MHz:   0% 3996 MHz:   0% 4044 MHz:   0% 4104 MHz:   0% 4416 MHz:   0% 4512 MHz:  26%)
CPU 11 idle residency:  74.18%
CPU 11 down residency:   0.00%

CPU Power: 4992 mW
GPU Power: 14 mW
ANE Power: 0 mW
Combined Power (CPU + GPU + ANE): 5005 mW


*** Sampled system activity (Tue Sep 29 17:00:04 2026 -0300) (513.74ms elapsed) ***


**** Processor usage ****

E-Cluster Online: 100%
E-Cluster HW active frequency: 2244 MHz
E-Cluster HW active residency:  83.06% (1020 MHz:  17% 1404 MHz: .86% 1788 MHz: 1.2% 2112 MHz: .76% 2352 MHz: .27% 2532 MHz: 1.2% 2592 MHz:  62%)
E-Cluster idle residency:  16.94%
E-Cluster down residency:   0.00%
CPU 0 frequency: 2366 MHz
CPU 0 active residency:  75.34% (1020 MHz: 9.7% 1404 MHz: .54% 1788 MHz: .89% 2112 MHz: .76% 2352 MHz: .27% 2532 MHz: 1.2% 2592 MHz:  62%)
CPU 0 idle residency:  24.66%
CPU 0 down residency:   0.00%
CPU 1 frequency: 2346 MHz
CPU 1 active residency:  76.46% (1020 MHz:  11% 1404 MHz: .55% 1788 MHz: .86% 2112 MHz: .76% 2352 MHz: .27% 2532 MHz: 1.2% 2592 MHz:  62%)
CPU 1 idle residency:  23.54%
CPU 1 down residency:   0.00%
CPU 2 frequency: 2428 MHz
CPU 2 active residency:  71.64% (1020 MHz: 6.8% 1404 MHz: .11% 1788 MHz: .48% 2112 MHz: .76% 2352 MHz: .27% 2532 MHz: 1.2% 2592 MHz:  62%)
CPU 2 idle residency:  28.36%
CPU 2 down residency:   0.00%
CPU 3 frequency: 2441 MHz
CPU 3 active residency:  71.02% (1020 MHz: 6.2% 1404 MHz: .13% 1788 MHz: .48% 2112 MHz: .76% 2352 MHz: .27% 2532 MHz: 1.2% 2592 MHz:  62%)
CPU 3 idle residency:  28.98%
CPU 3 down residency:   0.00%

P0-Cluster Online: 40%
P0-Cluster HW active frequency: 1423 MHz
P0-Cluster HW active residency:  15.42% (1260 MHz: 9.1% 1512 MHz: 5.1% 1800 MHz: .99% 2088 MHz:   0% 2352 MHz:   0% 2616 MHz:   0% 2868 MHz:   0% 3096 MHz:   0% 3300 MHz:   0% 3468 MHz:   0% 3624 MHz:   0% 3756 MHz:   0% 3852 MHz:   0% 3924 MHz: .06% 3996 MHz:   0% 4044 MHz:   0% 4104 MHz:   0% 4416 MHz: .12% 4512 MHz: .05%)
P0-Cluster idle residency:  24.43%
P0-Cluster down residency:  60.15%
CPU 4 frequency: 0 MHz
CPU 4 active residency:   0.00% (1260 MHz:   0% 1512 MHz:   0% 1800 MHz:   0% 2088 MHz:   0% 2352 MHz:   0% 2616 MHz:   0% 2868 MHz:   0% 3096 MHz:   0% 3300 MHz:   0% 3468 MHz:   0% 3624 MHz:   0% 3756 MHz:   0% 3852 MHz:   0% 3924 MHz:   0% 3996 MHz:   0% 4044 MHz:   0% 4104 MHz:   0% 4416 MHz:   0% 4512 MHz:   0%)
CPU 4 idle residency:  36.64%
CPU 4 down residency:  63.36%
CPU 5 frequency: 0 MHz
CPU 5 active residency:   0.00% (1260 MHz:   0% 1512 MHz:   0% 1800 MHz:   0% 2088 MHz:   0% 2352 MHz:   0% 2616 MHz:   0% 2868 MHz:   0% 3096 MHz:   0% 3300 MHz:   0% 3468 MHz:   0% 3624 MHz:   0% 3756 MHz:   0% 3852 MHz:   0% 3924 MHz:   0% 3996 MHz:   0% 4044 MHz:   0% 4104 MHz:   0% 4416 MHz:   0% 4512 MHz:   0%)
CPU 5 idle residency:  38.71%
CPU 5 down residency:  61.29%
CPU 6 frequency: 0 MHz
CPU 6 active residency:   0.00% (1260 MHz:   0% 1512 MHz:   0% 1800 MHz:   0% 2088 MHz:   0% 2352 MHz:   0% 2616 MHz:   0% 2868 MHz:   0% 3096 MHz:   0% 3300 MHz:   0% 3468 MHz:   0% 3624 MHz:   0% 3756 MHz:   0% 3852 MHz:   0% 3924 MHz:   0% 3996 MHz:   0% 4044 MHz:   0% 4104 MHz:   0% 4416 MHz:   0% 4512 MHz:   0%)
CPU 6 idle residency:  38.85%
CPU 6 down residency:  61.15%
CPU 7 frequency: 0 MHz
CPU 7 active residency:   0.00% (1260 MHz:   0% 1512 MHz:   0% 1800 MHz:   0% 2088 MHz:   0% 2352 MHz:   0% 2616 MHz:   0% 2868 MHz:   0% 3096 MHz:   0% 3300 MHz:   0% 3468 MHz:   0% 3624 MHz:   0% 3756 MHz:   0% 3852 MHz:   0% 3924 MHz:   0% 3996 MHz:   0% 4044 MHz:   0% 4104 MHz:   0% 4416 MHz:   0% 4512 MHz:   0%)
CPU 7 idle residency:  39.10%
CPU 7 down residency:  60.90%

P1-Cluster HW active frequency: 4387 MHz
P1-Cluster HW active residency: 100.00% (1260 MHz:   0% 1512 MHz:   0% 1800 MHz:   0% 2088 MHz:   0% 2352 MHz:   0% 2616 MHz:   0% 2868 MHz:   0% 3096 MHz:   0% 3300 MHz:   0% 3468 MHz:   0% 3624 MHz:   0% 3756 MHz:   0% 3852 MHz:   0% 3924 MHz: 4.5% 3996 MHz: .38% 4044 MHz:  19% 4104 MHz:   0% 4416 MHz: 5.9% 4512 MHz:  70%)
P1-Cluster idle residency:   0.00%
P1-Cluster down residency:   0.00%
CPU 8 frequency: 4512 MHz
CPU 8 active residency:  37.53% (1260 MHz:   0% 1512 MHz:   0% 1800 MHz:   0% 2088 MHz:   0% 2352 MHz:   0% 2616 MHz:   0% 2868 MHz:   0% 3096 MHz:   0% 3300 MHz:   0% 3468 MHz:   0% 3624 MHz:   0% 3756 MHz:   0% 3852 MHz:   0% 3924 MHz:   0% 3996 MHz:   0% 4044 MHz:   0% 4104 MHz:   0% 4416 MHz:   0% 4512 MHz:  38%)
CPU 8 idle residency:  62.47%
CPU 8 down residency:   0.00%
CPU 9 frequency: 4512 MHz
CPU 9 active residency:  30.65% (1260 MHz:   0% 1512 MHz:   0% 1800 MHz:   0% 2088 MHz:   0% 2352 MHz:   0% 2616 MHz:   0% 2868 MHz:   0% 3096 MHz:   0% 3300 MHz:   0% 3468 MHz:   0% 3624 MHz:   0% 3756 MHz:   0% 3852 MHz:   0% 3924 MHz:   0% 3996 MHz:   0% 4044 MHz:   0% 4104 MHz:   0% 4416 MHz:   0% 4512 MHz:  31%)
CPU 9 idle residency:  69.35%
CPU 9 down residency:   0.00%
CPU 10 frequency: 4512 MHz
CPU 10 active residency:  21.40% (1260 MHz:   0% 1512 MHz:   0% 1800 MHz:   0% 2088 MHz:   0% 2352 MHz:   0% 2616 MHz:   0% 2868 MHz:   0% 3096 MHz:   0% 3300 MHz:   0% 3468 MHz:   0% 3624 MHz:   0% 3756 MHz:   0% 3852 MHz:   0% 3924 MHz:   0% 3996 MHz:   0% 4044 MHz:   0% 4104 MHz:   0% 4416 MHz:   0% 4512 MHz:  21%)
CPU 10 idle residency:  78.60%
CPU 10 down residency:   0.00%
CPU 11 frequency: 4512 MHz
CPU 11 active residency:  27.29% (1260 MHz:   0% 1512 MHz:   0% 1800 MHz:   0% 2088 MHz:   0% 2352 MHz:   0% 2616 MHz:   0% 2868 MHz:   0% 3096 MHz:   0% 3300 MHz:   0% 3468 MHz:   0% 3624 MHz:   0% 3756 MHz:   0% 3852 MHz:   0% 3924 MHz:   0% 3996 MHz:   0% 4044 MHz:   0% 4104 MHz:   0% 4416 MHz:   0% 4512 MHz:  27%)
CPU 11 idle residency:  72.71%
CPU 11 down residency:   0.00%

CPU Power: 5880 mW
GPU Power: 0 mW
ANE Power: 0 mW
Combined Power (CPU + GPU + ANE): 5880 mW


*** Sampled system activity (Tue Sep 29 17:00:04 2026 -0300) (514.82ms elapsed) ***


**** Processor usage ****

E-Cluster Online: 100%
E-Cluster HW active frequency: 1988 MHz
E-Cluster HW active residency:  84.68% (1020 MHz:  28% 1404 MHz: 2.5% 1788 MHz: 4.0% 2112 MHz: 1.5% 2352 MHz: .30% 2532 MHz: 1.5% 2592 MHz:  47%)
E-Cluster idle residency:  15.32%
E-Cluster down residency:   0.00%
CPU 0 frequency: 2054 MHz
CPU 0 active residency:  68.49% (1020 MHz:  19% 1404 MHz: 2.2% 1788 MHz: 4.0% 2112 MHz: 1.2% 2352 MHz: .30% 2532 MHz: .89% 2592 MHz:  41%)
CPU 0 idle residency:  31.51%
CPU 0 down residency:   0.00%
CPU 1 frequency: 2052 MHz
CPU 1 active residency:  66.17% (1020 MHz:  19% 1404 MHz: 1.4% 1788 MHz: 3.3% 2112 MHz: 1.5% 2352 MHz: .30% 2532 MHz: 1.5% 2592 MHz:  39%)
CPU 1 idle residency:  33.83%
CPU 1 down residency:   0.00%
CPU 2 frequency: 2201 MHz
CPU 2 active residency:  57.16% (1020 MHz:  11% 1404 MHz: 1.4% 1788 MHz: 3.0% 2112 MHz: .86% 2352 MHz: .30% 2532 MHz: .79% 2592 MHz:  39%)
CPU 2 idle residency:  42.84%
CPU 2 down residency:   0.00%
CPU 3 frequency: 2151 MHz
CPU 3 active residency:  46.14% (1020 MHz:  10% 1404 MHz: 1.2% 1788 MHz: 3.0% 2112 MHz: 1.2% 2352 MHz: .30% 2532 MHz: 1.4% 2592 MHz:  29%)
CPU 3 idle residency:  53.86%
CPU 3 down residency:   0.00%

P0-Cluster Online: 9%
P0-Cluster HW active frequency: 1665 MHz
P0-Cluster HW active residency:   1.41% (1260 MHz: 1.2% 1512 MHz:   0% 1800 MHz:   0% 2088 MHz:   0% 2352 MHz:   0% 2616 MHz:   0% 2868 MHz:   0% 3096 MHz:   0% 3300 MHz:   0% 3468 MHz:   0% 3624 MHz:   0% 3756 MHz:   0% 3852 MHz:   0% 3924 MHz: .02% 3996 MHz:   0% 4044 MHz:   0% 4104 MHz:   0% 4416 MHz: .03% 4512 MHz: .13%)
P0-Cluster idle residency:   6.15%
P0-Cluster down residency:  92.44%
CPU 4 frequency: 0 MHz
CPU 4 active residency:   0.00% (1260 MHz:   0% 1512 MHz:   0% 1800 MHz:   0% 2088 MHz:   0% 2352 MHz:   0% 2616 MHz:   0% 2868 MHz:   0% 3096 MHz:   0% 3300 MHz:   0% 3468 MHz:   0% 3624 MHz:   0% 3756 MHz:   0% 3852 MHz:   0% 3924 MHz:   0% 3996 MHz:   0% 4044 MHz:   0% 4104 MHz:   0% 4416 MHz:   0% 4512 MHz:   0%)
CPU 4 idle residency:   7.17%
CPU 4 down residency:  92.83%
CPU 5 frequency: 0 MHz
CPU 5 active residency:   0.00% (1260 MHz:   0% 1512 MHz:   0% 1800 MHz:   0% 2088 MHz:   0% 2352 MHz:   0% 2616 MHz:   0% 2868 MHz:   0% 3096 MHz:   0% 3300 MHz:   0% 3468 MHz:   0% 3624 MHz:   0% 3756 MHz:   0% 3852 MHz:   0% 3924 MHz:   0% 3996 MHz:   0% 4044 MHz:   0% 4104 MHz:   0% 4416 MHz:   0% 4512 MHz:   0%)
CPU 5 idle residency:   7.20%
CPU 5 down residency:  92.80%
CPU 6 frequency: 0 MHz
CPU 6 active residency:   0.00% (1260 MHz:   0% 1512 MHz:   0% 1800 MHz:   0% 2088 MHz:   0% 2352 MHz:   0% 2616 MHz:   0% 2868 MHz:   0% 3096 MHz:   0% 3300 MHz:   0% 3468 MHz:   0% 3624 MHz:   0% 3756 MHz:   0% 3852 MHz:   0% 3924 MHz:   0% 3996 MHz:   0% 4044 MHz:   0% 4104 MHz:   0% 4416 MHz:   0% 4512 MHz:   0%)
CPU 6 idle residency:   7.22%
CPU 6 down residency:  92.78%
CPU 7 frequency: 0 MHz
CPU 7 active residency:   0.00% (1260 MHz:   0% 1512 MHz:   0% 1800 MHz:   0% 2088 MHz:   0% 2352 MHz:   0% 2616 MHz:   0% 2868 MHz:   0% 3096 MHz:   0% 3300 MHz:   0% 3468 MHz:   0% 3624 MHz:   0% 3756 MHz:   0% 3852 MHz:   0% 3924 MHz:   0% 3996 MHz:   0% 4044 MHz:   0% 4104 MHz:   0% 4416 MHz:   0% 4512 MHz:   0%)
CPU 7 idle residency:   7.21%
CPU 7 down residency:  92.79%

P1-Cluster HW active frequency: 4382 MHz
P1-Cluster HW active residency: 100.00% (1260 MHz:   0% 1512 MHz:   0% 1800 MHz:   0% 2088 MHz:   0% 2352 MHz:   0% 2616 MHz:   0% 2868 MHz:   0% 3096 MHz:   0% 3300 MHz:   0% 3468 MHz:   0% 3624 MHz:   0% 3756 MHz:   0% 3852 MHz:   0% 3924 MHz: 1.4% 3996 MHz: 2.5% 4044 MHz:  22% 4104 MHz:   0% 4416 MHz: 8.6% 4512 MHz:  66%)
P1-Cluster idle residency:   0.00%
P1-Cluster down residency:   0.00%
CPU 8 frequency: 4512 MHz
CPU 8 active residency:  14.28% (1260 MHz:   0% 1512 MHz:   0% 1800 MHz:   0% 2088 MHz:   0% 2352 MHz:   0% 2616 MHz:   0% 2868 MHz:   0% 3096 MHz:   0% 3300 MHz:   0% 3468 MHz:   0% 3624 MHz:   0% 3756 MHz:   0% 3852 MHz:   0% 3924 MHz:   0% 3996 MHz:   0% 4044 MHz:   0% 4104 MHz:   0% 4416 MHz:   0% 4512 MHz:  14%)
CPU 8 idle residency:  85.72%
CPU 8 down residency:   0.00%
CPU 9 frequency: 4512 MHz
CPU 9 active residency:  40.11% (1260 MHz:   0% 1512 MHz:   0% 1800 MHz:   0% 2088 MHz:   0% 2352 MHz:   0% 2616 MHz:   0% 2868 MHz:   0% 3096 MHz:   0% 3300 MHz:   0% 3468 MHz:   0% 3624 MHz:   0% 3756 MHz:   0% 3852 MHz:   0% 3924 MHz:   0% 3996 MHz:   0% 4044 MHz:   0% 4104 MHz:   0% 4416 MHz:   0% 4512 MHz:  40%)
CPU 9 idle residency:  59.89%
CPU 9 down residency:   0.00%
CPU 10 frequency: 4512 MHz
CPU 10 active residency:  33.63% (1260 MHz:   0% 1512 MHz:   0% 1800 MHz:   0% 2088 MHz:   0% 2352 MHz:   0% 2616 MHz:   0% 2868 MHz:   0% 3096 MHz:   0% 3300 MHz:   0% 3468 MHz:   0% 3624 MHz:   0% 3756 MHz:   0% 3852 MHz:   0% 3924 MHz:   0% 3996 MHz:   0% 4044 MHz:   0% 4104 MHz:   0% 4416 MHz:   0% 4512 MHz:  34%)
CPU 10 idle residency:  66.37%
CPU 10 down residency:   0.00%
CPU 11 frequency: 4512 MHz
CPU 11 active residency:  25.70% (1260 MHz:   0% 1512 MHz:   0% 1800 MHz:   0% 2088 MHz:   0% 2352 MHz:   0% 2616 MHz:   0% 2868 MHz:   0% 3096 MHz:   0% 3300 MHz:   0% 3468 MHz:   0% 3624 MHz:   0% 3756 MHz:   0% 3852 MHz:   0% 3924 MHz:   0% 3996 MHz:   0% 4044 MHz:   0% 4104 MHz:   0% 4416 MHz:   0% 4512 MHz:  26%)
CPU 11 idle residency:  74.30%
CPU 11 down residency:   0.00%

CPU Power: 5583 mW
GPU Power: 0 mW
ANE Power: 0 mW
Combined Power (CPU + GPU + ANE): 5583 mW


*** Sampled system activity (Tue Sep 29 17:00:05 2026 -0300) (513.66ms elapsed) ***


**** Processor usage ****

E-Cluster Online: 100%
E-Cluster HW active frequency: 1974 MHz
E-Cluster HW active residency:  60.47% (1020 MHz:  17% 1404 MHz: 3.5% 1788 MHz: 6.0% 2112 MHz: 3.1% 2352 MHz: 2.0% 2532 MHz: 3.1% 2592 MHz:  26%)
E-Cluster idle residency:  39.53%
E-Cluster down residency:   0.00%
CPU 0 frequency: 1886 MHz
CPU 0 active residency:  37.00% (1020 MHz:  11% 1404 MHz: 2.4% 1788 MHz: 4.8% 2112 MHz: 2.6% 2352 MHz: 1.8% 2532 MHz: 2.4% 2592 MHz:  12%)
CPU 0 idle residency:  63.00%
CPU 0 down residency:   0.00%
CPU 1 frequency: 1855 MHz
CPU 1 active residency:  26.83% (1020 MHz: 9.2% 1404 MHz: 1.9% 1788 MHz: 2.6% 2112 MHz: 1.4% 2352 MHz: .87% 2532 MHz: 2.0% 2592 MHz: 8.9%)
CPU 1 idle residency:  73.17%
CPU 1 down residency:   0.00%
CPU 2 frequency: 1835 MHz
CPU 2 active residency:  21.65% (1020 MHz: 7.7% 1404 MHz: 1.0% 1788 MHz: 2.9% 2112 MHz: .88% 2352 MHz: .95% 2532 MHz: 1.9% 2592 MHz: 6.3%)
CPU 2 idle residency:  78.35%
CPU 2 down residency:   0.00%
CPU 3 frequency: 2104 MHz
CPU 3 active residency:  26.60% (1020 MHz: 7.0% 1404 MHz: .88% 1788 MHz: .79% 2112 MHz: .11% 2352 MHz: .52% 2532 MHz: 1.4% 2592 MHz:  16%)
CPU 3 idle residency:  73.40%
CPU 3 down residency:   0.00%

P0-Cluster Online: 3%
P0-Cluster HW active frequency: 1260 MHz
P0-Cluster HW active residency:   0.35% (1260 MHz: .35% 1512 MHz:   0% 1800 MHz:   0% 2088 MHz:   0% 2352 MHz:   0% 2616 MHz:   0% 2868 MHz:   0% 3096 MHz:   0% 3300 MHz:   0% 3468 MHz:   0% 3624 MHz:   0% 3756 MHz:   0% 3852 MHz:   0% 3924 MHz:   0% 3996 MHz:   0% 4044 MHz:   0% 4104 MHz:   0% 4416 MHz:   0% 4512 MHz:   0%)
P0-Cluster idle residency:   2.11%
P0-Cluster down residency:  97.53%
CPU 4 frequency: 0 MHz
CPU 4 active residency:   0.00% (1260 MHz:   0% 1512 MHz:   0% 1800 MHz:   0% 2088 MHz:   0% 2352 MHz:   0% 2616 MHz:   0% 2868 MHz:   0% 3096 MHz:   0% 3300 MHz:   0% 3468 MHz:   0% 3624 MHz:   0% 3756 MHz:   0% 3852 MHz:   0% 3924 MHz:   0% 3996 MHz:   0% 4044 MHz:   0% 4104 MHz:   0% 4416 MHz:   0% 4512 MHz:   0%)
CPU 4 idle residency:   2.34%
CPU 4 down residency:  97.66%
CPU 5 frequency: 0 MHz
CPU 5 active residency:   0.00% (1260 MHz:   0% 1512 MHz:   0% 1800 MHz:   0% 2088 MHz:   0% 2352 MHz:   0% 2616 MHz:   0% 2868 MHz:   0% 3096 MHz:   0% 3300 MHz:   0% 3468 MHz:   0% 3624 MHz:   0% 3756 MHz:   0% 3852 MHz:   0% 3924 MHz:   0% 3996 MHz:   0% 4044 MHz:   0% 4104 MHz:   0% 4416 MHz:   0% 4512 MHz:   0%)
CPU 5 idle residency:   2.35%
CPU 5 down residency:  97.65%
CPU 6 frequency: 0 MHz
CPU 6 active residency:   0.00% (1260 MHz:   0% 1512 MHz:   0% 1800 MHz:   0% 2088 MHz:   0% 2352 MHz:   0% 2616 MHz:   0% 2868 MHz:   0% 3096 MHz:   0% 3300 MHz:   0% 3468 MHz:   0% 3624 MHz:   0% 3756 MHz:   0% 3852 MHz:   0% 3924 MHz:   0% 3996 MHz:   0% 4044 MHz:   0% 4104 MHz:   0% 4416 MHz:   0% 4512 MHz:   0%)
CPU 6 idle residency:   2.35%
CPU 6 down residency:  97.65%
CPU 7 frequency: 0 MHz
CPU 7 active residency:   0.00% (1260 MHz:   0% 1512 MHz:   0% 1800 MHz:   0% 2088 MHz:   0% 2352 MHz:   0% 2616 MHz:   0% 2868 MHz:   0% 3096 MHz:   0% 3300 MHz:   0% 3468 MHz:   0% 3624 MHz:   0% 3756 MHz:   0% 3852 MHz:   0% 3924 MHz:   0% 3996 MHz:   0% 4044 MHz:   0% 4104 MHz:   0% 4416 MHz:   0% 4512 MHz:   0%)
CPU 7 idle residency:   2.35%
CPU 7 down residency:  97.65%

P1-Cluster HW active frequency: 4408 MHz
P1-Cluster HW active residency: 100.00% (1260 MHz:   0% 1512 MHz:   0% 1800 MHz:   0% 2088 MHz:   0% 2352 MHz:   0% 2616 MHz:   0% 2868 MHz:   0% 3096 MHz:   0% 3300 MHz:   0% 3468 MHz:   0% 3624 MHz:   0% 3756 MHz:   0% 3852 MHz:   0% 3924 MHz: .77% 3996 MHz: .49% 4044 MHz:  20% 4104 MHz:   0% 4416 MHz: 4.8% 4512 MHz:  74%)
P1-Cluster idle residency:   0.00%
P1-Cluster down residency:   0.00%
CPU 8 frequency: 4512 MHz
CPU 8 active residency:  21.40% (1260 MHz:   0% 1512 MHz:   0% 1800 MHz:   0% 2088 MHz:   0% 2352 MHz:   0% 2616 MHz:   0% 2868 MHz:   0% 3096 MHz:   0% 3300 MHz:   0% 3468 MHz:   0% 3624 MHz:   0% 3756 MHz:   0% 3852 MHz:   0% 3924 MHz:   0% 3996 MHz:   0% 4044 MHz:   0% 4104 MHz:   0% 4416 MHz:   0% 4512 MHz:  21%)
CPU 8 idle residency:  78.60%
CPU 8 down residency:   0.00%
CPU 9 frequency: 4512 MHz
CPU 9 active residency:  16.83% (1260 MHz:   0% 1512 MHz:   0% 1800 MHz:   0% 2088 MHz:   0% 2352 MHz:   0% 2616 MHz:   0% 2868 MHz:   0% 3096 MHz:   0% 3300 MHz:   0% 3468 MHz:   0% 3624 MHz:   0% 3756 MHz:   0% 3852 MHz:   0% 3924 MHz:   0% 3996 MHz:   0% 4044 MHz:   0% 4104 MHz:   0% 4416 MHz:   0% 4512 MHz:  17%)
CPU 9 idle residency:  83.17%
CPU 9 down residency:   0.00%
CPU 10 frequency: 4512 MHz
CPU 10 active residency:  34.11% (1260 MHz:   0% 1512 MHz:   0% 1800 MHz:   0% 2088 MHz:   0% 2352 MHz:   0% 2616 MHz:   0% 2868 MHz:   0% 3096 MHz:   0% 3300 MHz:   0% 3468 MHz:   0% 3624 MHz:   0% 3756 MHz:   0% 3852 MHz:   0% 3924 MHz:   0% 3996 MHz:   0% 4044 MHz:   0% 4104 MHz:   0% 4416 MHz:   0% 4512 MHz:  34%)
CPU 10 idle residency:  65.89%
CPU 10 down residency:   0.00%
CPU 11 frequency: 4512 MHz
CPU 11 active residency:  34.14% (1260 MHz:   0% 1512 MHz:   0% 1800 MHz:   0% 2088 MHz:   0% 2352 MHz:   0% 2616 MHz:   0% 2868 MHz:   0% 3096 MHz:   0% 3300 MHz:   0% 3468 MHz:   0% 3624 MHz:   0% 3756 MHz:   0% 3852 MHz:   0% 3924 MHz:   0% 3996 MHz:   0% 4044 MHz:   0% 4104 MHz:   0% 4416 MHz:   0% 4512 MHz:  34%)
CPU 11 idle residency:  65.86%
CPU 11 down residency:   0.00%

CPU Power: 5062 mW
GPU Power: 0 mW
ANE Power: 0 mW
Combined Power (CPU + GPU + ANE): 5062 mW


*** Sampled system activity (Tue Sep 29 17:00:05 2026 -0300) (514.70ms elapsed) ***


**** Processor usage ****

E-Cluster Online: 100%
E-Cluster HW active frequency: 1676 MHz
E-Cluster HW active residency:  83.21% (1020 MHz:  39% 1404 MHz: 6.5% 1788 MHz: 6.1% 2112 MHz: 2.8% 2352 MHz: 1.3% 2532 MHz: .62% 2592 MHz:  27%)
E-Cluster idle residency:  16.79%
E-Cluster down residency:   0.00%
CPU 0 frequency: 1696 MHz
CPU 0 active residency:  79.32% (1020 MHz:  37% 1404 MHz: 6.2% 1788 MHz: 5.4% 2112 MHz: 2.5% 2352 MHz: 1.3% 2532 MHz: .62% 2592 MHz:  27%)
CPU 0 idle residency:  20.68%
CPU 0 down residency:   0.00%
CPU 1 frequency: 1694 MHz
CPU 1 active residency:  79.40% (1020 MHz:  37% 1404 MHz: 6.0% 1788 MHz: 5.4% 2112 MHz: 2.5% 2352 MHz: 1.3% 2532 MHz: .62% 2592 MHz:  27%)
CPU 1 idle residency:  20.60%
CPU 1 down residency:   0.00%
CPU 2 frequency: 1711 MHz
CPU 2 active residency:  76.00% (1020 MHz:  35% 1404 MHz: 6.0% 1788 MHz: 4.6% 2112 MHz: 2.1% 2352 MHz: 1.3% 2532 MHz: .62% 2592 MHz:  27%)
CPU 2 idle residency:  24.00%
CPU 2 down residency:   0.00%
CPU 3 frequency: 1716 MHz
CPU 3 active residency:  75.25% (1020 MHz:  34% 1404 MHz: 5.8% 1788 MHz: 4.6% 2112 MHz: 2.1% 2352 MHz: 1.3% 2532 MHz: .62% 2592 MHz:  27%)
CPU 3 idle residency:  24.75%
CPU 3 down residency:   0.00%

P0-Cluster Online: 19%
P0-Cluster HW active frequency: 1785 MHz
P0-Cluster HW active residency:   6.78% (1260 MHz: 4.1% 1512 MHz: .04% 1800 MHz:   0% 2088 MHz:   0% 2352 MHz:   0% 2616 MHz: 2.6% 2868 MHz:   0% 3096 MHz:   0% 3300 MHz:   0% 3468 MHz:   0% 3624 MHz:   0% 3756 MHz:   0% 3852 MHz:   0% 3924 MHz:   0% 3996 MHz:   0% 4044 MHz:   0% 4104 MHz:   0% 4416 MHz:   0% 4512 MHz:   0%)
P0-Cluster idle residency:  12.00%
P0-Cluster down residency:  81.21%
CPU 4 frequency: 0 MHz
CPU 4 active residency:   0.00% (1260 MHz:   0% 1512 MHz:   0% 1800 MHz:   0% 2088 MHz:   0% 2352 MHz:   0% 2616 MHz:   0% 2868 MHz:   0% 3096 MHz:   0% 3300 MHz:   0% 3468 MHz:   0% 3624 MHz:   0% 3756 MHz:   0% 3852 MHz:   0% 3924 MHz:   0% 3996 MHz:   0% 4044 MHz:   0% 4104 MHz:   0% 4416 MHz:   0% 4512 MHz:   0%)
CPU 4 idle residency:  17.73%
CPU 4 down residency:  82.27%
CPU 5 frequency: 0 MHz
CPU 5 active residency:   0.00% (1260 MHz:   0% 1512 MHz:   0% 1800 MHz:   0% 2088 MHz:   0% 2352 MHz:   0% 2616 MHz:   0% 2868 MHz:   0% 3096 MHz:   0% 3300 MHz:   0% 3468 MHz:   0% 3624 MHz:   0% 3756 MHz:   0% 3852 MHz:   0% 3924 MHz:   0% 3996 MHz:   0% 4044 MHz:   0% 4104 MHz:   0% 4416 MHz:   0% 4512 MHz:   0%)
CPU 5 idle residency:  17.90%
CPU 5 down residency:  82.10%
CPU 6 frequency: 0 MHz
CPU 6 active residency:   0.00% (1260 MHz:   0% 1512 MHz:   0% 1800 MHz:   0% 2088 MHz:   0% 2352 MHz:   0% 2616 MHz:   0% 2868 MHz:   0% 3096 MHz:   0% 3300 MHz:   0% 3468 MHz:   0% 3624 MHz:   0% 3756 MHz:   0% 3852 MHz:   0% 3924 MHz:   0% 3996 MHz:   0% 4044 MHz:   0% 4104 MHz:   0% 4416 MHz:   0% 4512 MHz:   0%)
CPU 6 idle residency:  18.52%
CPU 6 down residency:  81.48%
CPU 7 frequency: 0 MHz
CPU 7 active residency:   0.00% (1260 MHz:   0% 1512 MHz:   0% 1800 MHz:   0% 2088 MHz:   0% 2352 MHz:   0% 2616 MHz:   0% 2868 MHz:   0% 3096 MHz:   0% 3300 MHz:   0% 3468 MHz:   0% 3624 MHz:   0% 3756 MHz:   0% 3852 MHz:   0% 3924 MHz:   0% 3996 MHz:   0% 4044 MHz:   0% 4104 MHz:   0% 4416 MHz:   0% 4512 MHz:   0%)
CPU 7 idle residency:  18.63%
CPU 7 down residency:  81.37%

P1-Cluster HW active frequency: 4395 MHz
P1-Cluster HW active residency: 100.00% (1260 MHz:   0% 1512 MHz:   0% 1800 MHz:   0% 2088 MHz:   0% 2352 MHz:   0% 2616 MHz:   0% 2868 MHz:   0% 3096 MHz:   0% 3300 MHz:   0% 3468 MHz:   0% 3624 MHz:   0% 3756 MHz:   0% 3852 MHz:   0% 3924 MHz: 3.2% 3996 MHz: .64% 4044 MHz:  19% 4104 MHz:   0% 4416 MHz: 4.3% 4512 MHz:  72%)
P1-Cluster idle residency:   0.00%
P1-Cluster down residency:   0.00%
CPU 8 frequency: 4512 MHz
CPU 8 active residency:  37.15% (1260 MHz:   0% 1512 MHz:   0% 1800 MHz:   0% 2088 MHz:   0% 2352 MHz:   0% 2616 MHz:   0% 2868 MHz:   0% 3096 MHz:   0% 3300 MHz:   0% 3468 MHz:   0% 3624 MHz:   0% 3756 MHz:   0% 3852 MHz:   0% 3924 MHz:   0% 3996 MHz:   0% 4044 MHz:   0% 4104 MHz:   0% 4416 MHz:   0% 4512 MHz:  37%)
CPU 8 idle residency:  62.85%
CPU 8 down residency:   0.00%
CPU 9 frequency: 4512 MHz
CPU 9 active residency:  17.32% (1260 MHz:   0% 1512 MHz:   0% 1800 MHz:   0% 2088 MHz:   0% 2352 MHz:   0% 2616 MHz:   0% 2868 MHz:   0% 3096 MHz:   0% 3300 MHz:   0% 3468 MHz:   0% 3624 MHz:   0% 3756 MHz:   0% 3852 MHz:   0% 3924 MHz:   0% 3996 MHz:   0% 4044 MHz:   0% 4104 MHz:   0% 4416 MHz:   0% 4512 MHz:  17%)
CPU 9 idle residency:  82.68%
CPU 9 down residency:   0.00%
CPU 10 frequency: 4512 MHz
CPU 10 active residency:  28.92% (1260 MHz:   0% 1512 MHz:   0% 1800 MHz:   0% 2088 MHz:   0% 2352 MHz:   0% 2616 MHz:   0% 2868 MHz:   0% 3096 MHz:   0% 3300 MHz:   0% 3468 MHz:   0% 3624 MHz:   0% 3756 MHz:   0% 3852 MHz:   0% 3924 MHz:   0% 3996 MHz:   0% 4044 MHz:   0% 4104 MHz:   0% 4416 MHz:   0% 4512 MHz:  29%)
CPU 10 idle residency:  71.08%
CPU 10 down residency:   0.00%
CPU 11 frequency: 4512 MHz
CPU 11 active residency:  28.59% (1260 MHz:   0% 1512 MHz:   0% 1800 MHz:   0% 2088 MHz:   0% 2352 MHz:   0% 2616 MHz:   0% 2868 MHz:   0% 3096 MHz:   0% 3300 MHz:   0% 3468 MHz:   0% 3624 MHz:   0% 3756 MHz:   0% 3852 MHz:   0% 3924 MHz:   0% 3996 MHz:   0% 4044 MHz:   0% 4104 MHz:   0% 4416 MHz:   0% 4512 MHz:  29%)
CPU 11 idle residency:  71.41%
CPU 11 down residency:   0.00%

CPU Power: 5454 mW
GPU Power: 0 mW
ANE Power: 0 mW
Combined Power (CPU + GPU + ANE): 5454 mW


*** Sampled system activity (Tue Sep 29 17:00:06 2026 -0300) (513.47ms elapsed) ***


**** Processor usage ****

E-Cluster Online: 100%
E-Cluster HW active frequency: 1329 MHz
E-Cluster HW active residency:  99.80% (1020 MHz:  74% 1404 MHz: 3.1% 1788 MHz: 6.7% 2112 MHz: .92% 2352 MHz: .77% 2532 MHz: .77% 2592 MHz:  14%)
E-Cluster idle residency:   0.20%
E-Cluster down residency:   0.00%
CPU 0 frequency: 1356 MHz
CPU 0 active residency:  91.82% (1020 MHz:  66% 1404 MHz: 3.1% 1788 MHz: 6.7% 2112 MHz: .91% 2352 MHz: .77% 2532 MHz: .78% 2592 MHz:  14%)
CPU 0 idle residency:   8.18%
CPU 0 down residency:   0.00%
CPU 1 frequency: 1381 MHz
CPU 1 active residency:  85.54% (1020 MHz:  60% 1404 MHz: 3.1% 1788 MHz: 6.7% 2112 MHz: .91% 2352 MHz: .77% 2532 MHz: .78% 2592 MHz:  14%)
CPU 1 idle residency:  14.46%
CPU 1 down residency:   0.00%
CPU 2 frequency: 1378 MHz
CPU 2 active residency:  86.21% (1020 MHz:  60% 1404 MHz: 3.1% 1788 MHz: 6.7% 2112 MHz: .91% 2352 MHz: .77% 2532 MHz: .78% 2592 MHz:  14%)
CPU 2 idle residency:  13.79%
CPU 2 down residency:   0.00%
CPU 3 frequency: 1413 MHz
CPU 3 active residency:  78.45% (1020 MHz:  53% 1404 MHz: 3.1% 1788 MHz: 6.7% 2112 MHz: .91% 2352 MHz: .77% 2532 MHz: .78% 2592 MHz:  14%)
CPU 3 idle residency:  21.55%
CPU 3 down residency:   0.00%

P0-Cluster Online: 0%
P0-Cluster HW active frequency: 0 MHz
P0-Cluster HW active residency:   0.00% (1260 MHz:   0% 1512 MHz:   0% 1800 MHz:   0% 2088 MHz:   0% 2352 MHz:   0% 2616 MHz:   0% 2868 MHz:   0% 3096 MHz:   0% 3300 MHz:   0% 3468 MHz:   0% 3624 MHz:   0% 3756 MHz:   0% 3852 MHz:   0% 3924 MHz:   0% 3996 MHz:   0% 4044 MHz:   0% 4104 MHz:   0% 4416 MHz:   0% 4512 MHz:   0%)
P0-Cluster idle residency:   0.00%
P0-Cluster down residency: 100.00%
CPU 4 frequency: 0 MHz
CPU 4 active residency:   0.00% (1260 MHz:   0% 1512 MHz:   0% 1800 MHz:   0% 2088 MHz:   0% 2352 MHz:   0% 2616 MHz:   0% 2868 MHz:   0% 3096 MHz:   0% 3300 MHz:   0% 3468 MHz:   0% 3624 MHz:   0% 3756 MHz:   0% 3852 MHz:   0% 3924 MHz:   0% 3996 MHz:   0% 4044 MHz:   0% 4104 MHz:   0% 4416 MHz:   0% 4512 MHz:   0%)
CPU 4 idle residency:   0.00%
CPU 4 down residency: 100.00%
CPU 5 frequency: 0 MHz
CPU 5 active residency:   0.00% (1260 MHz:   0% 1512 MHz:   0% 1800 MHz:   0% 2088 MHz:   0% 2352 MHz:   0% 2616 MHz:   0% 2868 MHz:   0% 3096 MHz:   0% 3300 MHz:   0% 3468 MHz:   0% 3624 MHz:   0% 3756 MHz:   0% 3852 MHz:   0% 3924 MHz:   0% 3996 MHz:   0% 4044 MHz:   0% 4104 MHz:   0% 4416 MHz:   0% 4512 MHz:   0%)
CPU 5 idle residency:   0.00%
CPU 5 down residency: 100.00%
CPU 6 frequency: 0 MHz
CPU 6 active residency:   0.00% (1260 MHz:   0% 1512 MHz:   0% 1800 MHz:   0% 2088 MHz:   0% 2352 MHz:   0% 2616 MHz:   0% 2868 MHz:   0% 3096 MHz:   0% 3300 MHz:   0% 3468 MHz:   0% 3624 MHz:   0% 3756 MHz:   0% 3852 MHz:   0% 3924 MHz:   0% 3996 MHz:   0% 4044 MHz:   0% 4104 MHz:   0% 4416 MHz:   0% 4512 MHz:   0%)
CPU 6 idle residency:   0.00%
CPU 6 down residency: 100.00%
CPU 7 frequency: 0 MHz
CPU 7 active residency:   0.00% (1260 MHz:   0% 1512 MHz:   0% 1800 MHz:   0% 2088 MHz:   0% 2352 MHz:   0% 2616 MHz:   0% 2868 MHz:   0% 3096 MHz:   0% 3300 MHz:   0% 3468 MHz:   0% 3624 MHz:   0% 3756 MHz:   0% 3852 MHz:   0% 3924 MHz:   0% 3996 MHz:   0% 4044 MHz:   0% 4104 MHz:   0% 4416 MHz:   0% 4512 MHz:   0%)
CPU 7 idle residency:   0.00%
CPU 7 down residency: 100.00%

P1-Cluster HW active frequency: 4398 MHz
P1-Cluster HW active residency: 100.00% (1260 MHz:   0% 1512 MHz:   0% 1800 MHz:   0% 2088 MHz:   0% 2352 MHz:   0% 2616 MHz:   0% 2868 MHz:   0% 3096 MHz:   0% 3300 MHz:   0% 3468 MHz:   0% 3624 MHz:   0% 3756 MHz:   0% 3852 MHz:   0% 3924 MHz: .23% 3996 MHz: .28% 4044 MHz:  23% 4104 MHz:   0% 4416 MHz: 2.9% 4512 MHz:  73%)
P1-Cluster idle residency:   0.00%
P1-Cluster down residency:   0.00%
CPU 8 frequency: 4512 MHz
CPU 8 active residency:  25.43% (1260 MHz:   0% 1512 MHz:   0% 1800 MHz:   0% 2088 MHz:   0% 2352 MHz:   0% 2616 MHz:   0% 2868 MHz:   0% 3096 MHz:   0% 3300 MHz:   0% 3468 MHz:   0% 3624 MHz:   0% 3756 MHz:   0% 3852 MHz:   0% 3924 MHz:   0% 3996 MHz:   0% 4044 MHz:   0% 4104 MHz:   0% 4416 MHz:   0% 4512 MHz:  25%)
CPU 8 idle residency:  74.57%
CPU 8 down residency:   0.00%
CPU 9 frequency: 4512 MHz
CPU 9 active residency:  28.33% (1260 MHz:   0% 1512 MHz:   0% 1800 MHz:   0% 2088 MHz:   0% 2352 MHz:   0% 2616 MHz:   0% 2868 MHz:   0% 3096 MHz:   0% 3300 MHz:   0% 3468 MHz:   0% 3624 MHz:   0% 3756 MHz:   0% 3852 MHz:   0% 3924 MHz:   0% 3996 MHz:   0% 4044 MHz:   0% 4104 MHz:   0% 4416 MHz:   0% 4512 MHz:  28%)
CPU 9 idle residency:  71.67%
CPU 9 down residency:   0.00%
CPU 10 frequency: 4512 MHz
CPU 10 active residency:  19.45% (1260 MHz:   0% 1512 MHz:   0% 1800 MHz:   0% 2088 MHz:   0% 2352 MHz:   0% 2616 MHz:   0% 2868 MHz:   0% 3096 MHz:   0% 3300 MHz:   0% 3468 MHz:   0% 3624 MHz:   0% 3756 MHz:   0% 3852 MHz:   0% 3924 MHz:   0% 3996 MHz:   0% 4044 MHz:   0% 4104 MHz:   0% 4416 MHz:   0% 4512 MHz:  19%)
CPU 10 idle residency:  80.55%
CPU 10 down residency:   0.00%
CPU 11 frequency: 4512 MHz
CPU 11 active residency:  30.14% (1260 MHz:   0% 1512 MHz:   0% 1800 MHz:   0% 2088 MHz:   0% 2352 MHz:   0% 2616 MHz:   0% 2868 MHz:   0% 3096 MHz:   0% 3300 MHz:   0% 3468 MHz:   0% 3624 MHz:   0% 3756 MHz:   0% 3852 MHz:   0% 3924 MHz:   0% 3996 MHz:   0% 4044 MHz:   0% 4104 MHz:   0% 4416 MHz:   0% 4512 MHz:  30%)
CPU 11 idle residency:  69.86%
CPU 11 down residency:   0.00%

CPU Power: 5073 mW
GPU Power: 0 mW
ANE Power: 0 mW
Combined Power (CPU + GPU + ANE): 5073 mW


*** Sampled system activity (Tue Sep 29 17:00:06 2026 -0300) (514.55ms elapsed) ***


**** Processor usage ****

E-Cluster Online: 100%
E-Cluster HW active frequency: 1190 MHz
E-Cluster HW active residency:  68.51% (1020 MHz:  58% 1404 MHz: 1.5% 1788 MHz: 3.4% 2112 MHz: .77% 2352 MHz: 1.1% 2532 MHz: 1.5% 2592 MHz: 2.5%)
E-Cluster idle residency:  31.49%
E-Cluster down residency:   0.00%
CPU 0 frequency: 1217 MHz
CPU 0 active residency:  35.38% (1020 MHz:  29% 1404 MHz: .63% 1788 MHz: 1.9% 2112 MHz: .77% 2352 MHz: .33% 2532 MHz: 1.1% 2592 MHz: 1.5%)
CPU 0 idle residency:  64.62%
CPU 0 down residency:   0.00%
CPU 1 frequency: 1194 MHz
CPU 1 active residency:  38.57% (1020 MHz:  32% 1404 MHz: 1.2% 1788 MHz: 2.1% 2112 MHz: .07% 2352 MHz: .74% 2532 MHz: .84% 2592 MHz: 1.5%)
CPU 1 idle residency:  61.43%
CPU 1 down residency:   0.00%
CPU 2 frequency: 1343 MHz
CPU 2 active residency:  18.62% (1020 MHz:  13% 1404 MHz: 1.0% 1788 MHz: 2.3% 2112 MHz: .77% 2352 MHz: .54% 2532 MHz: .48% 2592 MHz: 1.0%)
CPU 2 idle residency:  81.38%
CPU 2 down residency:   0.00%
CPU 3 frequency: 1296 MHz
CPU 3 active residency:  11.14% (1020 MHz: 8.5% 1404 MHz: .64% 1788 MHz: .30% 2112 MHz: .01% 2352 MHz: .07% 2532 MHz: 1.0% 2592 MHz: .61%)
CPU 3 idle residency:  88.86%
CPU 3 down residency:   0.00%

P0-Cluster Online: 10%
P0-Cluster HW active frequency: 1549 MHz
P0-Cluster HW active residency:   2.71% (1260 MHz: 2.0% 1512 MHz: .30% 1800 MHz: .22% 2088 MHz:   0% 2352 MHz:   0% 2616 MHz:   0% 2868 MHz:   0% 3096 MHz:   0% 3300 MHz:   0% 3468 MHz:   0% 3624 MHz:   0% 3756 MHz:   0% 3852 MHz:   0% 3924 MHz: .03% 3996 MHz:   0% 4044 MHz:   0% 4104 MHz:   0% 4416 MHz: .01% 4512 MHz: .14%)
P0-Cluster idle residency:   7.14%
P0-Cluster down residency:  90.14%
CPU 4 frequency: 0 MHz
CPU 4 active residency:   0.00% (1260 MHz:   0% 1512 MHz:   0% 1800 MHz:   0% 2088 MHz:   0% 2352 MHz:   0% 2616 MHz:   0% 2868 MHz:   0% 3096 MHz:   0% 3300 MHz:   0% 3468 MHz:   0% 3624 MHz:   0% 3756 MHz:   0% 3852 MHz:   0% 3924 MHz:   0% 3996 MHz:   0% 4044 MHz:   0% 4104 MHz:   0% 4416 MHz:   0% 4512 MHz:   0%)
CPU 4 idle residency:   9.39%
CPU 4 down residency:  90.61%
CPU 5 frequency: 0 MHz
CPU 5 active residency:   0.00% (1260 MHz:   0% 1512 MHz:   0% 1800 MHz:   0% 2088 MHz:   0% 2352 MHz:   0% 2616 MHz:   0% 2868 MHz:   0% 3096 MHz:   0% 3300 MHz:   0% 3468 MHz:   0% 3624 MHz:   0% 3756 MHz:   0% 3852 MHz:   0% 3924 MHz:   0% 3996 MHz:   0% 4044 MHz:   0% 4104 MHz:   0% 4416 MHz:   0% 4512 MHz:   0%)
CPU 5 idle residency:   9.56%
CPU 5 down residency:  90.44%
CPU 6 frequency: 0 MHz
CPU 6 active residency:   0.00% (1260 MHz:   0% 1512 MHz:   0% 1800 MHz:   0% 2088 MHz:   0% 2352 MHz:   0% 2616 MHz:   0% 2868 MHz:   0% 3096 MHz:   0% 3300 MHz:   0% 3468 MHz:   0% 3624 MHz:   0% 3756 MHz:   0% 3852 MHz:   0% 3924 MHz:   0% 3996 MHz:   0% 4044 MHz:   0% 4104 MHz:   0% 4416 MHz:   0% 4512 MHz:   0%)
CPU 6 idle residency:   9.53%
CPU 6 down residency:  90.47%
CPU 7 frequency: 0 MHz
CPU 7 active residency:   0.00% (1260 MHz:   0% 1512 MHz:   0% 1800 MHz:   0% 2088 MHz:   0% 2352 MHz:   0% 2616 MHz:   0% 2868 MHz:   0% 3096 MHz:   0% 3300 MHz:   0% 3468 MHz:   0% 3624 MHz:   0% 3756 MHz:   0% 3852 MHz:   0% 3924 MHz:   0% 3996 MHz:   0% 4044 MHz:   0% 4104 MHz:   0% 4416 MHz:   0% 4512 MHz:   0%)
CPU 7 idle residency:   9.60%
CPU 7 down residency:  90.40%

P1-Cluster HW active frequency: 4396 MHz
P1-Cluster HW active residency: 100.00% (1260 MHz:   0% 1512 MHz:   0% 1800 MHz:   0% 2088 MHz:   0% 2352 MHz:   0% 2616 MHz:   0% 2868 MHz:   0% 3096 MHz:   0% 3300 MHz:   0% 3468 MHz:   0% 3624 MHz:   0% 3756 MHz:   0% 3852 MHz:   0% 3924 MHz: 2.4% 3996 MHz: .44% 4044 MHz:  20% 4104 MHz:   0% 4416 MHz: 5.5% 4512 MHz:  72%)
P1-Cluster idle residency:   0.00%
P1-Cluster down residency:   0.00%
CPU 8 frequency: 4512 MHz
CPU 8 active residency:  33.44% (1260 MHz:   0% 1512 MHz:   0% 1800 MHz:   0% 2088 MHz:   0% 2352 MHz:   0% 2616 MHz:   0% 2868 MHz:   0% 3096 MHz:   0% 3300 MHz:   0% 3468 MHz:   0% 3624 MHz:   0% 3756 MHz:   0% 3852 MHz:   0% 3924 MHz:   0% 3996 MHz:   0% 4044 MHz:   0% 4104 MHz:   0% 4416 MHz:   0% 4512 MHz:  33%)
CPU 8 idle residency:  66.56%
CPU 8 down residency:   0.00%
CPU 9 frequency: 4512 MHz
CPU 9 active residency:  27.73% (1260 MHz:   0% 1512 MHz:   0% 1800 MHz:   0% 2088 MHz:   0% 2352 MHz:   0% 2616 MHz:   0% 2868 MHz:   0% 3096 MHz:   0% 3300 MHz:   0% 3468 MHz:   0% 3624 MHz:   0% 3756 MHz:   0% 3852 MHz:   0% 3924 MHz:   0% 3996 MHz:   0% 4044 MHz:   0% 4104 MHz:   0% 4416 MHz:   0% 4512 MHz:  28%)
CPU 9 idle residency:  72.27%
CPU 9 down residency:   0.00%
CPU 10 frequency: 4512 MHz
CPU 10 active residency:  17.43% (1260 MHz:   0% 1512 MHz:   0% 1800 MHz:   0% 2088 MHz:   0% 2352 MHz:   0% 2616 MHz:   0% 2868 MHz:   0% 3096 MHz:   0% 3300 MHz:   0% 3468 MHz:   0% 3624 MHz:   0% 3756 MHz:   0% 3852 MHz:   0% 3924 MHz:   0% 3996 MHz:   0% 4044 MHz:   0% 4104 MHz:   0% 4416 MHz:   0% 4512 MHz:  17%)
CPU 10 idle residency:  82.57%
CPU 10 down residency:   0.00%
CPU 11 frequency: 4512 MHz
CPU 11 active residency:  32.67% (1260 MHz:   0% 1512 MHz:   0% 1800 MHz:   0% 2088 MHz:   0% 2352 MHz:   0% 2616 MHz:   0% 2868 MHz:   0% 3096 MHz:   0% 3300 MHz:   0% 3468 MHz:   0% 3624 MHz:   0% 3756 MHz:   0% 3852 MHz:   0% 3924 MHz:   0% 3996 MHz:   0% 4044 MHz:   0% 4104 MHz:   0% 4416 MHz:   0% 4512 MHz:  33%)
CPU 11 idle residency:  67.33%
CPU 11 down residency:   0.00%

CPU Power: 5006 mW
GPU Power: 0 mW
ANE Power: 0 mW
Combined Power (CPU + GPU + ANE): 5006 mW


*** Sampled system activity (Tue Sep 29 17:00:07 2026 -0300) (515.22ms elapsed) ***


**** Processor usage ****

E-Cluster Online: 100%
E-Cluster HW active frequency: 1171 MHz
E-Cluster HW active residency:  21.74% (1020 MHz:  17% 1404 MHz: 1.6% 1788 MHz: 1.4% 2112 MHz: .78% 2352 MHz:   0% 2532 MHz: .14% 2592 MHz: .33%)
E-Cluster idle residency:  78.26%
E-Cluster down residency:   0.00%
CPU 0 frequency: 1209 MHz
CPU 0 active residency:  12.42% (1020 MHz: 9.6% 1404 MHz: .79% 1788 MHz: 1.0% 2112 MHz: .75% 2352 MHz:   0% 2532 MHz: .19% 2592 MHz: .08%)
CPU 0 idle residency:  87.58%
CPU 0 down residency:   0.00%
CPU 1 frequency: 1174 MHz
CPU 1 active residency:   8.49% (1020 MHz: 6.4% 1404 MHz: 1.0% 1788 MHz: .71% 2112 MHz: .25% 2352 MHz:   0% 2532 MHz: .00% 2592 MHz: .06%)
CPU 1 idle residency:  91.51%
CPU 1 down residency:   0.00%
CPU 2 frequency: 1115 MHz
CPU 2 active residency:   4.71% (1020 MHz: 4.1% 1404 MHz: .28% 1788 MHz: .15% 2112 MHz: .09% 2352 MHz:   0% 2532 MHz: .00% 2592 MHz: .08%)
CPU 2 idle residency:  95.29%
CPU 2 down residency:   0.00%
CPU 3 frequency: 1127 MHz
CPU 3 active residency:   4.47% (1020 MHz: 3.6% 1404 MHz: .58% 1788 MHz: .29% 2112 MHz: .03% 2352 MHz:   0% 2532 MHz:   0% 2592 MHz:   0%)
CPU 3 idle residency:  95.53%
CPU 3 down residency:   0.00%

P0-Cluster Online: 3%
P0-Cluster HW active frequency: 1260 MHz
P0-Cluster HW active residency:   0.44% (1260 MHz: .44% 1512 MHz:   0% 1800 MHz:   0% 2088 MHz:   0% 2352 MHz:   0% 2616 MHz:   0% 2868 MHz:   0% 3096 MHz:   0% 3300 MHz:   0% 3468 MHz:   0% 3624 MHz:   0% 3756 MHz:   0% 3852 MHz:   0% 3924 MHz:   0% 3996 MHz:   0% 4044 MHz:   0% 4104 MHz:   0% 4416 MHz:   0% 4512 MHz:   0%)
P0-Cluster idle residency:   1.77%
P0-Cluster down residency:  97.80%
CPU 4 frequency: 0 MHz
CPU 4 active residency:   0.00% (1260 MHz:   0% 1512 MHz:   0% 1800 MHz:   0% 2088 MHz:   0% 2352 MHz:   0% 2616 MHz:   0% 2868 MHz:   0% 3096 MHz:   0% 3300 MHz:   0% 3468 MHz:   0% 3624 MHz:   0% 3756 MHz:   0% 3852 MHz:   0% 3924 MHz:   0% 3996 MHz:   0% 4044 MHz:   0% 4104 MHz:   0% 4416 MHz:   0% 4512 MHz:   0%)
CPU 4 idle residency:   2.11%
CPU 4 down residency:  97.89%
CPU 5 frequency: 0 MHz
CPU 5 active residency:   0.00% (1260 MHz:   0% 1512 MHz:   0% 1800 MHz:   0% 2088 MHz:   0% 2352 MHz:   0% 2616 MHz:   0% 2868 MHz:   0% 3096 MHz:   0% 3300 MHz:   0% 3468 MHz:   0% 3624 MHz:   0% 3756 MHz:   0% 3852 MHz:   0% 3924 MHz:   0% 3996 MHz:   0% 4044 MHz:   0% 4104 MHz:   0% 4416 MHz:   0% 4512 MHz:   0%)
CPU 5 idle residency:   2.11%
CPU 5 down residency:  97.89%
CPU 6 frequency: 0 MHz
CPU 6 active residency:   0.00% (1260 MHz:   0% 1512 MHz:   0% 1800 MHz:   0% 2088 MHz:   0% 2352 MHz:   0% 2616 MHz:   0% 2868 MHz:   0% 3096 MHz:   0% 3300 MHz:   0% 3468 MHz:   0% 3624 MHz:   0% 3756 MHz:   0% 3852 MHz:   0% 3924 MHz:   0% 3996 MHz:   0% 4044 MHz:   0% 4104 MHz:   0% 4416 MHz:   0% 4512 MHz:   0%)
CPU 6 idle residency:   2.11%
CPU 6 down residency:  97.89%
CPU 7 frequency: 0 MHz
CPU 7 active residency:   0.00% (1260 MHz:   0% 1512 MHz:   0% 1800 MHz:   0% 2088 MHz:   0% 2352 MHz:   0% 2616 MHz:   0% 2868 MHz:   0% 3096 MHz:   0% 3300 MHz:   0% 3468 MHz:   0% 3624 MHz:   0% 3756 MHz:   0% 3852 MHz:   0% 3924 MHz:   0% 3996 MHz:   0% 4044 MHz:   0% 4104 MHz:   0% 4416 MHz:   0% 4512 MHz:   0%)
CPU 7 idle residency:   2.11%
CPU 7 down residency:  97.89%

P1-Cluster HW active frequency: 4399 MHz
P1-Cluster HW active residency: 100.00% (1260 MHz:   0% 1512 MHz:   0% 1800 MHz:   0% 2088 MHz:   0% 2352 MHz:   0% 2616 MHz:   0% 2868 MHz:   0% 3096 MHz:   0% 3300 MHz:   0% 3468 MHz:   0% 3624 MHz:   0% 3756 MHz:   0% 3852 MHz:   0% 3924 MHz: .78% 3996 MHz: .91% 4044 MHz:  21% 4104 MHz:   0% 4416 MHz: 6.3% 4512 MHz:  71%)
P1-Cluster idle residency:   0.00%
P1-Cluster down residency:   0.00%
CPU 8 frequency: 4512 MHz
CPU 8 active residency:  28.02% (1260 MHz:   0% 1512 MHz:   0% 1800 MHz:   0% 2088 MHz:   0% 2352 MHz:   0% 2616 MHz:   0% 2868 MHz:   0% 3096 MHz:   0% 3300 MHz:   0% 3468 MHz:   0% 3624 MHz:   0% 3756 MHz:   0% 3852 MHz:   0% 3924 MHz:   0% 3996 MHz:   0% 4044 MHz:   0% 4104 MHz:   0% 4416 MHz:   0% 4512 MHz:  28%)
CPU 8 idle residency:  71.98%
CPU 8 down residency:   0.00%
CPU 9 frequency: 4512 MHz
CPU 9 active residency:  22.30% (1260 MHz:   0% 1512 MHz:   0% 1800 MHz:   0% 2088 MHz:   0% 2352 MHz:   0% 2616 MHz:   0% 2868 MHz:   0% 3096 MHz:   0% 3300 MHz:   0% 3468 MHz:   0% 3624 MHz:   0% 3756 MHz:   0% 3852 MHz:   0% 3924 MHz:   0% 3996 MHz:   0% 4044 MHz:   0% 4104 MHz:   0% 4416 MHz:   0% 4512 MHz:  22%)
CPU 9 idle residency:  77.70%
CPU 9 down residency:   0.00%
CPU 10 frequency: 4512 MHz
CPU 10 active residency:  36.41% (1260 MHz:   0% 1512 MHz:   0% 1800 MHz:   0% 2088 MHz:   0% 2352 MHz:   0% 2616 MHz:   0% 2868 MHz:   0% 3096 MHz:   0% 3300 MHz:   0% 3468 MHz:   0% 3624 MHz:   0% 3756 MHz:   0% 3852 MHz:   0% 3924 MHz:   0% 3996 MHz:   0% 4044 MHz:   0% 4104 MHz:   0% 4416 MHz:   0% 4512 MHz:  36%)
CPU 10 idle residency:  63.59%
CPU 10 down residency:   0.00%
CPU 11 frequency: 4512 MHz
CPU 11 active residency:  21.49% (1260 MHz:   0% 1512 MHz:   0% 1800 MHz:   0% 2088 MHz:   0% 2352 MHz:   0% 2616 MHz:   0% 2868 MHz:   0% 3096 MHz:   0% 3300 MHz:   0% 3468 MHz:   0% 3624 MHz:   0% 3756 MHz:   0% 3852 MHz:   0% 3924 MHz:   0% 3996 MHz:   0% 4044 MHz:   0% 4104 MHz:   0% 4416 MHz:   0% 4512 MHz:  21%)
CPU 11 idle residency:  78.51%
CPU 11 down residency:   0.00%

CPU Power: 4911 mW
GPU Power: 0 mW
ANE Power: 0 mW
Combined Power (CPU + GPU + ANE): 4911 mW


*** Sampled system activity (Tue Sep 29 17:00:07 2026 -0300) (514.52ms elapsed) ***


**** Processor usage ****

E-Cluster Online: 100%
E-Cluster HW active frequency: 1435 MHz
E-Cluster HW active residency:  24.80% (1020 MHz:  16% 1404 MHz: 1.7% 1788 MHz: 2.1% 2112 MHz: .52% 2352 MHz:   0% 2532 MHz: .63% 2592 MHz: 4.1%)
E-Cluster idle residency:  75.20%
E-Cluster down residency:   0.00%
CPU 0 frequency: 1551 MHz
CPU 0 active residency:  12.23% (1020 MHz: 7.0% 1404 MHz: .88% 1788 MHz: .63% 2112 MHz: .21% 2352 MHz:   0% 2532 MHz: .58% 2592 MHz: 2.9%)
CPU 0 idle residency:  87.77%
CPU 0 down residency:   0.00%
CPU 1 frequency: 1379 MHz
CPU 1 active residency:  11.81% (1020 MHz: 7.0% 1404 MHz: 1.3% 1788 MHz: 2.0% 2112 MHz: .44% 2352 MHz:   0% 2532 MHz: .03% 2592 MHz: 1.1%)
CPU 1 idle residency:  88.19%
CPU 1 down residency:   0.00%
CPU 2 frequency: 1387 MHz
CPU 2 active residency:   5.92% (1020 MHz: 3.9% 1404 MHz: .18% 1788 MHz: .82% 2112 MHz: .19% 2352 MHz:   0% 2532 MHz: .03% 2592 MHz: .77%)
CPU 2 idle residency:  94.08%
CPU 2 down residency:   0.00%
CPU 3 frequency: 1609 MHz
CPU 3 active residency:   1.76% (1020 MHz: .96% 1404 MHz: .01% 1788 MHz: .17% 2112 MHz: .12% 2352 MHz:   0% 2532 MHz:   0% 2592 MHz: .49%)
CPU 3 idle residency:  98.24%
CPU 3 down residency:   0.00%

P0-Cluster Online: 26%
P0-Cluster HW active frequency: 3225 MHz
P0-Cluster HW active residency:   4.85% (1260 MHz: 1.6% 1512 MHz:   0% 1800 MHz: .22% 2088 MHz: .18% 2352 MHz:   0% 2616 MHz:   0% 2868 MHz:   0% 3096 MHz:   0% 3300 MHz:   0% 3468 MHz:   0% 3624 MHz:   0% 3756 MHz:   0% 3852 MHz:   0% 3924 MHz: .16% 3996 MHz:   0% 4044 MHz:   0% 4104 MHz:   0% 4416 MHz: .22% 4512 MHz: 2.5%)
P0-Cluster idle residency:  19.81%
P0-Cluster down residency:  75.35%
CPU 4 frequency: 0 MHz
CPU 4 active residency:   0.00% (1260 MHz:   0% 1512 MHz:   0% 1800 MHz:   0% 2088 MHz:   0% 2352 MHz:   0% 2616 MHz:   0% 2868 MHz:   0% 3096 MHz:   0% 3300 MHz:   0% 3468 MHz:   0% 3624 MHz:   0% 3756 MHz:   0% 3852 MHz:   0% 3924 MHz:   0% 3996 MHz:   0% 4044 MHz:   0% 4104 MHz:   0% 4416 MHz:   0% 4512 MHz:   0%)
CPU 4 idle residency:  23.67%
CPU 4 down residency:  76.33%
CPU 5 frequency: 0 MHz
CPU 5 active residency:   0.00% (1260 MHz:   0% 1512 MHz:   0% 1800 MHz:   0% 2088 MHz:   0% 2352 MHz:   0% 2616 MHz:   0% 2868 MHz:   0% 3096 MHz:   0% 3300 MHz:   0% 3468 MHz:   0% 3624 MHz:   0% 3756 MHz:   0% 3852 MHz:   0% 3924 MHz:   0% 3996 MHz:   0% 4044 MHz:   0% 4104 MHz:   0% 4416 MHz:   0% 4512 MHz:   0%)
CPU 5 idle residency:  24.20%
CPU 5 down residency:  75.80%
CPU 6 frequency: 0 MHz
CPU 6 active residency:   0.00% (1260 MHz:   0% 1512 MHz:   0% 1800 MHz:   0% 2088 MHz:   0% 2352 MHz:   0% 2616 MHz:   0% 2868 MHz:   0% 3096 MHz:   0% 3300 MHz:   0% 3468 MHz:   0% 3624 MHz:   0% 3756 MHz:   0% 3852 MHz:   0% 3924 MHz:   0% 3996 MHz:   0% 4044 MHz:   0% 4104 MHz:   0% 4416 MHz:   0% 4512 MHz:   0%)
CPU 6 idle residency:  24.23%
CPU 6 down residency:  75.77%
CPU 7 frequency: 0 MHz
CPU 7 active residency:   0.00% (1260 MHz:   0% 1512 MHz:   0% 1800 MHz:   0% 2088 MHz:   0% 2352 MHz:   0% 2616 MHz:   0% 2868 MHz:   0% 3096 MHz:   0% 3300 MHz:   0% 3468 MHz:   0% 3624 MHz:   0% 3756 MHz:   0% 3852 MHz:   0% 3924 MHz:   0% 3996 MHz:   0% 4044 MHz:   0% 4104 MHz:   0% 4416 MHz:   0% 4512 MHz:   0%)
CPU 7 idle residency:  22.82%
CPU 7 down residency:  77.18%

P1-Cluster HW active frequency: 4383 MHz
P1-Cluster HW active residency:  98.55% (1260 MHz: .07% 1512 MHz:   0% 1800 MHz: .02% 2088 MHz: .28% 2352 MHz:   0% 2616 MHz:   0% 2868 MHz:   0% 3096 MHz:   0% 3300 MHz:   0% 3468 MHz:   0% 3624 MHz:   0% 3756 MHz:   0% 3852 MHz:   0% 3924 MHz: 4.9% 3996 MHz: .70% 4044 MHz:  17% 4104 MHz:   0% 4416 MHz: 6.1% 4512 MHz:  69%)
P1-Cluster idle residency:   1.45%
P1-Cluster down residency:   0.00%
CPU 8 frequency: 4500 MHz
CPU 8 active residency:  28.74% (1260 MHz: .02% 1512 MHz:   0% 1800 MHz: .03% 2088 MHz: .09% 2352 MHz:   0% 2616 MHz:   0% 2868 MHz:   0% 3096 MHz:   0% 3300 MHz:   0% 3468 MHz:   0% 3624 MHz:   0% 3756 MHz:   0% 3852 MHz:   0% 3924 MHz:   0% 3996 MHz:   0% 4044 MHz:   0% 4104 MHz:   0% 4416 MHz:   0% 4512 MHz:  29%)
CPU 8 idle residency:  71.26%
CPU 8 down residency:   0.00%
CPU 9 frequency: 4493 MHz
CPU 9 active residency:  40.88% (1260 MHz: .01% 1512 MHz:   0% 1800 MHz: .03% 2088 MHz: .28% 2352 MHz:   0% 2616 MHz:   0% 2868 MHz:   0% 3096 MHz:   0% 3300 MHz:   0% 3468 MHz:   0% 3624 MHz:   0% 3756 MHz:   0% 3852 MHz:   0% 3924 MHz:   0% 3996 MHz:   0% 4044 MHz:   0% 4104 MHz:   0% 4416 MHz:   0% 4512 MHz:  41%)
CPU 9 idle residency:  59.12%
CPU 9 down residency:   0.00%
CPU 10 frequency: 4487 MHz
CPU 10 active residency:  29.59% (1260 MHz:   0% 1512 MHz:   0% 1800 MHz: .03% 2088 MHz: .28% 2352 MHz:   0% 2616 MHz:   0% 2868 MHz:   0% 3096 MHz:   0% 3300 MHz:   0% 3468 MHz:   0% 3624 MHz:   0% 3756 MHz:   0% 3852 MHz:   0% 3924 MHz:   0% 3996 MHz:   0% 4044 MHz:   0% 4104 MHz:   0% 4416 MHz:   0% 4512 MHz:  29%)
CPU 10 idle residency:  70.41%
CPU 10 down residency:   0.00%
CPU 11 frequency: 4466 MHz
CPU 11 active residency:  17.28% (1260 MHz: .02% 1512 MHz:   0% 1800 MHz: .03% 2088 MHz: .28% 2352 MHz:   0% 2616 MHz:   0% 2868 MHz:   0% 3096 MHz:   0% 3300 MHz:   0% 3468 MHz:   0% 3624 MHz:   0% 3756 MHz:   0% 3852 MHz:   0% 3924 MHz:   0% 3996 MHz:   0% 4044 MHz:   0% 4104 MHz:   0% 4416 MHz:   0% 4512 MHz:  17%)
CPU 11 idle residency:  82.72%
CPU 11 down residency:   0.00%

CPU Power: 5160 mW
GPU Power: 0 mW
ANE Power: 0 mW
Combined Power (CPU + GPU + ANE): 5160 mW


*** Sampled system activity (Tue Sep 29 17:00:08 2026 -0300) (513.80ms elapsed) ***


**** Processor usage ****

E-Cluster Online: 100%
E-Cluster HW active frequency: 1667 MHz
E-Cluster HW active residency:  28.98% (1020 MHz:  12% 1404 MHz: 1.1% 1788 MHz: 5.9% 2112 MHz: 2.6% 2352 MHz: 2.7% 2532 MHz: 1.5% 2592 MHz: 3.3%)
E-Cluster idle residency:  71.02%
E-Cluster down residency:   0.00%
CPU 0 frequency: 1681 MHz
CPU 0 active residency:  17.38% (1020 MHz: 6.8% 1404 MHz: .71% 1788 MHz: 3.7% 2112 MHz: 2.0% 2352 MHz: 1.6% 2532 MHz: .60% 2592 MHz: 2.0%)
CPU 0 idle residency:  82.62%
CPU 0 down residency:   0.00%
CPU 1 frequency: 1785 MHz
CPU 1 active residency:  12.58% (1020 MHz: 4.1% 1404 MHz: .31% 1788 MHz: 2.7% 2112 MHz: 1.5% 2352 MHz: 1.5% 2532 MHz: .79% 2592 MHz: 1.7%)
CPU 1 idle residency:  87.42%
CPU 1 down residency:   0.00%
CPU 2 frequency: 1823 MHz
CPU 2 active residency:   6.63% (1020 MHz: 2.4% 1404 MHz: .08% 1788 MHz: 1.1% 2112 MHz: .54% 2352 MHz: .55% 2532 MHz: .53% 2592 MHz: 1.5%)
CPU 2 idle residency:  93.37%
CPU 2 down residency:   0.00%
CPU 3 frequency: 2065 MHz
CPU 3 active residency:   5.22% (1020 MHz: 1.0% 1404 MHz: .02% 1788 MHz: 1.2% 2112 MHz: .24% 2352 MHz: .30% 2532 MHz: .11% 2592 MHz: 2.4%)
CPU 3 idle residency:  94.78%
CPU 3 down residency:   0.00%

P0-Cluster Online: 29%
P0-Cluster HW active frequency: 4402 MHz
P0-Cluster HW active residency:  24.45% (1260 MHz: .33% 1512 MHz:   0% 1800 MHz:   0% 2088 MHz:   0% 2352 MHz:   0% 2616 MHz:   0% 2868 MHz:   0% 3096 MHz:   0% 3300 MHz:   0% 3468 MHz:   0% 3624 MHz:   0% 3756 MHz:   0% 3852 MHz:   0% 3924 MHz: .12% 3996 MHz: .19% 4044 MHz: 2.9% 4104 MHz:   0% 4416 MHz: .73% 4512 MHz:  20%)
P0-Cluster idle residency:   1.93%
P0-Cluster down residency:  73.62%
CPU 4 frequency: 3869 MHz
CPU 4 active residency:  30.52% (1260 MHz: 1.2% 1512 MHz: 3.5% 1800 MHz: .99% 2088 MHz: .16% 2352 MHz:   0% 2616 MHz: .99% 2868 MHz:   0% 3096 MHz:   0% 3300 MHz:   0% 3468 MHz:   0% 3624 MHz:   0% 3756 MHz:   0% 3852 MHz:   0% 3924 MHz:   0% 3996 MHz:   0% 4044 MHz:   0% 4104 MHz:   0% 4416 MHz:   0% 4512 MHz:  24%)
CPU 4 idle residency:   1.83%
CPU 4 down residency:  67.65%
CPU 5 frequency: 2716 MHz
CPU 5 active residency:   5.56% (1260 MHz: 1.1% 1512 MHz: .97% 1800 MHz: .61% 2088 MHz: .09% 2352 MHz:   0% 2616 MHz: .85% 2868 MHz:   0% 3096 MHz:   0% 3300 MHz:   0% 3468 MHz:   0% 3624 MHz:   0% 3756 MHz:   0% 3852 MHz:   0% 3924 MHz:   0% 3996 MHz:   0% 4044 MHz:   0% 4104 MHz:   0% 4416 MHz:   0% 4512 MHz: 1.9%)
CPU 5 idle residency:  24.10%
CPU 5 down residency:  70.34%
CPU 6 frequency: 4258 MHz
CPU 6 active residency:  25.21% (1260 MHz: .86% 1512 MHz: .80% 1800 MHz: .38% 2088 MHz:   0% 2352 MHz:   0% 2616 MHz: .10% 2868 MHz:   0% 3096 MHz:   0% 3300 MHz:   0% 3468 MHz:   0% 3624 MHz:   0% 3756 MHz:   0% 3852 MHz:   0% 3924 MHz:   0% 3996 MHz:   0% 4044 MHz:   0% 4104 MHz:   0% 4416 MHz:   0% 4512 MHz:  23%)
CPU 6 idle residency:  19.54%
CPU 6 down residency:  55.25%
CPU 7 frequency: 4342 MHz
CPU 7 active residency:  28.82% (1260 MHz: .82% 1512 MHz: .48% 1800 MHz: .30% 2088 MHz:   0% 2352 MHz:   0% 2616 MHz:   0% 2868 MHz:   0% 3096 MHz:   0% 3300 MHz:   0% 3468 MHz:   0% 3624 MHz:   0% 3756 MHz:   0% 3852 MHz:   0% 3924 MHz:   0% 3996 MHz:   0% 4044 MHz:   0% 4104 MHz:   0% 4416 MHz:   0% 4512 MHz:  27%)
CPU 7 idle residency:  18.67%
CPU 7 down residency:  52.51%

P1-Cluster HW active frequency: 4408 MHz
P1-Cluster HW active residency:  76.05% (1260 MHz: .09% 1512 MHz:   0% 1800 MHz:   0% 2088 MHz:   0% 2352 MHz:   0% 2616 MHz:   0% 2868 MHz:   0% 3096 MHz:   0% 3300 MHz:   0% 3468 MHz:   0% 3624 MHz:   0% 3756 MHz:   0% 3852 MHz:   0% 3924 MHz: .59% 3996 MHz: .33% 4044 MHz:  14% 4104 MHz:   0% 4416 MHz: 3.9% 4512 MHz:  57%)
P1-Cluster idle residency:   1.02%
P1-Cluster down residency:  22.93%
CPU 8 frequency: 4512 MHz
CPU 8 active residency:   0.02% (1260 MHz:   0% 1512 MHz:   0% 1800 MHz:   0% 2088 MHz:   0% 2352 MHz:   0% 2616 MHz:   0% 2868 MHz:   0% 3096 MHz:   0% 3300 MHz:   0% 3468 MHz:   0% 3624 MHz:   0% 3756 MHz:   0% 3852 MHz:   0% 3924 MHz:   0% 3996 MHz:   0% 4044 MHz:   0% 4104 MHz:   0% 4416 MHz:   0% 4512 MHz: .02%)
CPU 8 idle residency:  69.46%
CPU 8 down residency:  30.53%
CPU 9 frequency: 4512 MHz
CPU 9 active residency:   1.53% (1260 MHz:   0% 1512 MHz:   0% 1800 MHz:   0% 2088 MHz:   0% 2352 MHz:   0% 2616 MHz:   0% 2868 MHz:   0% 3096 MHz:   0% 3300 MHz:   0% 3468 MHz:   0% 3624 MHz:   0% 3756 MHz:   0% 3852 MHz:   0% 3924 MHz:   0% 3996 MHz:   0% 4044 MHz:   0% 4104 MHz:   0% 4416 MHz:   0% 4512 MHz: 1.5%)
CPU 9 idle residency:  70.89%
CPU 9 down residency:  27.59%
CPU 10 frequency: 4512 MHz
CPU 10 active residency:   0.00% (1260 MHz:   0% 1512 MHz:   0% 1800 MHz:   0% 2088 MHz:   0% 2352 MHz:   0% 2616 MHz:   0% 2868 MHz:   0% 3096 MHz:   0% 3300 MHz:   0% 3468 MHz:   0% 3624 MHz:   0% 3756 MHz:   0% 3852 MHz:   0% 3924 MHz:   0% 3996 MHz:   0% 4044 MHz:   0% 4104 MHz:   0% 4416 MHz:   0% 4512 MHz: .00%)
CPU 10 idle residency:  76.39%
CPU 10 down residency:  23.61%
CPU 11 frequency: 4512 MHz
CPU 11 active residency:   1.94% (1260 MHz:   0% 1512 MHz:   0% 1800 MHz:   0% 2088 MHz:   0% 2352 MHz:   0% 2616 MHz:   0% 2868 MHz:   0% 3096 MHz:   0% 3300 MHz:   0% 3468 MHz:   0% 3624 MHz:   0% 3756 MHz:   0% 3852 MHz:   0% 3924 MHz:   0% 3996 MHz:   0% 4044 MHz:   0% 4104 MHz:   0% 4416 MHz:   0% 4512 MHz: 1.9%)
CPU 11 idle residency:  63.12%
CPU 11 down residency:  34.94%

CPU Power: 4856 mW
GPU Power: 8 mW
ANE Power: 0 mW
Combined Power (CPU + GPU + ANE): 4864 mW


*** Sampled system activity (Tue Sep 29 17:00:08 2026 -0300) (514.37ms elapsed) ***


**** Processor usage ****

E-Cluster Online: 100%
E-Cluster HW active frequency: 1103 MHz
E-Cluster HW active residency:  31.75% (1020 MHz:  28% 1404 MHz: 2.7% 1788 MHz: .76% 2112 MHz:   0% 2352 MHz:   0% 2532 MHz:   0% 2592 MHz: .64%)
E-Cluster idle residency:  68.25%
E-Cluster down residency:   0.00%
CPU 0 frequency: 1128 MHz
CPU 0 active residency:   9.25% (1020 MHz: 7.2% 1404 MHz: 1.7% 1788 MHz: .22% 2112 MHz:   0% 2352 MHz:   0% 2532 MHz:   0% 2592 MHz: .11%)
CPU 0 idle residency:  90.75%
CPU 0 down residency:   0.00%
CPU 1 frequency: 1090 MHz
CPU 1 active residency:  22.63% (1020 MHz:  20% 1404 MHz: 1.5% 1788 MHz: .76% 2112 MHz:   0% 2352 MHz:   0% 2532 MHz:   0% 2592 MHz: .27%)
CPU 1 idle residency:  77.37%
CPU 1 down residency:   0.00%
CPU 2 frequency: 1109 MHz
CPU 2 active residency:   3.62% (1020 MHz: 3.1% 1404 MHz: .34% 1788 MHz: .19% 2112 MHz:   0% 2352 MHz:   0% 2532 MHz:   0% 2592 MHz: .03%)
CPU 2 idle residency:  96.38%
CPU 2 down residency:   0.00%
CPU 3 frequency: 1063 MHz
CPU 3 active residency:   3.62% (1020 MHz: 3.3% 1404 MHz: .33% 1788 MHz: .01% 2112 MHz:   0% 2352 MHz:   0% 2532 MHz:   0% 2592 MHz: .01%)
CPU 3 idle residency:  96.38%
CPU 3 down residency:   0.00%

P0-Cluster Online: 100%
P0-Cluster HW active frequency: 4374 MHz
P0-Cluster HW active residency:  99.56% (1260 MHz: .05% 1512 MHz:   0% 1800 MHz:   0% 2088 MHz:   0% 2352 MHz:   0% 2616 MHz:   0% 2868 MHz:   0% 3096 MHz:   0% 3300 MHz:   0% 3468 MHz:   0% 3624 MHz:   0% 3756 MHz:   0% 3852 MHz:   0% 3924 MHz: 3.0% 3996 MHz: .74% 4044 MHz:  23% 4104 MHz:   0% 4416 MHz: 5.6% 4512 MHz:  67%)
P0-Cluster idle residency:   0.44%
P0-Cluster down residency:   0.00%
CPU 4 frequency: 4511 MHz
CPU 4 active residency:  27.28% (1260 MHz: .01% 1512 MHz:   0% 1800 MHz:   0% 2088 MHz:   0% 2352 MHz:   0% 2616 MHz:   0% 2868 MHz:   0% 3096 MHz:   0% 3300 MHz:   0% 3468 MHz:   0% 3624 MHz:   0% 3756 MHz:   0% 3852 MHz:   0% 3924 MHz:   0% 3996 MHz:   0% 4044 MHz:   0% 4104 MHz:   0% 4416 MHz:   0% 4512 MHz:  27%)
CPU 4 idle residency:  72.72%
CPU 4 down residency:   0.00%
CPU 5 frequency: 4510 MHz
CPU 5 active residency:  35.13% (1260 MHz: .02% 1512 MHz:   0% 1800 MHz:   0% 2088 MHz:   0% 2352 MHz:   0% 2616 MHz:   0% 2868 MHz:   0% 3096 MHz:   0% 3300 MHz:   0% 3468 MHz:   0% 3624 MHz:   0% 3756 MHz:   0% 3852 MHz:   0% 3924 MHz:   0% 3996 MHz:   0% 4044 MHz:   0% 4104 MHz:   0% 4416 MHz:   0% 4512 MHz:  35%)
CPU 5 idle residency:  64.87%
CPU 5 down residency:   0.00%
CPU 6 frequency: 4512 MHz
CPU 6 active residency:  24.53% (1260 MHz: .00% 1512 MHz:   0% 1800 MHz:   0% 2088 MHz:   0% 2352 MHz:   0% 2616 MHz:   0% 2868 MHz:   0% 3096 MHz:   0% 3300 MHz:   0% 3468 MHz:   0% 3624 MHz:   0% 3756 MHz:   0% 3852 MHz:   0% 3924 MHz:   0% 3996 MHz:   0% 4044 MHz:   0% 4104 MHz:   0% 4416 MHz:   0% 4512 MHz:  25%)
CPU 6 idle residency:  75.47%
CPU 6 down residency:   0.00%
CPU 7 frequency: 4512 MHz
CPU 7 active residency:  24.72% (1260 MHz:   0% 1512 MHz:   0% 1800 MHz:   0% 2088 MHz:   0% 2352 MHz:   0% 2616 MHz:   0% 2868 MHz:   0% 3096 MHz:   0% 3300 MHz:   0% 3468 MHz:   0% 3624 MHz:   0% 3756 MHz:   0% 3852 MHz:   0% 3924 MHz:   0% 3996 MHz:   0% 4044 MHz:   0% 4104 MHz:   0% 4416 MHz:   0% 4512 MHz:  25%)
CPU 7 idle residency:  75.28%
CPU 7 down residency:   0.00%

P1-Cluster HW active frequency: 3722 MHz
P1-Cluster HW active residency:   2.12% (1260 MHz: .50% 1512 MHz:   0% 1800 MHz:   0% 2088 MHz:   0% 2352 MHz:   0% 2616 MHz:   0% 2868 MHz:   0% 3096 MHz:   0% 3300 MHz:   0% 3468 MHz:   0% 3624 MHz:   0% 3756 MHz:   0% 3852 MHz:   0% 3924 MHz: .07% 3996 MHz:   0% 4044 MHz:   0% 4104 MHz:   0% 4416 MHz: .06% 4512 MHz: 1.5%)
P1-Cluster idle residency:   3.58%
P1-Cluster down residency:  94.30%
CPU 8 frequency: 0 MHz
CPU 8 active residency:   0.00% (1260 MHz:   0% 1512 MHz:   0% 1800 MHz:   0% 2088 MHz:   0% 2352 MHz:   0% 2616 MHz:   0% 2868 MHz:   0% 3096 MHz:   0% 3300 MHz:   0% 3468 MHz:   0% 3624 MHz:   0% 3756 MHz:   0% 3852 MHz:   0% 3924 MHz:   0% 3996 MHz:   0% 4044 MHz:   0% 4104 MHz:   0% 4416 MHz:   0% 4512 MHz:   0%)
CPU 8 idle residency:   5.14%
CPU 8 down residency:  94.86%
CPU 9 frequency: 0 MHz
CPU 9 active residency:   0.00% (1260 MHz:   0% 1512 MHz:   0% 1800 MHz:   0% 2088 MHz:   0% 2352 MHz:   0% 2616 MHz:   0% 2868 MHz:   0% 3096 MHz:   0% 3300 MHz:   0% 3468 MHz:   0% 3624 MHz:   0% 3756 MHz:   0% 3852 MHz:   0% 3924 MHz:   0% 3996 MHz:   0% 4044 MHz:   0% 4104 MHz:   0% 4416 MHz:   0% 4512 MHz:   0%)
CPU 9 idle residency:   5.31%
CPU 9 down residency:  94.69%
CPU 10 frequency: 0 MHz
CPU 10 active residency:   0.00% (1260 MHz:   0% 1512 MHz:   0% 1800 MHz:   0% 2088 MHz:   0% 2352 MHz:   0% 2616 MHz:   0% 2868 MHz:   0% 3096 MHz:   0% 3300 MHz:   0% 3468 MHz:   0% 3624 MHz:   0% 3756 MHz:   0% 3852 MHz:   0% 3924 MHz:   0% 3996 MHz:   0% 4044 MHz:   0% 4104 MHz:   0% 4416 MHz:   0% 4512 MHz:   0%)
CPU 10 idle residency:   4.59%
CPU 10 down residency:  95.41%
CPU 11 frequency: 0 MHz
CPU 11 active residency:   0.00% (1260 MHz:   0% 1512 MHz:   0% 1800 MHz:   0% 2088 MHz:   0% 2352 MHz:   0% 2616 MHz:   0% 2868 MHz:   0% 3096 MHz:   0% 3300 MHz:   0% 3468 MHz:   0% 3624 MHz:   0% 3756 MHz:   0% 3852 MHz:   0% 3924 MHz:   0% 3996 MHz:   0% 4044 MHz:   0% 4104 MHz:   0% 4416 MHz:   0% 4512 MHz:   0%)
CPU 11 idle residency:   5.38%
CPU 11 down residency:  94.62%

CPU Power: 4979 mW
GPU Power: 0 mW
ANE Power: 0 mW
Combined Power (CPU + GPU + ANE): 4979 mW


*** Sampled system activity (Tue Sep 29 17:00:09 2026 -0300) (514.14ms elapsed) ***


**** Processor usage ****

E-Cluster Online: 100%
E-Cluster HW active frequency: 1096 MHz
E-Cluster HW active residency:  20.78% (1020 MHz:  20% 1404 MHz: .11% 1788 MHz: .12% 2112 MHz:   0% 2352 MHz:   0% 2532 MHz:   0% 2592 MHz: .93%)
E-Cluster idle residency:  79.22%
E-Cluster down residency:   0.00%
CPU 0 frequency: 1155 MHz
CPU 0 active residency:   6.91% (1020 MHz: 6.3% 1404 MHz: .05% 1788 MHz: .05% 2112 MHz:   0% 2352 MHz:   0% 2532 MHz:   0% 2592 MHz: .56%)
CPU 0 idle residency:  93.09%
CPU 0 down residency:   0.00%
CPU 1 frequency: 1049 MHz
CPU 1 active residency:  11.17% (1020 MHz:  11% 1404 MHz: .06% 1788 MHz: .06% 2112 MHz:   0% 2352 MHz:   0% 2532 MHz:   0% 2592 MHz: .16%)
CPU 1 idle residency:  88.83%
CPU 1 down residency:   0.00%
CPU 2 frequency: 1072 MHz
CPU 2 active residency:   3.01% (1020 MHz: 2.9% 1404 MHz: .02% 1788 MHz: .01% 2112 MHz:   0% 2352 MHz:   0% 2532 MHz:   0% 2592 MHz: .09%)
CPU 2 idle residency:  96.99%
CPU 2 down residency:   0.00%
CPU 3 frequency: 1114 MHz
CPU 3 active residency:   0.87% (1020 MHz: .82% 1404 MHz:   0% 1788 MHz: .01% 2112 MHz:   0% 2352 MHz:   0% 2532 MHz:   0% 2592 MHz: .05%)
CPU 3 idle residency:  99.13%
CPU 3 down residency:   0.00%

P0-Cluster Online: 100%
P0-Cluster HW active frequency: 4417 MHz
P0-Cluster HW active residency: 100.00% (1260 MHz:   0% 1512 MHz:   0% 1800 MHz:   0% 2088 MHz:   0% 2352 MHz:   0% 2616 MHz:   0% 2868 MHz:   0% 3096 MHz:   0% 3300 MHz:   0% 3468 MHz:   0% 3624 MHz:   0% 3756 MHz:   0% 3852 MHz:   0% 3924 MHz: 1.2% 3996 MHz: .68% 4044 MHz:  17% 4104 MHz:   0% 4416 MHz: 6.6% 4512 MHz:  75%)
P0-Cluster idle residency:   0.00%
P0-Cluster down residency:   0.00%
CPU 4 frequency: 4512 MHz
CPU 4 active residency:  30.44% (1260 MHz:   0% 1512 MHz:   0% 1800 MHz:   0% 2088 MHz:   0% 2352 MHz:   0% 2616 MHz:   0% 2868 MHz:   0% 3096 MHz:   0% 3300 MHz:   0% 3468 MHz:   0% 3624 MHz:   0% 3756 MHz:   0% 3852 MHz:   0% 3924 MHz:   0% 3996 MHz:   0% 4044 MHz:   0% 4104 MHz:   0% 4416 MHz:   0% 4512 MHz:  30%)
CPU 4 idle residency:  69.56%
CPU 4 down residency:   0.00%
CPU 5 frequency: 4512 MHz
CPU 5 active residency:  15.06% (1260 MHz:   0% 1512 MHz:   0% 1800 MHz:   0% 2088 MHz:   0% 2352 MHz:   0% 2616 MHz:   0% 2868 MHz:   0% 3096 MHz:   0% 3300 MHz:   0% 3468 MHz:   0% 3624 MHz:   0% 3756 MHz:   0% 3852 MHz:   0% 3924 MHz:   0% 3996 MHz:   0% 4044 MHz:   0% 4104 MHz:   0% 4416 MHz:   0% 4512 MHz:  15%)
CPU 5 idle residency:  84.94%
CPU 5 down residency:   0.00%
CPU 6 frequency: 4512 MHz
CPU 6 active residency:  40.67% (1260 MHz:   0% 1512 MHz:   0% 1800 MHz:   0% 2088 MHz:   0% 2352 MHz:   0% 2616 MHz:   0% 2868 MHz:   0% 3096 MHz:   0% 3300 MHz:   0% 3468 MHz:   0% 3624 MHz:   0% 3756 MHz:   0% 3852 MHz:   0% 3924 MHz:   0% 3996 MHz:   0% 4044 MHz:   0% 4104 MHz:   0% 4416 MHz:   0% 4512 MHz:  41%)
CPU 6 idle residency:  59.33%
CPU 6 down residency:   0.00%
CPU 7 frequency: 4512 MHz
CPU 7 active residency:  23.09% (1260 MHz:   0% 1512 MHz:   0% 1800 MHz:   0% 2088 MHz:   0% 2352 MHz:   0% 2616 MHz:   0% 2868 MHz:   0% 3096 MHz:   0% 3300 MHz:   0% 3468 MHz:   0% 3624 MHz:   0% 3756 MHz:   0% 3852 MHz:   0% 3924 MHz:   0% 3996 MHz:   0% 4044 MHz:   0% 4104 MHz:   0% 4416 MHz:   0% 4512 MHz:  23%)
CPU 7 idle residency:  76.91%
CPU 7 down residency:   0.00%

P1-Cluster HW active frequency: 2002 MHz
P1-Cluster HW active residency:   0.89% (1260 MHz: .68% 1512 MHz:   0% 1800 MHz:   0% 2088 MHz:   0% 2352 MHz:   0% 2616 MHz:   0% 2868 MHz:   0% 3096 MHz:   0% 3300 MHz:   0% 3468 MHz:   0% 3624 MHz:   0% 3756 MHz:   0% 3852 MHz:   0% 3924 MHz: .01% 3996 MHz:   0% 4044 MHz:   0% 4104 MHz:   0% 4416 MHz: .01% 4512 MHz: .19%)
P1-Cluster idle residency:   3.51%
P1-Cluster down residency:  95.61%
CPU 8 frequency: 0 MHz
CPU 8 active residency:   0.00% (1260 MHz:   0% 1512 MHz:   0% 1800 MHz:   0% 2088 MHz:   0% 2352 MHz:   0% 2616 MHz:   0% 2868 MHz:   0% 3096 MHz:   0% 3300 MHz:   0% 3468 MHz:   0% 3624 MHz:   0% 3756 MHz:   0% 3852 MHz:   0% 3924 MHz:   0% 3996 MHz:   0% 4044 MHz:   0% 4104 MHz:   0% 4416 MHz:   0% 4512 MHz:   0%)
CPU 8 idle residency:   4.18%
CPU 8 down residency:  95.82%
CPU 9 frequency: 0 MHz
CPU 9 active residency:   0.00% (1260 MHz:   0% 1512 MHz:   0% 1800 MHz:   0% 2088 MHz:   0% 2352 MHz:   0% 2616 MHz:   0% 2868 MHz:   0% 3096 MHz:   0% 3300 MHz:   0% 3468 MHz:   0% 3624 MHz:   0% 3756 MHz:   0% 3852 MHz:   0% 3924 MHz:   0% 3996 MHz:   0% 4044 MHz:   0% 4104 MHz:   0% 4416 MHz:   0% 4512 MHz:   0%)
CPU 9 idle residency:   4.21%
CPU 9 down residency:  95.79%
CPU 10 frequency: 0 MHz
CPU 10 active residency:   0.00% (1260 MHz:   0% 1512 MHz:   0% 1800 MHz:   0% 2088 MHz:   0% 2352 MHz:   0% 2616 MHz:   0% 2868 MHz:   0% 3096 MHz:   0% 3300 MHz:   0% 3468 MHz:   0% 3624 MHz:   0% 3756 MHz:   0% 3852 MHz:   0% 3924 MHz:   0% 3996 MHz:   0% 4044 MHz:   0% 4104 MHz:   0% 4416 MHz:   0% 4512 MHz:   0%)
CPU 10 idle residency:   4.21%
CPU 10 down residency:  95.79%
CPU 11 frequency: 0 MHz
CPU 11 active residency:   0.00% (1260 MHz:   0% 1512 MHz:   0% 1800 MHz:   0% 2088 MHz:   0% 2352 MHz:   0% 2616 MHz:   0% 2868 MHz:   0% 3096 MHz:   0% 3300 MHz:   0% 3468 MHz:   0% 3624 MHz:   0% 3756 MHz:   0% 3852 MHz:   0% 3924 MHz:   0% 3996 MHz:   0% 4044 MHz:   0% 4104 MHz:   0% 4416 MHz:   0% 4512 MHz:   0%)
CPU 11 idle residency:   4.21%
CPU 11 down residency:  95.79%

CPU Power: 4973 mW
GPU Power: 29 mW
ANE Power: 0 mW
Combined Power (CPU + GPU + ANE): 5003 mW


*** Sampled system activity (Tue Sep 29 17:00:09 2026 -0300) (513.93ms elapsed) ***


**** Processor usage ****

E-Cluster Online: 100%
E-Cluster HW active frequency: 1129 MHz
E-Cluster HW active residency:  48.04% (1020 MHz:  40% 1404 MHz: 4.4% 1788 MHz: 1.8% 2112 MHz: .77% 2352 MHz: .80% 2532 MHz:   0% 2592 MHz: .18%)
E-Cluster idle residency:  51.96%
E-Cluster down residency:   0.00%
CPU 0 frequency: 1131 MHz
CPU 0 active residency:  25.41% (1020 MHz:  21% 1404 MHz: 2.1% 1788 MHz: 1.4% 2112 MHz: .47% 2352 MHz: .33% 2532 MHz:   0% 2592 MHz: .00%)
CPU 0 idle residency:  74.59%
CPU 0 down residency:   0.00%
CPU 1 frequency: 1157 MHz
CPU 1 active residency:  26.80% (1020 MHz:  22% 1404 MHz: 2.4% 1788 MHz: .86% 2112 MHz: .71% 2352 MHz: .78% 2532 MHz:   0% 2592 MHz: .18%)
CPU 1 idle residency:  73.20%
CPU 1 down residency:   0.00%
CPU 2 frequency: 1259 MHz
CPU 2 active residency:  10.94% (1020 MHz: 6.9% 1404 MHz: 2.4% 1788 MHz: .61% 2112 MHz: .41% 2352 MHz: .54% 2532 MHz:   0% 2592 MHz: .03%)
CPU 2 idle residency:  89.06%
CPU 2 down residency:   0.00%
CPU 3 frequency: 1098 MHz
CPU 3 active residency:   3.64% (1020 MHz: 3.1% 1404 MHz: .33% 1788 MHz: .16% 2112 MHz: .02% 2352 MHz: .02% 2532 MHz:   0% 2592 MHz: .00%)
CPU 3 idle residency:  96.36%
CPU 3 down residency:   0.00%

P0-Cluster Online: 100%
P0-Cluster HW active frequency: 4413 MHz
P0-Cluster HW active residency: 100.00% (1260 MHz:   0% 1512 MHz:   0% 1800 MHz:   0% 2088 MHz:   0% 2352 MHz:   0% 2616 MHz:   0% 2868 MHz:   0% 3096 MHz:   0% 3300 MHz:   0% 3468 MHz:   0% 3624 MHz:   0% 3756 MHz:   0% 3852 MHz:   0% 3924 MHz: .35% 3996 MHz: .15% 4044 MHz:  20% 4104 MHz:   0% 4416 MHz: 3.4% 4512 MHz:  76%)
P0-Cluster idle residency:   0.00%
P0-Cluster down residency:   0.00%
CPU 4 frequency: 4512 MHz
CPU 4 active residency:  32.80% (1260 MHz:   0% 1512 MHz:   0% 1800 MHz:   0% 2088 MHz:   0% 2352 MHz:   0% 2616 MHz:   0% 2868 MHz:   0% 3096 MHz:   0% 3300 MHz:   0% 3468 MHz:   0% 3624 MHz:   0% 3756 MHz:   0% 3852 MHz:   0% 3924 MHz:   0% 3996 MHz:   0% 4044 MHz:   0% 4104 MHz:   0% 4416 MHz:   0% 4512 MHz:  33%)
CPU 4 idle residency:  67.20%
CPU 4 down residency:   0.00%
CPU 5 frequency: 4512 MHz
CPU 5 active residency:  35.92% (1260 MHz:   0% 1512 MHz:   0% 1800 MHz:   0% 2088 MHz:   0% 2352 MHz:   0% 2616 MHz:   0% 2868 MHz:   0% 3096 MHz:   0% 3300 MHz:   0% 3468 MHz:   0% 3624 MHz:   0% 3756 MHz:   0% 3852 MHz:   0% 3924 MHz:   0% 3996 MHz:   0% 4044 MHz:   0% 4104 MHz:   0% 4416 MHz:   0% 4512 MHz:  36%)
CPU 5 idle residency:  64.08%
CPU 5 down residency:   0.00%
CPU 6 frequency: 4512 MHz
CPU 6 active residency:   9.04% (1260 MHz:   0% 1512 MHz:   0% 1800 MHz:   0% 2088 MHz:   0% 2352 MHz:   0% 2616 MHz:   0% 2868 MHz:   0% 3096 MHz:   0% 3300 MHz:   0% 3468 MHz:   0% 3624 MHz:   0% 3756 MHz:   0% 3852 MHz:   0% 3924 MHz:   0% 3996 MHz:   0% 4044 MHz:   0% 4104 MHz:   0% 4416 MHz:   0% 4512 MHz: 9.0%)
CPU 6 idle residency:  90.96%
CPU 6 down residency:   0.00%
CPU 7 frequency: 4512 MHz
CPU 7 active residency:  25.98% (1260 MHz:   0% 1512 MHz:   0% 1800 MHz:   0% 2088 MHz:   0% 2352 MHz:   0% 2616 MHz:   0% 2868 MHz:   0% 3096 MHz:   0% 3300 MHz:   0% 3468 MHz:   0% 3624 MHz:   0% 3756 MHz:   0% 3852 MHz:   0% 3924 MHz:   0% 3996 MHz:   0% 4044 MHz:   0% 4104 MHz:   0% 4416 MHz:   0% 4512 MHz:  26%)
CPU 7 idle residency:  74.02%
CPU 7 down residency:   0.00%

P1-Cluster HW active frequency: 0 MHz
P1-Cluster HW active residency:   0.00% (1260 MHz:   0% 1512 MHz:   0% 1800 MHz:   0% 2088 MHz:   0% 2352 MHz:   0% 2616 MHz:   0% 2868 MHz:   0% 3096 MHz:   0% 3300 MHz:   0% 3468 MHz:   0% 3624 MHz:   0% 3756 MHz:   0% 3852 MHz:   0% 3924 MHz:   0% 3996 MHz:   0% 4044 MHz:   0% 4104 MHz:   0% 4416 MHz:   0% 4512 MHz:   0%)
P1-Cluster idle residency:   0.00%
P1-Cluster down residency: 100.00%
CPU 8 frequency: 0 MHz
CPU 8 active residency:   0.00% (1260 MHz:   0% 1512 MHz:   0% 1800 MHz:   0% 2088 MHz:   0% 2352 MHz:   0% 2616 MHz:   0% 2868 MHz:   0% 3096 MHz:   0% 3300 MHz:   0% 3468 MHz:   0% 3624 MHz:   0% 3756 MHz:   0% 3852 MHz:   0% 3924 MHz:   0% 3996 MHz:   0% 4044 MHz:   0% 4104 MHz:   0% 4416 MHz:   0% 4512 MHz:   0%)
CPU 8 idle residency:   0.00%
CPU 8 down residency: 100.00%
CPU 9 frequency: 0 MHz
CPU 9 active residency:   0.00% (1260 MHz:   0% 1512 MHz:   0% 1800 MHz:   0% 2088 MHz:   0% 2352 MHz:   0% 2616 MHz:   0% 2868 MHz:   0% 3096 MHz:   0% 3300 MHz:   0% 3468 MHz:   0% 3624 MHz:   0% 3756 MHz:   0% 3852 MHz:   0% 3924 MHz:   0% 3996 MHz:   0% 4044 MHz:   0% 4104 MHz:   0% 4416 MHz:   0% 4512 MHz:   0%)
CPU 9 idle residency:   0.00%
CPU 9 down residency: 100.00%
CPU 10 frequency: 0 MHz
CPU 10 active residency:   0.00% (1260 MHz:   0% 1512 MHz:   0% 1800 MHz:   0% 2088 MHz:   0% 2352 MHz:   0% 2616 MHz:   0% 2868 MHz:   0% 3096 MHz:   0% 3300 MHz:   0% 3468 MHz:   0% 3624 MHz:   0% 3756 MHz:   0% 3852 MHz:   0% 3924 MHz:   0% 3996 MHz:   0% 4044 MHz:   0% 4104 MHz:   0% 4416 MHz:   0% 4512 MHz:   0%)
CPU 10 idle residency:   0.00%
CPU 10 down residency: 100.00%
CPU 11 frequency: 0 MHz
CPU 11 active residency:   0.00% (1260 MHz:   0% 1512 MHz:   0% 1800 MHz:   0% 2088 MHz:   0% 2352 MHz:   0% 2616 MHz:   0% 2868 MHz:   0% 3096 MHz:   0% 3300 MHz:   0% 3468 MHz:   0% 3624 MHz:   0% 3756 MHz:   0% 3852 MHz:   0% 3924 MHz:   0% 3996 MHz:   0% 4044 MHz:   0% 4104 MHz:   0% 4416 MHz:   0% 4512 MHz:   0%)
CPU 11 idle residency:   0.00%
CPU 11 down residency: 100.00%

CPU Power: 4841 mW
GPU Power: 0 mW
ANE Power: 0 mW
Combined Power (CPU + GPU + ANE): 4841 mW


*** Sampled system activity (Tue Sep 29 17:00:10 2026 -0300) (515.40ms elapsed) ***


**** Processor usage ****

E-Cluster Online: 100%
E-Cluster HW active frequency: 1122 MHz
E-Cluster HW active residency:  38.26% (1020 MHz:  34% 1404 MHz: 1.3% 1788 MHz: 1.8% 2112 MHz: .77% 2352 MHz:   0% 2532 MHz: .38% 2592 MHz: .41%)
E-Cluster idle residency:  61.74%
E-Cluster down residency:   0.00%
CPU 0 frequency: 1223 MHz
CPU 0 active residency:  10.72% (1020 MHz: 8.2% 1404 MHz: .66% 1788 MHz: 1.1% 2112 MHz: .39% 2352 MHz:   0% 2532 MHz: .28% 2592 MHz: .17%)
CPU 0 idle residency:  89.28%
CPU 0 down residency:   0.00%
CPU 1 frequency: 1106 MHz
CPU 1 active residency:  22.15% (1020 MHz:  20% 1404 MHz: .83% 1788 MHz: .96% 2112 MHz: .46% 2352 MHz:   0% 2532 MHz: .10% 2592 MHz: .12%)
CPU 1 idle residency:  77.85%
CPU 1 down residency:   0.00%
CPU 2 frequency: 1256 MHz
CPU 2 active residency:  13.69% (1020 MHz: 9.9% 1404 MHz: .92% 1788 MHz: 1.6% 2112 MHz: .77% 2352 MHz:   0% 2532 MHz: .38% 2592 MHz: .16%)
CPU 2 idle residency:  86.31%
CPU 2 down residency:   0.00%
CPU 3 frequency: 1251 MHz
CPU 3 active residency:   1.36% (1020 MHz: 1.0% 1404 MHz: .12% 1788 MHz: .10% 2112 MHz: .02% 2352 MHz:   0% 2532 MHz: .00% 2592 MHz: .10%)
CPU 3 idle residency:  98.64%
CPU 3 down residency:   0.00%

P0-Cluster Online: 100%
P0-Cluster HW active frequency: 4392 MHz
P0-Cluster HW active residency: 100.00% (1260 MHz:   0% 1512 MHz:   0% 1800 MHz:   0% 2088 MHz:   0% 2352 MHz:   0% 2616 MHz:   0% 2868 MHz:   0% 3096 MHz:   0% 3300 MHz:   0% 3468 MHz:   0% 3624 MHz:   0% 3756 MHz:   0% 3852 MHz:   0% 3924 MHz: .58% 3996 MHz: .61% 4044 MHz:  23% 4104 MHz:   0% 4416 MHz: 5.3% 4512 MHz:  70%)
P0-Cluster idle residency:   0.00%
P0-Cluster down residency:   0.00%
CPU 4 frequency: 4512 MHz
CPU 4 active residency:  20.75% (1260 MHz:   0% 1512 MHz:   0% 1800 MHz:   0% 2088 MHz:   0% 2352 MHz:   0% 2616 MHz:   0% 2868 MHz:   0% 3096 MHz:   0% 3300 MHz:   0% 3468 MHz:   0% 3624 MHz:   0% 3756 MHz:   0% 3852 MHz:   0% 3924 MHz:   0% 3996 MHz:   0% 4044 MHz:   0% 4104 MHz:   0% 4416 MHz:   0% 4512 MHz:  21%)
CPU 4 idle residency:  79.25%
CPU 4 down residency:   0.00%
CPU 5 frequency: 4512 MHz
CPU 5 active residency:  29.46% (1260 MHz:   0% 1512 MHz:   0% 1800 MHz:   0% 2088 MHz:   0% 2352 MHz:   0% 2616 MHz:   0% 2868 MHz:   0% 3096 MHz:   0% 3300 MHz:   0% 3468 MHz:   0% 3624 MHz:   0% 3756 MHz:   0% 3852 MHz:   0% 3924 MHz:   0% 3996 MHz:   0% 4044 MHz:   0% 4104 MHz:   0% 4416 MHz:   0% 4512 MHz:  29%)
CPU 5 idle residency:  70.54%
CPU 5 down residency:   0.00%
CPU 6 frequency: 4512 MHz
CPU 6 active residency:  22.52% (1260 MHz:   0% 1512 MHz:   0% 1800 MHz:   0% 2088 MHz:   0% 2352 MHz:   0% 2616 MHz:   0% 2868 MHz:   0% 3096 MHz:   0% 3300 MHz:   0% 3468 MHz:   0% 3624 MHz:   0% 3756 MHz:   0% 3852 MHz:   0% 3924 MHz:   0% 3996 MHz:   0% 4044 MHz:   0% 4104 MHz:   0% 4416 MHz:   0% 4512 MHz:  23%)
CPU 6 idle residency:  77.48%
CPU 6 down residency:   0.00%
CPU 7 frequency: 4512 MHz
CPU 7 active residency:  33.87% (1260 MHz:   0% 1512 MHz:   0% 1800 MHz:   0% 2088 MHz:   0% 2352 MHz:   0% 2616 MHz:   0% 2868 MHz:   0% 3096 MHz:   0% 3300 MHz:   0% 3468 MHz:   0% 3624 MHz:   0% 3756 MHz:   0% 3852 MHz:   0% 3924 MHz:   0% 3996 MHz:   0% 4044 MHz:   0% 4104 MHz:   0% 4416 MHz:   0% 4512 MHz:  34%)
CPU 7 idle residency:  66.13%
CPU 7 down residency:   0.00%

P1-Cluster HW active frequency: 1260 MHz
P1-Cluster HW active residency:   0.22% (1260 MHz: .22% 1512 MHz:   0% 1800 MHz:   0% 2088 MHz:   0% 2352 MHz:   0% 2616 MHz:   0% 2868 MHz:   0% 3096 MHz:   0% 3300 MHz:   0% 3468 MHz:   0% 3624 MHz:   0% 3756 MHz:   0% 3852 MHz:   0% 3924 MHz:   0% 3996 MHz:   0% 4044 MHz:   0% 4104 MHz:   0% 4416 MHz:   0% 4512 MHz:   0%)
P1-Cluster idle residency:   2.18%
P1-Cluster down residency:  97.60%
CPU 8 frequency: 0 MHz
CPU 8 active residency:   0.00% (1260 MHz:   0% 1512 MHz:   0% 1800 MHz:   0% 2088 MHz:   0% 2352 MHz:   0% 2616 MHz:   0% 2868 MHz:   0% 3096 MHz:   0% 3300 MHz:   0% 3468 MHz:   0% 3624 MHz:   0% 3756 MHz:   0% 3852 MHz:   0% 3924 MHz:   0% 3996 MHz:   0% 4044 MHz:   0% 4104 MHz:   0% 4416 MHz:   0% 4512 MHz:   0%)
CPU 8 idle residency:   2.27%
CPU 8 down residency:  97.73%
CPU 9 frequency: 0 MHz
CPU 9 active residency:   0.00% (1260 MHz:   0% 1512 MHz:   0% 1800 MHz:   0% 2088 MHz:   0% 2352 MHz:   0% 2616 MHz:   0% 2868 MHz:   0% 3096 MHz:   0% 3300 MHz:   0% 3468 MHz:   0% 3624 MHz:   0% 3756 MHz:   0% 3852 MHz:   0% 3924 MHz:   0% 3996 MHz:   0% 4044 MHz:   0% 4104 MHz:   0% 4416 MHz:   0% 4512 MHz:   0%)
CPU 9 idle residency:   2.27%
CPU 9 down residency:  97.73%
CPU 10 frequency: 0 MHz
CPU 10 active residency:   0.00% (1260 MHz:   0% 1512 MHz:   0% 1800 MHz:   0% 2088 MHz:   0% 2352 MHz:   0% 2616 MHz:   0% 2868 MHz:   0% 3096 MHz:   0% 3300 MHz:   0% 3468 MHz:   0% 3624 MHz:   0% 3756 MHz:   0% 3852 MHz:   0% 3924 MHz:   0% 3996 MHz:   0% 4044 MHz:   0% 4104 MHz:   0% 4416 MHz:   0% 4512 MHz:   0%)
CPU 10 idle residency:   2.27%
CPU 10 down residency:  97.73%
CPU 11 frequency: 0 MHz
CPU 11 active residency:   0.00% (1260 MHz:   0% 1512 MHz:   0% 1800 MHz:   0% 2088 MHz:   0% 2352 MHz:   0% 2616 MHz:   0% 2868 MHz:   0% 3096 MHz:   0% 3300 MHz:   0% 3468 MHz:   0% 3624 MHz:   0% 3756 MHz:   0% 3852 MHz:   0% 3924 MHz:   0% 3996 MHz:   0% 4044 MHz:   0% 4104 MHz:   0% 4416 MHz:   0% 4512 MHz:   0%)
CPU 11 idle residency:   2.27%
CPU 11 down residency:  97.73%

CPU Power: 4814 mW
GPU Power: 0 mW
ANE Power: 0 mW
Combined Power (CPU + GPU + ANE): 4814 mW


*** Sampled system activity (Tue Sep 29 17:00:10 2026 -0300) (514.52ms elapsed) ***


**** Processor usage ****

E-Cluster Online: 100%
E-Cluster HW active frequency: 1056 MHz
E-Cluster HW active residency:  16.17% (1020 MHz:  16% 1404 MHz:   0% 1788 MHz: .39% 2112 MHz:   0% 2352 MHz: .01% 2532 MHz:   0% 2592 MHz: .17%)
E-Cluster idle residency:  83.83%
E-Cluster down residency:   0.00%
CPU 0 frequency: 1051 MHz
CPU 0 active residency:   6.48% (1020 MHz: 6.2% 1404 MHz:   0% 1788 MHz: .23% 2112 MHz:   0% 2352 MHz: .00% 2532 MHz:   0% 2592 MHz: .01%)
CPU 0 idle residency:  93.52%
CPU 0 down residency:   0.00%
CPU 1 frequency: 1051 MHz
CPU 1 active residency:   6.77% (1020 MHz: 6.5% 1404 MHz:   0% 1788 MHz: .24% 2112 MHz:   0% 2352 MHz: .00% 2532 MHz:   0% 2592 MHz: .02%)
CPU 1 idle residency:  93.23%
CPU 1 down residency:   0.00%
CPU 2 frequency: 1032 MHz
CPU 2 active residency:   3.51% (1020 MHz: 3.5% 1404 MHz:   0% 1788 MHz: .02% 2112 MHz:   0% 2352 MHz: .01% 2532 MHz:   0% 2592 MHz: .01%)
CPU 2 idle residency:  96.49%
CPU 2 down residency:   0.00%
CPU 3 frequency: 1023 MHz
CPU 3 active residency:   1.81% (1020 MHz: 1.8% 1404 MHz:   0% 1788 MHz:   0% 2112 MHz:   0% 2352 MHz:   0% 2532 MHz:   0% 2592 MHz: .00%)
CPU 3 idle residency:  98.19%
CPU 3 down residency:   0.00%

P0-Cluster Online: 100%
P0-Cluster HW active frequency: 4395 MHz
P0-Cluster HW active residency: 100.00% (1260 MHz:   0% 1512 MHz:   0% 1800 MHz:   0% 2088 MHz:   0% 2352 MHz:   0% 2616 MHz:   0% 2868 MHz:   0% 3096 MHz:   0% 3300 MHz:   0% 3468 MHz:   0% 3624 MHz:   0% 3756 MHz:   0% 3852 MHz:   0% 3924 MHz: 1.0% 3996 MHz: .89% 4044 MHz:  22% 4104 MHz:   0% 4416 MHz: 4.8% 4512 MHz:  71%)
P0-Cluster idle residency:   0.00%
P0-Cluster down residency:   0.00%
CPU 4 frequency: 4512 MHz
CPU 4 active residency:  21.11% (1260 MHz:   0% 1512 MHz:   0% 1800 MHz:   0% 2088 MHz:   0% 2352 MHz:   0% 2616 MHz:   0% 2868 MHz:   0% 3096 MHz:   0% 3300 MHz:   0% 3468 MHz:   0% 3624 MHz:   0% 3756 MHz:   0% 3852 MHz:   0% 3924 MHz:   0% 3996 MHz:   0% 4044 MHz:   0% 4104 MHz:   0% 4416 MHz:   0% 4512 MHz:  21%)
CPU 4 idle residency:  78.89%
CPU 4 down residency:   0.00%
CPU 5 frequency: 4512 MHz
CPU 5 active residency:  28.10% (1260 MHz:   0% 1512 MHz:   0% 1800 MHz:   0% 2088 MHz:   0% 2352 MHz:   0% 2616 MHz:   0% 2868 MHz:   0% 3096 MHz:   0% 3300 MHz:   0% 3468 MHz:   0% 3624 MHz:   0% 3756 MHz:   0% 3852 MHz:   0% 3924 MHz:   0% 3996 MHz:   0% 4044 MHz:   0% 4104 MHz:   0% 4416 MHz:   0% 4512 MHz:  28%)
CPU 5 idle residency:  71.90%
CPU 5 down residency:   0.00%
CPU 6 frequency: 4512 MHz
CPU 6 active residency:  35.58% (1260 MHz:   0% 1512 MHz:   0% 1800 MHz:   0% 2088 MHz:   0% 2352 MHz:   0% 2616 MHz:   0% 2868 MHz:   0% 3096 MHz:   0% 3300 MHz:   0% 3468 MHz:   0% 3624 MHz:   0% 3756 MHz:   0% 3852 MHz:   0% 3924 MHz:   0% 3996 MHz:   0% 4044 MHz:   0% 4104 MHz:   0% 4416 MHz:   0% 4512 MHz:  36%)
CPU 6 idle residency:  64.42%
CPU 6 down residency:   0.00%
CPU 7 frequency: 4512 MHz
CPU 7 active residency:  22.53% (1260 MHz:   0% 1512 MHz:   0% 1800 MHz:   0% 2088 MHz:   0% 2352 MHz:   0% 2616 MHz:   0% 2868 MHz:   0% 3096 MHz:   0% 3300 MHz:   0% 3468 MHz:   0% 3624 MHz:   0% 3756 MHz:   0% 3852 MHz:   0% 3924 MHz:   0% 3996 MHz:   0% 4044 MHz:   0% 4104 MHz:   0% 4416 MHz:   0% 4512 MHz:  23%)
CPU 7 idle residency:  77.47%
CPU 7 down residency:   0.00%

P1-Cluster HW active frequency: 2873 MHz
P1-Cluster HW active residency:   0.73% (1260 MHz: .36% 1512 MHz:   0% 1800 MHz:   0% 2088 MHz:   0% 2352 MHz:   0% 2616 MHz:   0% 2868 MHz:   0% 3096 MHz:   0% 3300 MHz:   0% 3468 MHz:   0% 3624 MHz:   0% 3756 MHz:   0% 3852 MHz:   0% 3924 MHz: .05% 3996 MHz:   0% 4044 MHz:   0% 4104 MHz:   0% 4416 MHz: .04% 4512 MHz: .29%)
P1-Cluster idle residency:   1.24%
P1-Cluster down residency:  98.03%
CPU 8 frequency: 0 MHz
CPU 8 active residency:   0.00% (1260 MHz:   0% 1512 MHz:   0% 1800 MHz:   0% 2088 MHz:   0% 2352 MHz:   0% 2616 MHz:   0% 2868 MHz:   0% 3096 MHz:   0% 3300 MHz:   0% 3468 MHz:   0% 3624 MHz:   0% 3756 MHz:   0% 3852 MHz:   0% 3924 MHz:   0% 3996 MHz:   0% 4044 MHz:   0% 4104 MHz:   0% 4416 MHz:   0% 4512 MHz:   0%)
CPU 8 idle residency:   1.73%
CPU 8 down residency:  98.27%
CPU 9 frequency: 0 MHz
CPU 9 active residency:   0.00% (1260 MHz:   0% 1512 MHz:   0% 1800 MHz:   0% 2088 MHz:   0% 2352 MHz:   0% 2616 MHz:   0% 2868 MHz:   0% 3096 MHz:   0% 3300 MHz:   0% 3468 MHz:   0% 3624 MHz:   0% 3756 MHz:   0% 3852 MHz:   0% 3924 MHz:   0% 3996 MHz:   0% 4044 MHz:   0% 4104 MHz:   0% 4416 MHz:   0% 4512 MHz:   0%)
CPU 9 idle residency:   1.77%
CPU 9 down residency:  98.23%
CPU 10 frequency: 0 MHz
CPU 10 active residency:   0.00% (1260 MHz:   0% 1512 MHz:   0% 1800 MHz:   0% 2088 MHz:   0% 2352 MHz:   0% 2616 MHz:   0% 2868 MHz:   0% 3096 MHz:   0% 3300 MHz:   0% 3468 MHz:   0% 3624 MHz:   0% 3756 MHz:   0% 3852 MHz:   0% 3924 MHz:   0% 3996 MHz:   0% 4044 MHz:   0% 4104 MHz:   0% 4416 MHz:   0% 4512 MHz:   0%)
CPU 10 idle residency:   1.79%
CPU 10 down residency:  98.21%
CPU 11 frequency: 0 MHz
CPU 11 active residency:   0.00% (1260 MHz:   0% 1512 MHz:   0% 1800 MHz:   0% 2088 MHz:   0% 2352 MHz:   0% 2616 MHz:   0% 2868 MHz:   0% 3096 MHz:   0% 3300 MHz:   0% 3468 MHz:   0% 3624 MHz:   0% 3756 MHz:   0% 3852 MHz:   0% 3924 MHz:   0% 3996 MHz:   0% 4044 MHz:   0% 4104 MHz:   0% 4416 MHz:   0% 4512 MHz:   0%)
CPU 11 idle residency:   1.83%
CPU 11 down residency:  98.17%

CPU Power: 4857 mW
GPU Power: 0 mW
ANE Power: 0 mW
Combined Power (CPU + GPU + ANE): 4857 mW


*** Sampled system activity (Tue Sep 29 17:00:11 2026 -0300) (515.13ms elapsed) ***


**** Processor usage ****

E-Cluster Online: 100%
E-Cluster HW active frequency: 1332 MHz
E-Cluster HW active residency:  32.90% (1020 MHz:  22% 1404 MHz: 2.9% 1788 MHz: 3.1% 2112 MHz: .77% 2352 MHz: .38% 2532 MHz: .39% 2592 MHz: 3.1%)
E-Cluster idle residency:  67.10%
E-Cluster down residency:   0.00%
CPU 0 frequency: 1424 MHz
CPU 0 active residency:  18.53% (1020 MHz:  12% 1404 MHz: 1.4% 1788 MHz: 1.7% 2112 MHz: .67% 2352 MHz: .22% 2532 MHz: .22% 2592 MHz: 2.7%)
CPU 0 idle residency:  81.47%
CPU 0 down residency:   0.00%
CPU 1 frequency: 1430 MHz
CPU 1 active residency:  18.10% (1020 MHz:  10% 1404 MHz: 2.6% 1788 MHz: 2.1% 2112 MHz: .56% 2352 MHz: .23% 2532 MHz: .21% 2592 MHz: 2.3%)
CPU 1 idle residency:  81.90%
CPU 1 down residency:   0.00%
CPU 2 frequency: 1509 MHz
CPU 2 active residency:  10.90% (1020 MHz: 5.6% 1404 MHz: 1.3% 1788 MHz: 1.5% 2112 MHz: .50% 2352 MHz:   0% 2532 MHz: .02% 2592 MHz: 2.0%)
CPU 2 idle residency:  89.10%
CPU 2 down residency:   0.00%
CPU 3 frequency: 1403 MHz
CPU 3 active residency:  10.95% (1020 MHz: 6.6% 1404 MHz: 1.3% 1788 MHz: 1.1% 2112 MHz: .25% 2352 MHz:   0% 2532 MHz:   0% 2592 MHz: 1.6%)
CPU 3 idle residency:  89.05%
CPU 3 down residency:   0.00%

P0-Cluster Online: 100%
P0-Cluster HW active frequency: 4362 MHz
P0-Cluster HW active residency: 100.00% (1260 MHz:   0% 1512 MHz:   0% 1800 MHz:   0% 2088 MHz: 1.0% 2352 MHz:   0% 2616 MHz:   0% 2868 MHz:   0% 3096 MHz:   0% 3300 MHz:   0% 3468 MHz:   0% 3624 MHz:   0% 3756 MHz:   0% 3852 MHz:   0% 3924 MHz: 1.4% 3996 MHz: .38% 4044 MHz:  24% 4104 MHz:   0% 4416 MHz: 4.7% 4512 MHz:  69%)
P0-Cluster idle residency:   0.00%
P0-Cluster down residency:   0.00%
CPU 4 frequency: 4426 MHz
CPU 4 active residency:  27.45% (1260 MHz:   0% 1512 MHz:   0% 1800 MHz:   0% 2088 MHz: .97% 2352 MHz:   0% 2616 MHz:   0% 2868 MHz:   0% 3096 MHz:   0% 3300 MHz:   0% 3468 MHz:   0% 3624 MHz:   0% 3756 MHz:   0% 3852 MHz:   0% 3924 MHz:   0% 3996 MHz:   0% 4044 MHz:   0% 4104 MHz:   0% 4416 MHz:   0% 4512 MHz:  26%)
CPU 4 idle residency:  72.55%
CPU 4 down residency:   0.00%
CPU 5 frequency: 4391 MHz
CPU 5 active residency:  20.14% (1260 MHz:   0% 1512 MHz:   0% 1800 MHz:   0% 2088 MHz: 1.0% 2352 MHz:   0% 2616 MHz:   0% 2868 MHz:   0% 3096 MHz:   0% 3300 MHz:   0% 3468 MHz:   0% 3624 MHz:   0% 3756 MHz:   0% 3852 MHz:   0% 3924 MHz:   0% 3996 MHz:   0% 4044 MHz:   0% 4104 MHz:   0% 4416 MHz:   0% 4512 MHz:  19%)
CPU 5 idle residency:  79.86%
CPU 5 down residency:   0.00%
CPU 6 frequency: 4461 MHz
CPU 6 active residency:  34.41% (1260 MHz:   0% 1512 MHz:   0% 1800 MHz:   0% 2088 MHz: .73% 2352 MHz:   0% 2616 MHz:   0% 2868 MHz:   0% 3096 MHz:   0% 3300 MHz:   0% 3468 MHz:   0% 3624 MHz:   0% 3756 MHz:   0% 3852 MHz:   0% 3924 MHz:   0% 3996 MHz:   0% 4044 MHz:   0% 4104 MHz:   0% 4416 MHz:   0% 4512 MHz:  34%)
CPU 6 idle residency:  65.59%
CPU 6 down residency:   0.00%
CPU 7 frequency: 4437 MHz
CPU 7 active residency:  28.33% (1260 MHz:   0% 1512 MHz:   0% 1800 MHz:   0% 2088 MHz: .88% 2352 MHz:   0% 2616 MHz:   0% 2868 MHz:   0% 3096 MHz:   0% 3300 MHz:   0% 3468 MHz:   0% 3624 MHz:   0% 3756 MHz:   0% 3852 MHz:   0% 3924 MHz:   0% 3996 MHz:   0% 4044 MHz:   0% 4104 MHz:   0% 4416 MHz:   0% 4512 MHz:  27%)
CPU 7 idle residency:  71.67%
CPU 7 down residency:   0.00%

P1-Cluster HW active frequency: 2746 MHz
P1-Cluster HW active residency:   2.42% (1260 MHz: 1.2% 1512 MHz:   0% 1800 MHz:   0% 2088 MHz: .03% 2352 MHz:   0% 2616 MHz:   0% 2868 MHz:   0% 3096 MHz:   0% 3300 MHz:   0% 3468 MHz:   0% 3624 MHz:   0% 3756 MHz:   0% 3852 MHz:   0% 3924 MHz: .34% 3996 MHz:   0% 4044 MHz:   0% 4104 MHz:   0% 4416 MHz: .27% 4512 MHz: .56%)
P1-Cluster idle residency:   1.58%
P1-Cluster down residency:  96.00%
CPU 8 frequency: 4461 MHz
CPU 8 active residency:  30.33% (1260 MHz: .47% 1512 MHz:   0% 1800 MHz:   0% 2088 MHz: .02% 2352 MHz:   0% 2616 MHz:   0% 2868 MHz:   0% 3096 MHz:   0% 3300 MHz:   0% 3468 MHz:   0% 3624 MHz:   0% 3756 MHz:   0% 3852 MHz:   0% 3924 MHz:   0% 3996 MHz:   0% 4044 MHz:   0% 4104 MHz:   0% 4416 MHz:   0% 4512 MHz:  30%)
CPU 8 idle residency:   2.42%
CPU 8 down residency:  67.25%
CPU 9 frequency: 4458 MHz
CPU 9 active residency:  26.51% (1260 MHz: .44% 1512 MHz:   0% 1800 MHz:   0% 2088 MHz: .00% 2352 MHz:   0% 2616 MHz:   0% 2868 MHz:   0% 3096 MHz:   0% 3300 MHz:   0% 3468 MHz:   0% 3624 MHz:   0% 3756 MHz:   0% 3852 MHz:   0% 3924 MHz:   0% 3996 MHz:   0% 4044 MHz:   0% 4104 MHz:   0% 4416 MHz:   0% 4512 MHz:  26%)
CPU 9 idle residency:   2.10%
CPU 9 down residency:  71.38%
CPU 10 frequency: 4421 MHz
CPU 10 active residency:  17.23% (1260 MHz: .48% 1512 MHz:   0% 1800 MHz:   0% 2088 MHz: .00% 2352 MHz:   0% 2616 MHz:   0% 2868 MHz:   0% 3096 MHz:   0% 3300 MHz:   0% 3468 MHz:   0% 3624 MHz:   0% 3756 MHz:   0% 3852 MHz:   0% 3924 MHz:   0% 3996 MHz:   0% 4044 MHz:   0% 4104 MHz:   0% 4416 MHz:   0% 4512 MHz:  17%)
CPU 10 idle residency:   3.04%
CPU 10 down residency:  79.73%
CPU 11 frequency: 4459 MHz
CPU 11 active residency:  26.09% (1260 MHz: .43% 1512 MHz:   0% 1800 MHz:   0% 2088 MHz:   0% 2352 MHz:   0% 2616 MHz:   0% 2868 MHz:   0% 3096 MHz:   0% 3300 MHz:   0% 3468 MHz:   0% 3624 MHz:   0% 3756 MHz:   0% 3852 MHz:   0% 3924 MHz:   0% 3996 MHz:   0% 4044 MHz:   0% 4104 MHz:   0% 4416 MHz:   0% 4512 MHz:  26%)
CPU 11 idle residency:   2.73%
CPU 11 down residency:  71.18%

CPU Power: 4826 mW
GPU Power: 0 mW
ANE Power: 0 mW
Combined Power (CPU + GPU + ANE): 4826 mW


*** Sampled system activity (Tue Sep 29 17:00:11 2026 -0300) (513.84ms elapsed) ***


**** Processor usage ****

E-Cluster Online: 100%
E-Cluster HW active frequency: 1077 MHz
E-Cluster HW active residency:  20.10% (1020 MHz:  18% 1404 MHz: .77% 1788 MHz: 1.1% 2112 MHz:   0% 2352 MHz:   0% 2532 MHz:   0% 2592 MHz:   0%)
E-Cluster idle residency:  79.90%
E-Cluster down residency:   0.00%
CPU 0 frequency: 1084 MHz
CPU 0 active residency:  13.24% (1020 MHz:  12% 1404 MHz: .75% 1788 MHz: .74% 2112 MHz:   0% 2352 MHz:   0% 2532 MHz:   0% 2592 MHz:   0%)
CPU 0 idle residency:  86.76%
CPU 0 down residency:   0.00%
CPU 1 frequency: 1138 MHz
CPU 1 active residency:   7.86% (1020 MHz: 6.4% 1404 MHz: .58% 1788 MHz: .92% 2112 MHz:   0% 2352 MHz:   0% 2532 MHz:   0% 2592 MHz:   0%)
CPU 1 idle residency:  92.14%
CPU 1 down residency:   0.00%
CPU 2 frequency: 1119 MHz
CPU 2 active residency:   5.13% (1020 MHz: 4.2% 1404 MHz: .52% 1788 MHz: .41% 2112 MHz:   0% 2352 MHz:   0% 2532 MHz:   0% 2592 MHz:   0%)
CPU 2 idle residency:  94.87%
CPU 2 down residency:   0.00%
CPU 3 frequency: 1173 MHz
CPU 3 active residency:   2.51% (1020 MHz: 1.8% 1404 MHz: .40% 1788 MHz: .30% 2112 MHz:   0% 2352 MHz:   0% 2532 MHz:   0% 2592 MHz:   0%)
CPU 3 idle residency:  97.49%
CPU 3 down residency:   0.00%

P0-Cluster Online: 100%
P0-Cluster HW active frequency: 4388 MHz
P0-Cluster HW active residency: 100.00% (1260 MHz:   0% 1512 MHz:   0% 1800 MHz:   0% 2088 MHz:   0% 2352 MHz:   0% 2616 MHz:   0% 2868 MHz:   0% 3096 MHz:   0% 3300 MHz:   0% 3468 MHz:   0% 3624 MHz:   0% 3756 MHz:   0% 3852 MHz:   0% 3924 MHz: .39% 3996 MHz: .33% 4044 MHz:  25% 4104 MHz:   0% 4416 MHz: 4.1% 4512 MHz:  70%)
P0-Cluster idle residency:   0.00%
P0-Cluster down residency:   0.00%
CPU 4 frequency: 4512 MHz
CPU 4 active residency:  23.50% (1260 MHz:   0% 1512 MHz:   0% 1800 MHz:   0% 2088 MHz:   0% 2352 MHz:   0% 2616 MHz:   0% 2868 MHz:   0% 3096 MHz:   0% 3300 MHz:   0% 3468 MHz:   0% 3624 MHz:   0% 3756 MHz:   0% 3852 MHz:   0% 3924 MHz:   0% 3996 MHz:   0% 4044 MHz:   0% 4104 MHz:   0% 4416 MHz:   0% 4512 MHz:  24%)
CPU 4 idle residency:  76.50%
CPU 4 down residency:   0.00%
CPU 5 frequency: 4512 MHz
CPU 5 active residency:  25.65% (1260 MHz:   0% 1512 MHz:   0% 1800 MHz:   0% 2088 MHz:   0% 2352 MHz:   0% 2616 MHz:   0% 2868 MHz:   0% 3096 MHz:   0% 3300 MHz:   0% 3468 MHz:   0% 3624 MHz:   0% 3756 MHz:   0% 3852 MHz:   0% 3924 MHz:   0% 3996 MHz:   0% 4044 MHz:   0% 4104 MHz:   0% 4416 MHz:   0% 4512 MHz:  26%)
CPU 5 idle residency:  74.35%
CPU 5 down residency:   0.00%
CPU 6 frequency: 4512 MHz
CPU 6 active residency:  28.38% (1260 MHz:   0% 1512 MHz:   0% 1800 MHz:   0% 2088 MHz:   0% 2352 MHz:   0% 2616 MHz:   0% 2868 MHz:   0% 3096 MHz:   0% 3300 MHz:   0% 3468 MHz:   0% 3624 MHz:   0% 3756 MHz:   0% 3852 MHz:   0% 3924 MHz:   0% 3996 MHz:   0% 4044 MHz:   0% 4104 MHz:   0% 4416 MHz:   0% 4512 MHz:  28%)
CPU 6 idle residency:  71.62%
CPU 6 down residency:   0.00%
CPU 7 frequency: 4512 MHz
CPU 7 active residency:  27.34% (1260 MHz:   0% 1512 MHz:   0% 1800 MHz:   0% 2088 MHz:   0% 2352 MHz:   0% 2616 MHz:   0% 2868 MHz:   0% 3096 MHz:   0% 3300 MHz:   0% 3468 MHz:   0% 3624 MHz:   0% 3756 MHz:   0% 3852 MHz:   0% 3924 MHz:   0% 3996 MHz:   0% 4044 MHz:   0% 4104 MHz:   0% 4416 MHz:   0% 4512 MHz:  27%)
CPU 7 idle residency:  72.66%
CPU 7 down residency:   0.00%

P1-Cluster HW active frequency: 1260 MHz
P1-Cluster HW active residency:   1.10% (1260 MHz: 1.1% 1512 MHz:   0% 1800 MHz:   0% 2088 MHz:   0% 2352 MHz:   0% 2616 MHz:   0% 2868 MHz:   0% 3096 MHz:   0% 3300 MHz:   0% 3468 MHz:   0% 3624 MHz:   0% 3756 MHz:   0% 3852 MHz:   0% 3924 MHz:   0% 3996 MHz:   0% 4044 MHz:   0% 4104 MHz:   0% 4416 MHz:   0% 4512 MHz:   0%)
P1-Cluster idle residency:  26.59%
P1-Cluster down residency:  72.31%
CPU 8 frequency: 0 MHz
CPU 8 active residency:   0.00% (1260 MHz:   0% 1512 MHz:   0% 1800 MHz:   0% 2088 MHz:   0% 2352 MHz:   0% 2616 MHz:   0% 2868 MHz:   0% 3096 MHz:   0% 3300 MHz:   0% 3468 MHz:   0% 3624 MHz:   0% 3756 MHz:   0% 3852 MHz:   0% 3924 MHz:   0% 3996 MHz:   0% 4044 MHz:   0% 4104 MHz:   0% 4416 MHz:   0% 4512 MHz:   0%)
CPU 8 idle residency:  27.59%
CPU 8 down residency:  72.41%
CPU 9 frequency: 0 MHz
CPU 9 active residency:   0.00% (1260 MHz:   0% 1512 MHz:   0% 1800 MHz:   0% 2088 MHz:   0% 2352 MHz:   0% 2616 MHz:   0% 2868 MHz:   0% 3096 MHz:   0% 3300 MHz:   0% 3468 MHz:   0% 3624 MHz:   0% 3756 MHz:   0% 3852 MHz:   0% 3924 MHz:   0% 3996 MHz:   0% 4044 MHz:   0% 4104 MHz:   0% 4416 MHz:   0% 4512 MHz:   0%)
CPU 9 idle residency:  27.60%
CPU 9 down residency:  72.40%
CPU 10 frequency: 0 MHz
CPU 10 active residency:   0.00% (1260 MHz:   0% 1512 MHz:   0% 1800 MHz:   0% 2088 MHz:   0% 2352 MHz:   0% 2616 MHz:   0% 2868 MHz:   0% 3096 MHz:   0% 3300 MHz:   0% 3468 MHz:   0% 3624 MHz:   0% 3756 MHz:   0% 3852 MHz:   0% 3924 MHz:   0% 3996 MHz:   0% 4044 MHz:   0% 4104 MHz:   0% 4416 MHz:   0% 4512 MHz:   0%)
CPU 10 idle residency:  27.60%
CPU 10 down residency:  72.40%
CPU 11 frequency: 0 MHz
CPU 11 active residency:   0.00% (1260 MHz:   0% 1512 MHz:   0% 1800 MHz:   0% 2088 MHz:   0% 2352 MHz:   0% 2616 MHz:   0% 2868 MHz:   0% 3096 MHz:   0% 3300 MHz:   0% 3468 MHz:   0% 3624 MHz:   0% 3756 MHz:   0% 3852 MHz:   0% 3924 MHz:   0% 3996 MHz:   0% 4044 MHz:   0% 4104 MHz:   0% 4416 MHz:   0% 4512 MHz:   0%)
CPU 11 idle residency:  27.60%
CPU 11 down residency:  72.40%

CPU Power: 4706 mW
GPU Power: 0 mW
ANE Power: 0 mW
Combined Power (CPU + GPU + ANE): 4706 mW


*** Sampled system activity (Tue Sep 29 17:00:12 2026 -0300) (515.67ms elapsed) ***


**** Processor usage ****

E-Cluster Online: 100%
E-Cluster HW active frequency: 1020 MHz
E-Cluster HW active residency:  12.30% (1020 MHz:  12% 1404 MHz:   0% 1788 MHz:   0% 2112 MHz:   0% 2352 MHz:   0% 2532 MHz:   0% 2592 MHz:   0%)
E-Cluster idle residency:  87.70%
E-Cluster down residency:   0.00%
CPU 0 frequency: 1020 MHz
CPU 0 active residency:   6.15% (1020 MHz: 6.1% 1404 MHz:   0% 1788 MHz:   0% 2112 MHz:   0% 2352 MHz:   0% 2532 MHz:   0% 2592 MHz:   0%)
CPU 0 idle residency:  93.85%
CPU 0 down residency:   0.00%
CPU 1 frequency: 1020 MHz
CPU 1 active residency:   5.52% (1020 MHz: 5.5% 1404 MHz:   0% 1788 MHz:   0% 2112 MHz:   0% 2352 MHz:   0% 2532 MHz:   0% 2592 MHz:   0%)
CPU 1 idle residency:  94.48%
CPU 1 down residency:   0.00%
CPU 2 frequency: 1020 MHz
CPU 2 active residency:   2.34% (1020 MHz: 2.3% 1404 MHz:   0% 1788 MHz:   0% 2112 MHz:   0% 2352 MHz:   0% 2532 MHz:   0% 2592 MHz:   0%)
CPU 2 idle residency:  97.66%
CPU 2 down residency:   0.00%
CPU 3 frequency: 1020 MHz
CPU 3 active residency:   0.93% (1020 MHz: .93% 1404 MHz:   0% 1788 MHz:   0% 2112 MHz:   0% 2352 MHz:   0% 2532 MHz:   0% 2592 MHz:   0%)
CPU 3 idle residency:  99.07%
CPU 3 down residency:   0.00%

P0-Cluster Online: 100%
P0-Cluster HW active frequency: 4386 MHz
P0-Cluster HW active residency: 100.00% (1260 MHz:   0% 1512 MHz:   0% 1800 MHz:   0% 2088 MHz:   0% 2352 MHz:   0% 2616 MHz:   0% 2868 MHz:   0% 3096 MHz:   0% 3300 MHz:   0% 3468 MHz:   0% 3624 MHz:   0% 3756 MHz:   0% 3852 MHz:   0% 3924 MHz: .30% 3996 MHz: .50% 4044 MHz:  25% 4104 MHz:   0% 4416 MHz: 3.2% 4512 MHz:  71%)
P0-Cluster idle residency:   0.00%
P0-Cluster down residency:   0.00%
CPU 4 frequency: 4512 MHz
CPU 4 active residency:  26.90% (1260 MHz:   0% 1512 MHz:   0% 1800 MHz:   0% 2088 MHz:   0% 2352 MHz:   0% 2616 MHz:   0% 2868 MHz:   0% 3096 MHz:   0% 3300 MHz:   0% 3468 MHz:   0% 3624 MHz:   0% 3756 MHz:   0% 3852 MHz:   0% 3924 MHz:   0% 3996 MHz:   0% 4044 MHz:   0% 4104 MHz:   0% 4416 MHz:   0% 4512 MHz:  27%)
CPU 4 idle residency:  73.10%
CPU 4 down residency:   0.00%
CPU 5 frequency: 4512 MHz
CPU 5 active residency:  38.53% (1260 MHz:   0% 1512 MHz:   0% 1800 MHz:   0% 2088 MHz:   0% 2352 MHz:   0% 2616 MHz:   0% 2868 MHz:   0% 3096 MHz:   0% 3300 MHz:   0% 3468 MHz:   0% 3624 MHz:   0% 3756 MHz:   0% 3852 MHz:   0% 3924 MHz:   0% 3996 MHz:   0% 4044 MHz:   0% 4104 MHz:   0% 4416 MHz:   0% 4512 MHz:  39%)
CPU 5 idle residency:  61.47%
CPU 5 down residency:   0.00%
CPU 6 frequency: 4512 MHz
CPU 6 active residency:  11.13% (1260 MHz:   0% 1512 MHz:   0% 1800 MHz:   0% 2088 MHz:   0% 2352 MHz:   0% 2616 MHz:   0% 2868 MHz:   0% 3096 MHz:   0% 3300 MHz:   0% 3468 MHz:   0% 3624 MHz:   0% 3756 MHz:   0% 3852 MHz:   0% 3924 MHz:   0% 3996 MHz:   0% 4044 MHz:   0% 4104 MHz:   0% 4416 MHz:   0% 4512 MHz:  11%)
CPU 6 idle residency:  88.87%
CPU 6 down residency:   0.00%
CPU 7 frequency: 4512 MHz
CPU 7 active residency:  27.33% (1260 MHz:   0% 1512 MHz:   0% 1800 MHz:   0% 2088 MHz:   0% 2352 MHz:   0% 2616 MHz:   0% 2868 MHz:   0% 3096 MHz:   0% 3300 MHz:   0% 3468 MHz:   0% 3624 MHz:   0% 3756 MHz:   0% 3852 MHz:   0% 3924 MHz:   0% 3996 MHz:   0% 4044 MHz:   0% 4104 MHz:   0% 4416 MHz:   0% 4512 MHz:  27%)
CPU 7 idle residency:  72.67%
CPU 7 down residency:   0.00%

P1-Cluster HW active frequency: 0 MHz
P1-Cluster HW active residency:   0.00% (1260 MHz:   0% 1512 MHz:   0% 1800 MHz:   0% 2088 MHz:   0% 2352 MHz:   0% 2616 MHz:   0% 2868 MHz:   0% 3096 MHz:   0% 3300 MHz:   0% 3468 MHz:   0% 3624 MHz:   0% 3756 MHz:   0% 3852 MHz:   0% 3924 MHz:   0% 3996 MHz:   0% 4044 MHz:   0% 4104 MHz:   0% 4416 MHz:   0% 4512 MHz:   0%)
P1-Cluster idle residency:   0.00%
P1-Cluster down residency: 100.00%
CPU 8 frequency: 0 MHz
CPU 8 active residency:   0.00% (1260 MHz:   0% 1512 MHz:   0% 1800 MHz:   0% 2088 MHz:   0% 2352 MHz:   0% 2616 MHz:   0% 2868 MHz:   0% 3096 MHz:   0% 3300 MHz:   0% 3468 MHz:   0% 3624 MHz:   0% 3756 MHz:   0% 3852 MHz:   0% 3924 MHz:   0% 3996 MHz:   0% 4044 MHz:   0% 4104 MHz:   0% 4416 MHz:   0% 4512 MHz:   0%)
CPU 8 idle residency:   0.00%
CPU 8 down residency: 100.00%
CPU 9 frequency: 0 MHz
CPU 9 active residency:   0.00% (1260 MHz:   0% 1512 MHz:   0% 1800 MHz:   0% 2088 MHz:   0% 2352 MHz:   0% 2616 MHz:   0% 2868 MHz:   0% 3096 MHz:   0% 3300 MHz:   0% 3468 MHz:   0% 3624 MHz:   0% 3756 MHz:   0% 3852 MHz:   0% 3924 MHz:   0% 3996 MHz:   0% 4044 MHz:   0% 4104 MHz:   0% 4416 MHz:   0% 4512 MHz:   0%)
CPU 9 idle residency:   0.00%
CPU 9 down residency: 100.00%
CPU 10 frequency: 0 MHz
CPU 10 active residency:   0.00% (1260 MHz:   0% 1512 MHz:   0% 1800 MHz:   0% 2088 MHz:   0% 2352 MHz:   0% 2616 MHz:   0% 2868 MHz:   0% 3096 MHz:   0% 3300 MHz:   0% 3468 MHz:   0% 3624 MHz:   0% 3756 MHz:   0% 3852 MHz:   0% 3924 MHz:   0% 3996 MHz:   0% 4044 MHz:   0% 4104 MHz:   0% 4416 MHz:   0% 4512 MHz:   0%)
CPU 10 idle residency:   0.00%
CPU 10 down residency: 100.00%
CPU 11 frequency: 0 MHz
CPU 11 active residency:   0.00% (1260 MHz:   0% 1512 MHz:   0% 1800 MHz:   0% 2088 MHz:   0% 2352 MHz:   0% 2616 MHz:   0% 2868 MHz:   0% 3096 MHz:   0% 3300 MHz:   0% 3468 MHz:   0% 3624 MHz:   0% 3756 MHz:   0% 3852 MHz:   0% 3924 MHz:   0% 3996 MHz:   0% 4044 MHz:   0% 4104 MHz:   0% 4416 MHz:   0% 4512 MHz:   0%)
CPU 11 idle residency:   0.00%
CPU 11 down residency: 100.00%

CPU Power: 4672 mW
GPU Power: 0 mW
ANE Power: 0 mW
Combined Power (CPU + GPU + ANE): 4672 mW


*** Sampled system activity (Tue Sep 29 17:00:12 2026 -0300) (514.91ms elapsed) ***


**** Processor usage ****

E-Cluster Online: 100%
E-Cluster HW active frequency: 1231 MHz
E-Cluster HW active residency:  17.92% (1020 MHz:  14% 1404 MHz: .77% 1788 MHz: 1.9% 2112 MHz: .81% 2352 MHz: .10% 2532 MHz: .53% 2592 MHz: .11%)
E-Cluster idle residency:  82.08%
E-Cluster down residency:   0.00%
CPU 0 frequency: 1192 MHz
CPU 0 active residency:   5.51% (1020 MHz: 4.7% 1404 MHz: .05% 1788 MHz: .30% 2112 MHz: .08% 2352 MHz: .05% 2532 MHz: .28% 2592 MHz: .07%)
CPU 0 idle residency:  94.49%
CPU 0 down residency:   0.00%
CPU 1 frequency: 1243 MHz
CPU 1 active residency:   4.91% (1020 MHz: 4.0% 1404 MHz: .03% 1788 MHz: .29% 2112 MHz: .06% 2352 MHz: .06% 2532 MHz: .46% 2592 MHz: .02%)
CPU 1 idle residency:  95.09%
CPU 1 down residency:   0.00%
CPU 2 frequency: 1554 MHz
CPU 2 active residency:   5.09% (1020 MHz: 1.7% 1404 MHz: .77% 1788 MHz: 1.6% 2112 MHz: .75% 2352 MHz:   0% 2532 MHz: .27% 2592 MHz: .00%)
CPU 2 idle residency:  94.91%
CPU 2 down residency:   0.00%
CPU 3 frequency: 1098 MHz
CPU 3 active residency:   4.63% (1020 MHz: 4.4% 1404 MHz:   0% 1788 MHz:   0% 2112 MHz: .01% 2352 MHz:   0% 2532 MHz: .23% 2592 MHz: .00%)
CPU 3 idle residency:  95.37%
CPU 3 down residency:   0.00%

P0-Cluster Online: 100%
P0-Cluster HW active frequency: 4387 MHz
P0-Cluster HW active residency:  99.41% (1260 MHz: .04% 1512 MHz:   0% 1800 MHz:   0% 2088 MHz:   0% 2352 MHz:   0% 2616 MHz:   0% 2868 MHz:   0% 3096 MHz:   0% 3300 MHz:   0% 3468 MHz:   0% 3624 MHz:   0% 3756 MHz:   0% 3852 MHz:   0% 3924 MHz: .90% 3996 MHz: .69% 4044 MHz:  23% 4104 MHz:   0% 4416 MHz: 4.8% 4512 MHz:  69%)
P0-Cluster idle residency:   0.59%
P0-Cluster down residency:   0.00%
CPU 4 frequency: 4512 MHz
CPU 4 active residency:  27.82% (1260 MHz: .00% 1512 MHz:   0% 1800 MHz:   0% 2088 MHz:   0% 2352 MHz:   0% 2616 MHz:   0% 2868 MHz:   0% 3096 MHz:   0% 3300 MHz:   0% 3468 MHz:   0% 3624 MHz:   0% 3756 MHz:   0% 3852 MHz:   0% 3924 MHz:   0% 3996 MHz:   0% 4044 MHz:   0% 4104 MHz:   0% 4416 MHz:   0% 4512 MHz:  28%)
CPU 4 idle residency:  72.18%
CPU 4 down residency:   0.00%
CPU 5 frequency: 4510 MHz
CPU 5 active residency:  24.41% (1260 MHz: .02% 1512 MHz:   0% 1800 MHz:   0% 2088 MHz:   0% 2352 MHz:   0% 2616 MHz:   0% 2868 MHz:   0% 3096 MHz:   0% 3300 MHz:   0% 3468 MHz:   0% 3624 MHz:   0% 3756 MHz:   0% 3852 MHz:   0% 3924 MHz:   0% 3996 MHz:   0% 4044 MHz:   0% 4104 MHz:   0% 4416 MHz:   0% 4512 MHz:  24%)
CPU 5 idle residency:  75.59%
CPU 5 down residency:   0.00%
CPU 6 frequency: 4512 MHz
CPU 6 active residency:  25.72% (1260 MHz:   0% 1512 MHz:   0% 1800 MHz:   0% 2088 MHz:   0% 2352 MHz:   0% 2616 MHz:   0% 2868 MHz:   0% 3096 MHz:   0% 3300 MHz:   0% 3468 MHz:   0% 3624 MHz:   0% 3756 MHz:   0% 3852 MHz:   0% 3924 MHz:   0% 3996 MHz:   0% 4044 MHz:   0% 4104 MHz:   0% 4416 MHz:   0% 4512 MHz:  26%)
CPU 6 idle residency:  74.28%
CPU 6 down residency:   0.00%
CPU 7 frequency: 4512 MHz
CPU 7 active residency:  28.40% (1260 MHz:   0% 1512 MHz:   0% 1800 MHz:   0% 2088 MHz:   0% 2352 MHz:   0% 2616 MHz:   0% 2868 MHz:   0% 3096 MHz:   0% 3300 MHz:   0% 3468 MHz:   0% 3624 MHz:   0% 3756 MHz:   0% 3852 MHz:   0% 3924 MHz:   0% 3996 MHz:   0% 4044 MHz:   0% 4104 MHz:   0% 4416 MHz:   0% 4512 MHz:  28%)
CPU 7 idle residency:  71.60%
CPU 7 down residency:   0.00%

P1-Cluster HW active frequency: 4026 MHz
P1-Cluster HW active residency:   1.43% (1260 MHz: .20% 1512 MHz:   0% 1800 MHz:   0% 2088 MHz:   0% 2352 MHz:   0% 2616 MHz:   0% 2868 MHz:   0% 3096 MHz:   0% 3300 MHz:   0% 3468 MHz:   0% 3624 MHz:   0% 3756 MHz:   0% 3852 MHz:   0% 3924 MHz: .05% 3996 MHz:   0% 4044 MHz:   0% 4104 MHz:   0% 4416 MHz: .08% 4512 MHz: 1.1%)
P1-Cluster idle residency:   1.55%
P1-Cluster down residency:  97.02%
CPU 8 frequency: 0 MHz
CPU 8 active residency:   0.00% (1260 MHz:   0% 1512 MHz:   0% 1800 MHz:   0% 2088 MHz:   0% 2352 MHz:   0% 2616 MHz:   0% 2868 MHz:   0% 3096 MHz:   0% 3300 MHz:   0% 3468 MHz:   0% 3624 MHz:   0% 3756 MHz:   0% 3852 MHz:   0% 3924 MHz:   0% 3996 MHz:   0% 4044 MHz:   0% 4104 MHz:   0% 4416 MHz:   0% 4512 MHz:   0%)
CPU 8 idle residency:   1.90%
CPU 8 down residency:  98.10%
CPU 9 frequency: 0 MHz
CPU 9 active residency:   0.00% (1260 MHz:   0% 1512 MHz:   0% 1800 MHz:   0% 2088 MHz:   0% 2352 MHz:   0% 2616 MHz:   0% 2868 MHz:   0% 3096 MHz:   0% 3300 MHz:   0% 3468 MHz:   0% 3624 MHz:   0% 3756 MHz:   0% 3852 MHz:   0% 3924 MHz:   0% 3996 MHz:   0% 4044 MHz:   0% 4104 MHz:   0% 4416 MHz:   0% 4512 MHz:   0%)
CPU 9 idle residency:   2.75%
CPU 9 down residency:  97.25%
CPU 10 frequency: 0 MHz
CPU 10 active residency:   0.00% (1260 MHz:   0% 1512 MHz:   0% 1800 MHz:   0% 2088 MHz:   0% 2352 MHz:   0% 2616 MHz:   0% 2868 MHz:   0% 3096 MHz:   0% 3300 MHz:   0% 3468 MHz:   0% 3624 MHz:   0% 3756 MHz:   0% 3852 MHz:   0% 3924 MHz:   0% 3996 MHz:   0% 4044 MHz:   0% 4104 MHz:   0% 4416 MHz:   0% 4512 MHz:   0%)
CPU 10 idle residency:   2.80%
CPU 10 down residency:  97.20%
CPU 11 frequency: 0 MHz
CPU 11 active residency:   0.00% (1260 MHz:   0% 1512 MHz:   0% 1800 MHz:   0% 2088 MHz:   0% 2352 MHz:   0% 2616 MHz:   0% 2868 MHz:   0% 3096 MHz:   0% 3300 MHz:   0% 3468 MHz:   0% 3624 MHz:   0% 3756 MHz:   0% 3852 MHz:   0% 3924 MHz:   0% 3996 MHz:   0% 4044 MHz:   0% 4104 MHz:   0% 4416 MHz:   0% 4512 MHz:   0%)
CPU 11 idle residency:   2.81%
CPU 11 down residency:  97.19%

CPU Power: 4812 mW
GPU Power: 0 mW
ANE Power: 0 mW
Combined Power (CPU + GPU + ANE): 4812 mW


*** Sampled system activity (Tue Sep 29 17:00:13 2026 -0300) (513.89ms elapsed) ***


**** Processor usage ****

E-Cluster Online: 100%
E-Cluster HW active frequency: 1053 MHz
E-Cluster HW active residency:  11.90% (1020 MHz:  12% 1404 MHz:   0% 1788 MHz:   0% 2112 MHz:   0% 2352 MHz:   0% 2532 MHz:   0% 2592 MHz: .25%)
E-Cluster idle residency:  88.10%
E-Cluster down residency:   0.00%
CPU 0 frequency: 1042 MHz
CPU 0 active residency:   7.20% (1020 MHz: 7.1% 1404 MHz:   0% 1788 MHz:   0% 2112 MHz:   0% 2352 MHz:   0% 2532 MHz:   0% 2592 MHz: .10%)
CPU 0 idle residency:  92.80%
CPU 0 down residency:   0.00%
CPU 1 frequency: 1056 MHz
CPU 1 active residency:   4.16% (1020 MHz: 4.1% 1404 MHz:   0% 1788 MHz:   0% 2112 MHz:   0% 2352 MHz:   0% 2532 MHz:   0% 2592 MHz: .09%)
CPU 1 idle residency:  95.84%
CPU 1 down residency:   0.00%
CPU 2 frequency: 1073 MHz
CPU 2 active residency:   2.43% (1020 MHz: 2.3% 1404 MHz:   0% 1788 MHz:   0% 2112 MHz:   0% 2352 MHz:   0% 2532 MHz:   0% 2592 MHz: .08%)
CPU 2 idle residency:  97.57%
CPU 2 down residency:   0.00%
CPU 3 frequency: 1140 MHz
CPU 3 active residency:   0.96% (1020 MHz: .89% 1404 MHz:   0% 1788 MHz:   0% 2112 MHz:   0% 2352 MHz:   0% 2532 MHz:   0% 2592 MHz: .07%)
CPU 3 idle residency:  99.04%
CPU 3 down residency:   0.00%

P0-Cluster Online: 100%
P0-Cluster HW active frequency: 4402 MHz
P0-Cluster HW active residency: 100.00% (1260 MHz:   0% 1512 MHz:   0% 1800 MHz:   0% 2088 MHz:   0% 2352 MHz:   0% 2616 MHz:   0% 2868 MHz:   0% 3096 MHz:   0% 3300 MHz:   0% 3468 MHz:   0% 3624 MHz:   0% 3756 MHz:   0% 3852 MHz:   0% 3924 MHz: .45% 3996 MHz: .70% 4044 MHz:  22% 4104 MHz:   0% 4416 MHz: 3.0% 4512 MHz:  74%)
P0-Cluster idle residency:   0.00%
P0-Cluster down residency:   0.00%
CPU 4 frequency: 4512 MHz
CPU 4 active residency:  23.69% (1260 MHz:   0% 1512 MHz:   0% 1800 MHz:   0% 2088 MHz:   0% 2352 MHz:   0% 2616 MHz:   0% 2868 MHz:   0% 3096 MHz:   0% 3300 MHz:   0% 3468 MHz:   0% 3624 MHz:   0% 3756 MHz:   0% 3852 MHz:   0% 3924 MHz:   0% 3996 MHz:   0% 4044 MHz:   0% 4104 MHz:   0% 4416 MHz:   0% 4512 MHz:  24%)
CPU 4 idle residency:  76.31%
CPU 4 down residency:   0.00%
CPU 5 frequency: 4512 MHz
CPU 5 active residency:  16.36% (1260 MHz:   0% 1512 MHz:   0% 1800 MHz:   0% 2088 MHz:   0% 2352 MHz:   0% 2616 MHz:   0% 2868 MHz:   0% 3096 MHz:   0% 3300 MHz:   0% 3468 MHz:   0% 3624 MHz:   0% 3756 MHz:   0% 3852 MHz:   0% 3924 MHz:   0% 3996 MHz:   0% 4044 MHz:   0% 4104 MHz:   0% 4416 MHz:   0% 4512 MHz:  16%)
CPU 5 idle residency:  83.64%
CPU 5 down residency:   0.00%
CPU 6 frequency: 4512 MHz
CPU 6 active residency:  46.24% (1260 MHz:   0% 1512 MHz:   0% 1800 MHz:   0% 2088 MHz:   0% 2352 MHz:   0% 2616 MHz:   0% 2868 MHz:   0% 3096 MHz:   0% 3300 MHz:   0% 3468 MHz:   0% 3624 MHz:   0% 3756 MHz:   0% 3852 MHz:   0% 3924 MHz:   0% 3996 MHz:   0% 4044 MHz:   0% 4104 MHz:   0% 4416 MHz:   0% 4512 MHz:  46%)
CPU 6 idle residency:  53.76%
CPU 6 down residency:   0.00%
CPU 7 frequency: 4512 MHz
CPU 7 active residency:  17.98% (1260 MHz:   0% 1512 MHz:   0% 1800 MHz:   0% 2088 MHz:   0% 2352 MHz:   0% 2616 MHz:   0% 2868 MHz:   0% 3096 MHz:   0% 3300 MHz:   0% 3468 MHz:   0% 3624 MHz:   0% 3756 MHz:   0% 3852 MHz:   0% 3924 MHz:   0% 3996 MHz:   0% 4044 MHz:   0% 4104 MHz:   0% 4416 MHz:   0% 4512 MHz:  18%)
CPU 7 idle residency:  82.02%
CPU 7 down residency:   0.00%

P1-Cluster HW active frequency: 1260 MHz
P1-Cluster HW active residency:   0.10% (1260 MHz: .10% 1512 MHz:   0% 1800 MHz:   0% 2088 MHz:   0% 2352 MHz:   0% 2616 MHz:   0% 2868 MHz:   0% 3096 MHz:   0% 3300 MHz:   0% 3468 MHz:   0% 3624 MHz:   0% 3756 MHz:   0% 3852 MHz:   0% 3924 MHz:   0% 3996 MHz:   0% 4044 MHz:   0% 4104 MHz:   0% 4416 MHz:   0% 4512 MHz:   0%)
P1-Cluster idle residency:   1.49%
P1-Cluster down residency:  98.41%
CPU 8 frequency: 0 MHz
CPU 8 active residency:   0.00% (1260 MHz:   0% 1512 MHz:   0% 1800 MHz:   0% 2088 MHz:   0% 2352 MHz:   0% 2616 MHz:   0% 2868 MHz:   0% 3096 MHz:   0% 3300 MHz:   0% 3468 MHz:   0% 3624 MHz:   0% 3756 MHz:   0% 3852 MHz:   0% 3924 MHz:   0% 3996 MHz:   0% 4044 MHz:   0% 4104 MHz:   0% 4416 MHz:   0% 4512 MHz:   0%)
CPU 8 idle residency:   1.54%
CPU 8 down residency:  98.46%
CPU 9 frequency: 0 MHz
CPU 9 active residency:   0.00% (1260 MHz:   0% 1512 MHz:   0% 1800 MHz:   0% 2088 MHz:   0% 2352 MHz:   0% 2616 MHz:   0% 2868 MHz:   0% 3096 MHz:   0% 3300 MHz:   0% 3468 MHz:   0% 3624 MHz:   0% 3756 MHz:   0% 3852 MHz:   0% 3924 MHz:   0% 3996 MHz:   0% 4044 MHz:   0% 4104 MHz:   0% 4416 MHz:   0% 4512 MHz:   0%)
CPU 9 idle residency:   1.54%
CPU 9 down residency:  98.46%
CPU 10 frequency: 0 MHz
CPU 10 active residency:   0.00% (1260 MHz:   0% 1512 MHz:   0% 1800 MHz:   0% 2088 MHz:   0% 2352 MHz:   0% 2616 MHz:   0% 2868 MHz:   0% 3096 MHz:   0% 3300 MHz:   0% 3468 MHz:   0% 3624 MHz:   0% 3756 MHz:   0% 3852 MHz:   0% 3924 MHz:   0% 3996 MHz:   0% 4044 MHz:   0% 4104 MHz:   0% 4416 MHz:   0% 4512 MHz:   0%)
CPU 10 idle residency:   1.54%
CPU 10 down residency:  98.46%
CPU 11 frequency: 0 MHz
CPU 11 active residency:   0.00% (1260 MHz:   0% 1512 MHz:   0% 1800 MHz:   0% 2088 MHz:   0% 2352 MHz:   0% 2616 MHz:   0% 2868 MHz:   0% 3096 MHz:   0% 3300 MHz:   0% 3468 MHz:   0% 3624 MHz:   0% 3756 MHz:   0% 3852 MHz:   0% 3924 MHz:   0% 3996 MHz:   0% 4044 MHz:   0% 4104 MHz:   0% 4416 MHz:   0% 4512 MHz:   0%)
CPU 11 idle residency:   1.54%
CPU 11 down residency:  98.46%

CPU Power: 4748 mW
GPU Power: 0 mW
ANE Power: 0 mW
Combined Power (CPU + GPU + ANE): 4748 mW


*** Sampled system activity (Tue Sep 29 17:00:13 2026 -0300) (513.77ms elapsed) ***


**** Processor usage ****

E-Cluster Online: 100%
E-Cluster HW active frequency: 1074 MHz
E-Cluster HW active residency:  22.56% (1020 MHz:  21% 1404 MHz: .79% 1788 MHz: 1.2% 2112 MHz:   0% 2352 MHz:   0% 2532 MHz:   0% 2592 MHz:   0%)
E-Cluster idle residency:  77.44%
E-Cluster down residency:   0.00%
CPU 0 frequency: 1088 MHz
CPU 0 active residency:  12.15% (1020 MHz:  11% 1404 MHz: .73% 1788 MHz: .71% 2112 MHz:   0% 2352 MHz:   0% 2532 MHz:   0% 2592 MHz:   0%)
CPU 0 idle residency:  87.85%
CPU 0 down residency:   0.00%
CPU 1 frequency: 1099 MHz
CPU 1 active residency:  11.08% (1020 MHz: 9.6% 1404 MHz: .70% 1788 MHz: .80% 2112 MHz:   0% 2352 MHz:   0% 2532 MHz:   0% 2592 MHz:   0%)
CPU 1 idle residency:  88.92%
CPU 1 down residency:   0.00%
CPU 2 frequency: 1115 MHz
CPU 2 active residency:   4.99% (1020 MHz: 4.0% 1404 MHz: .70% 1788 MHz: .26% 2112 MHz:   0% 2352 MHz:   0% 2532 MHz:   0% 2592 MHz:   0%)
CPU 2 idle residency:  95.01%
CPU 2 down residency:   0.00%
CPU 3 frequency: 1257 MHz
CPU 3 active residency:   1.52% (1020 MHz: .67% 1404 MHz: .75% 1788 MHz: .09% 2112 MHz:   0% 2352 MHz:   0% 2532 MHz:   0% 2592 MHz:   0%)
CPU 3 idle residency:  98.48%
CPU 3 down residency:   0.00%

P0-Cluster Online: 94%
P0-Cluster HW active frequency: 4387 MHz
P0-Cluster HW active residency:  96.02% (1260 MHz:   0% 1512 MHz:   0% 1800 MHz:   0% 2088 MHz:   0% 2352 MHz:   0% 2616 MHz:   0% 2868 MHz:   0% 3096 MHz:   0% 3300 MHz:   0% 3468 MHz:   0% 3624 MHz:   0% 3756 MHz:   0% 3852 MHz:   0% 3924 MHz: .27% 3996 MHz: .56% 4044 MHz:  24% 4104 MHz:   0% 4416 MHz: 2.1% 4512 MHz:  69%)
P0-Cluster idle residency:   0.00%
P0-Cluster down residency:   3.98%
CPU 4 frequency: 0 MHz
CPU 4 active residency:   0.00% (1260 MHz:   0% 1512 MHz:   0% 1800 MHz:   0% 2088 MHz:   0% 2352 MHz:   0% 2616 MHz:   0% 2868 MHz:   0% 3096 MHz:   0% 3300 MHz:   0% 3468 MHz:   0% 3624 MHz:   0% 3756 MHz:   0% 3852 MHz:   0% 3924 MHz:   0% 3996 MHz:   0% 4044 MHz:   0% 4104 MHz:   0% 4416 MHz:   0% 4512 MHz:   0%)
CPU 4 idle residency:  94.85%
CPU 4 down residency:   5.15%
CPU 5 frequency: 4512 MHz
CPU 5 active residency:   1.44% (1260 MHz:   0% 1512 MHz:   0% 1800 MHz:   0% 2088 MHz:   0% 2352 MHz:   0% 2616 MHz:   0% 2868 MHz:   0% 3096 MHz:   0% 3300 MHz:   0% 3468 MHz:   0% 3624 MHz:   0% 3756 MHz:   0% 3852 MHz:   0% 3924 MHz:   0% 3996 MHz:   0% 4044 MHz:   0% 4104 MHz:   0% 4416 MHz:   0% 4512 MHz: 1.4%)
CPU 5 idle residency:  93.99%
CPU 5 down residency:   4.57%
CPU 6 frequency: 4512 MHz
CPU 6 active residency:   1.58% (1260 MHz:   0% 1512 MHz:   0% 1800 MHz:   0% 2088 MHz:   0% 2352 MHz:   0% 2616 MHz:   0% 2868 MHz:   0% 3096 MHz:   0% 3300 MHz:   0% 3468 MHz:   0% 3624 MHz:   0% 3756 MHz:   0% 3852 MHz:   0% 3924 MHz:   0% 3996 MHz:   0% 4044 MHz:   0% 4104 MHz:   0% 4416 MHz:   0% 4512 MHz: 1.6%)
CPU 6 idle residency:  93.40%
CPU 6 down residency:   5.03%
CPU 7 frequency: 0 MHz
CPU 7 active residency:   0.00% (1260 MHz:   0% 1512 MHz:   0% 1800 MHz:   0% 2088 MHz:   0% 2352 MHz:   0% 2616 MHz:   0% 2868 MHz:   0% 3096 MHz:   0% 3300 MHz:   0% 3468 MHz:   0% 3624 MHz:   0% 3756 MHz:   0% 3852 MHz:   0% 3924 MHz:   0% 3996 MHz:   0% 4044 MHz:   0% 4104 MHz:   0% 4416 MHz:   0% 4512 MHz:   0%)
CPU 7 idle residency:  92.94%
CPU 7 down residency:   7.06%

P1-Cluster HW active frequency: 4439 MHz
P1-Cluster HW active residency:   4.04% (1260 MHz: .06% 1512 MHz:   0% 1800 MHz:   0% 2088 MHz:   0% 2352 MHz:   0% 2616 MHz:   0% 2868 MHz:   0% 3096 MHz:   0% 3300 MHz:   0% 3468 MHz:   0% 3624 MHz:   0% 3756 MHz:   0% 3852 MHz:   0% 3924 MHz: .02% 3996 MHz:   0% 4044 MHz:   0% 4104 MHz:   0% 4416 MHz: .76% 4512 MHz: 3.2%)
P1-Cluster idle residency:   0.04%
P1-Cluster down residency:  95.92%
CPU 8 frequency: 4348 MHz
CPU 8 active residency:   4.42% (1260 MHz: .22% 1512 MHz:   0% 1800 MHz:   0% 2088 MHz:   0% 2352 MHz:   0% 2616 MHz:   0% 2868 MHz:   0% 3096 MHz:   0% 3300 MHz:   0% 3468 MHz:   0% 3624 MHz:   0% 3756 MHz:   0% 3852 MHz:   0% 3924 MHz:   0% 3996 MHz:   0% 4044 MHz:   0% 4104 MHz:   0% 4416 MHz:   0% 4512 MHz: 4.2%)
CPU 8 idle residency:   0.02%
CPU 8 down residency:  95.56%
CPU 9 frequency: 3953 MHz
CPU 9 active residency:   1.10% (1260 MHz: .19% 1512 MHz:   0% 1800 MHz:   0% 2088 MHz:   0% 2352 MHz:   0% 2616 MHz:   0% 2868 MHz:   0% 3096 MHz:   0% 3300 MHz:   0% 3468 MHz:   0% 3624 MHz:   0% 3756 MHz:   0% 3852 MHz:   0% 3924 MHz:   0% 3996 MHz:   0% 4044 MHz:   0% 4104 MHz:   0% 4416 MHz:   0% 4512 MHz: .91%)
CPU 9 idle residency:   3.30%
CPU 9 down residency:  95.60%
CPU 10 frequency: 2788 MHz
CPU 10 active residency:   0.35% (1260 MHz: .19% 1512 MHz:   0% 1800 MHz:   0% 2088 MHz:   0% 2352 MHz:   0% 2616 MHz:   0% 2868 MHz:   0% 3096 MHz:   0% 3300 MHz:   0% 3468 MHz:   0% 3624 MHz:   0% 3756 MHz:   0% 3852 MHz:   0% 3924 MHz:   0% 3996 MHz:   0% 4044 MHz:   0% 4104 MHz:   0% 4416 MHz:   0% 4512 MHz: .16%)
CPU 10 idle residency:   4.00%
CPU 10 down residency:  95.65%
CPU 11 frequency: 2329 MHz
CPU 11 active residency:   0.28% (1260 MHz: .19% 1512 MHz:   0% 1800 MHz:   0% 2088 MHz:   0% 2352 MHz:   0% 2616 MHz:   0% 2868 MHz:   0% 3096 MHz:   0% 3300 MHz:   0% 3468 MHz:   0% 3624 MHz:   0% 3756 MHz:   0% 3852 MHz:   0% 3924 MHz:   0% 3996 MHz:   0% 4044 MHz:   0% 4104 MHz:   0% 4416 MHz:   0% 4512 MHz: .09%)
CPU 11 idle residency:   4.06%
CPU 11 down residency:  95.66%

CPU Power: 4708 mW
GPU Power: 0 mW
ANE Power: 0 mW
Combined Power (CPU + GPU + ANE): 4708 mW
### FIM_EXECUCAO 2026-09-29 17:00:14 status=0
